topic_id,topic_label,topic_weights,sentiment_score,bid
3,民生服务,"{'1': 0.1, '2': 0.0, '3': 0.9, '4': 0.0}",0.9,R066w2eMW
4,公众反馈/举报,"{'1': 0.0, '2': 0.0, '3': 0.0, '4': 1.0}",-1.0,R03W4EUP5
3,民生服务,"{'1': 0.0, '2': 0.0, '3': 1.0, '4': 0.0}",0.5,R07LBf6KC
4,公众反馈/举报,"{'1': 0.0, '2': 0.0, '3': 0.0, '4': 1.0}",-0.9,R03Fi19JB
1,政务发布,"{'1': 1.0, '2': 0.0, '3': 0.0, '4': 0.0}",1.0,R07Remu2K
1,政务发布,"{'1': 1.0, '2': 0.0, '3': 0.0, '4': 0.0}",0.8,R098i5uCg
1,政务发布,"{'1': 1.0, '2': 0.0, '3': 0.0, '4': 0.0}",0.5,R0621FQer
1,政务发布,"{'1': 1.0, '2': 0.0, '3': 0.0, '4': 0.0}",0.9,R07nRfuZl
4,公众反馈/举报,"{'1': 0.0, '2': 0.2, '3': 0.0, '4': 0.8}",-0.7,R07VtDnt1
4,公众反馈/举报,"{'1': 0.0, '2': 0.0, '3': 0.0, '4': 1.0}",-0.9,R085qCC8l
1,政务发布,"{'1': 1.0, '2': 0.0, '3': 0.0, '4': 0.0}",0.9,R08Vj5P7K
1,政务发布,"{'1': 1.0, '2': 0.0, '3': 0.0, '4': 0.0}",0.5,R0970lIWL
1,政务发布,"{'1': 1.0, '2': 0.0, '3': 0.0, '4': 0.0}",0.8,R07UsgxX5
1,政务发布,"{'1': 1.0, '2': 0.0, '3': 0.0, '4': 0.0}",0.5,R06kypuPt
4,公众反馈/举报,"{'1': 0.0, '2': 0.0, '3': 0.0, '4': 1.0}",0.0,R06FzC9n9
1,政务发布,"{'1': 1.0, '2': 0.0, '3': 0.0, '4': 0.0}",1.0,R05Uh54hk
4,公众反馈/举报,"{'1': 0.0, '2': 0.0, '3': 0.0, '4': 1.0}",-0.5,R09a83zaX
2,城市问题,"{'1': 0.0, '2': 1.0, '3': 0.0, '4': 0.0}",0.5,R097ZvEq6
4,公众反馈/举报,"{'1': 0.0, '2': 0.0, '3': 0.0, '4': 1.0}",0.0,R08XPF779
1,政务发布,"{'1': 1.0, '2': 0.0, '3': 0.0, '4': 0.0}",1.0,R08srgUzJ
4,公众反馈/举报,"{'1': 0.0, '2': 0.0, '3': 0.2, '4': 0.8}",0.9,R08AVkYyu
1,政务发布,"{'1': 1.0, '2': 0.0, '3': 0.0, '4': 0.0}",0.8,R08V2Fzai
3,民生服务,"{'1': 0.0, '2': 0.0, '3': 1.0, '4': 0.0}",0.6,R2jm28vvF
1,政务发布,"{'1': 1.0, '2': 0.0, '3': 0.0, '4': 0.0}",0.6,R2iVh8lLs
4,公众反馈/举报,"{'1': 0.0, '2': 0.0, '3': 0.0, '4': 1.0}",-0.8,R2gbDuaJQ
4,公众反馈/举报,"{'1': 0.0, '2': 0.0, '3': 0.0, '4': 1.0}",0.0,R2fV1Bb6u
4,公众反馈/举报,"{'1': 0.0, '2': 0.0, '3': 0.0, '4': 1.0}",0.0,R2g9vFBiw
1,政务发布,"{'1': 1.0, '2': 0.0, '3': 0.0, '4': 0.0}",0.0,R2dgI178r
4,公众反馈/举报,"{'1': 0.0, '2': 0.0, '3': 0.0, '4': 1.0}",-0.3,R2jf8sdwb
1,政务发布,"{'1': 1.0, '2': 0.0, '3': 0.0, '4': 0.0}",0.5,QFl8ff8S0
1,政务发布,"{'1': 1.0, '2': 0.0, '3': 0.0, '4': 0.0}",0.7,QFlaglkGr
1,政务发布,"{'1': 1.0, '2': 0.0, '3': 0.0, '4': 0.0}",0.0,QFkGS4B5Q
1,政务发布,"{'1': 1.0, '2': 0.0, '3': 0.0, '4': 0.0}",1.0,QFhDJDisB
1,政务发布,"{'1': 1.0, '2': 0.0, '3': 0.0, '4': 0.0}",0.8,QFljsC5u7
1,政务发布,"{'1': 1.0, '2': 0.0, '3': 0.0, '4': 0.0}",0.8,QFi79xIev
2,城市问题,"{'1': 0.0, '2': 1.0, '3': 0.0, '4': 0.0}",0.9,QFjrKFNbu
1,政务发布,"{'1': 1.0, '2': 0.0, '3': 0.0, '4': 0.0}",0.8,QFi56dxyB
1,政务发布,"{'1': 1.0, '2': 0.0, '3': 0.0, '4': 0.0}",-0.3,QFlKatXXq
2,城市问题,"{'1': 0.0, '2': 0.8, '3': 0.0, '4': 0.2}",-0.6,QFicH4utZ
3,民生服务,"{'1': 0.0, '2': 0.0, '3': 1.0, '4': 0.0}",0.0,QFneWo1Hh
1,政务发布,"{'1': 1.0, '2': 0.0, '3': 0.0, '4': 0.0}",0.2,QFmt7pYSP
4,公众反馈/举报,"{'1': 0.0, '2': 0.0, '3': 0.0, '4': 1.0}",-1.0,QFlFPErRU
4,公众反馈/举报,"{'1': 0.0, '2': 0.0, '3': 0.0, '4': 1.0}",-0.5,QFlHBhadA
1,政务发布,"{'1': 1.0, '2': 0.0, '3': 0.0, '4': 0.0}",0.8,QFkSS9Iyh
1,政务发布,"{'1': 1.0, '2': 0.0, '3': 0.0, '4': 0.0}",0.0,QFkSk9HCD
1,政务发布,"{'1': 1.0, '2': 0.0, '3': 0.0, '4': 0.0}",0.5,QFk9rlPoV
1,政务发布,"{'1': 1.0, '2': 0.0, '3': 0.0, '4': 0.0}",0.5,QFkx8FKaI
4,公众反馈/举报,"{'1': 0.0, '2': 0.0, '3': 0.0, '4': 1.0}",0.0,QFhq9cD0M
4,公众反馈/举报,"{'1': 0.0, '2': 0.0, '3': 0.0, '4': 1.0}",0.2,QFlXiyKwd
1,政务发布,"{'1': 1.0, '2': 0.0, '3': 0.0, '4': 0.0}",0.8,QFm8TuIPV
4,公众反馈/举报,"{'1': 0.0, '2': 0.0, '3': 0.0, '4': 1.0}",-0.9,QFjNBp8dp
3,民生服务,"{'1': 0.0, '2': 0.0, '3': 1.0, '4': 0.0}",0.0,QFnrIdHaV
4,公众反馈/举报,"{'1': 0.0, '2': 0.0, '3': 0.0, '4': 1.0}",-0.5,QFiLedEHk
3,民生服务,"{'1': 0.0, '2': 0.0, '3': 1.0, '4': 0.0}",0.0,QFnk4AqP0
4,公众反馈/举报,"{'1': 0.0, '2': 0.0, '3': 0.0, '4': 1.0}",-1.0,QFhCFyzdz
4,公众反馈/举报,"{'1': 0.0, '2': 0.0, '3': 0.0, '4': 1.0}",0.0,QFkXOwQoa
4,公众反馈/举报,"{'1': 0.0, '2': 0.0, '3': 0.0, '4': 1.0}",0.0,QFncyAYoP
1,政务发布,"{'1': 1.0, '2': 0.0, '3': 0.0, '4': 0.0}",-0.2,QFkVkjfcc
1,政务发布,"{'1': 1.0, '2': 0.0, '3': 0.0, '4': 0.0}",0.8,QFjL7fWPW
4,公众反馈/举报,"{'1': 0.0, '2': 0.0, '3': 0.0, '4': 1.0}",-0.6,QFiZQ1oyg
4,公众反馈/举报,"{'1': 0.0, '2': 0.0, '3': 0.0, '4': 1.0}",0.0,QFh9iBsFT
1,政务发布,"{'1': 1.0, '2': 0.0, '3': 0.0, '4': 0.0}",0.8,R2idPyESg
1,政务发布,"{'1': 1.0, '2': 0.0, '3': 0.0, '4': 0.0}",1.0,R2iCQbCmw
3,民生服务,"{'1': 0.0, '2': 0.0, '3': 1.0, '4': 0.0}",0.0,R2jlHd01K
1,政务发布,"{'1': 1.0, '2': 0.0, '3': 0.0, '4': 0.0}",0.6,R2edhj5jb
1,政务发布,"{'1': 1.0, '2': 0.0, '3': 0.0, '4': 0.0}",0.8,R2fm5dmBS
4,公众反馈/举报,"{'1': 0.0, '2': 0.0, '3': 0.0, '4': 1.0}",-0.3,R2jfMrf9Y
4,公众反馈/举报,"{'1': 0.0, '2': 0.0, '3': 0.0, '4': 1.0}",-0.2,R2dAt8LtI
4,公众反馈/举报,"{'1': 0.0, '2': 0.2, '3': 0.1, '4': 0.7}",-0.9,R2gWU56nV
1,政务发布,"{'1': 1.0, '2': 0.0, '3': 0.0, '4': 0.0}",0.9,R2fcsfgKF
4,公众反馈/举报,"{'1': 0.0, '2': 0.0, '3': 0.0, '4': 1.0}",0.0,R00TweEgB
1,政务发布,"{'1': 1.0, '2': 0.0, '3': 0.0, '4': 0.0}",0.0,QFU7bxPOj
4,公众反馈/举报,"{'1': 0.0, '2': 0.0, '3': 0.0, '4': 1.0}",0.9,QFUsBC235
4,公众反馈/举报,"{'1': 0.0, '2': 0.0, '3': 0.0, '4': 1.0}",0.0,R01Aagbnr
4,公众反馈/举报,"{'1': 0.0, '2': 0.0, '3': 0.0, '4': 1.0}",-0.6,R009tvO3d
1,政务发布,"{'1': 1.0, '2': 0.0, '3': 0.0, '4': 0.0}",0.3,QFWvBhWYj
4,公众反馈/举报,"{'1': 0.0, '2': 0.0, '3': 0.0, '4': 1.0}",0.6,R009tvO3d
4,公众反馈/举报,"{'1': 0.0, '2': 0.0, '3': 0.0, '4': 1.0}",0.8,R01F1zIU8
1,政务发布,"{'1': 1.0, '2': 0.0, '3': 0.0, '4': 0.0}",0.8,QFU7bxPOj
4,公众反馈/举报,"{'1': 0.0, '2': 0.0, '3': 0.0, '4': 1.0}",0.8,QFUsBC235
3,民生服务,"{'1': 0.0, '2': 0.0, '3': 1.0, '4': 0.0}",0.0,R00TweEgB
4,公众反馈/举报,"{'1': 0.0, '2': 0.0, '3': 0.0, '4': 1.0}",-1.0,R01Aagbnr
1,政务发布,"{'1': 1.0, '2': 0.0, '3': 0.0, '4': 0.0}",0.0,QFWvBhWYj
4,公众反馈/举报,"{'1': 0.0, '2': 0.0, '3': 0.0, '4': 1.0}",0.2,R00l0iw4C
1,政务发布,"{'1': 1.0, '2': 0.0, '3': 0.0, '4': 0.0}",0.9,R00Pm94pm
1,政务发布,"{'1': 1.0, '2': 0.0, '3': 0.0, '4': 0.0}",0.9,R01F1zIU8
1,政务发布,"{'1': 1.0, '2': 0.0, '3': 0.0, '4': 0.0}",1.0,R00oLr2Hc
4,公众反馈/举报,"{'1': 0.0, '2': 0.0, '3': 0.0, '4': 1.0}",-0.8,R01ju1RqJ
2,城市问题,"{'1': 0.0, '2': 1.0, '3': 0.0, '4': 0.0}",0.0,QFWFKgmvG
4,公众反馈/举报,"{'1': 0.0, '2': 0.0, '3': 0.1, '4': 0.9}",-0.8,QFRuj6tut
3,民生服务,"{'1': 0.0, '2': 0.0, '3': 1.0, '4': 0.0}",0.8,QFTAEl8Eq
1,政务发布,"{'1': 1.0, '2': 0.0, '3': 0.0, '4': 0.0}",0.8,QFUf4EzJj
1,政务发布,"{'1': 1.0, '2': 0.0, '3': 0.0, '4': 0.0}",0.8,QFU9uhjXw
1,政务发布,"{'1': 1.0, '2': 0.0, '3': 0.0, '4': 0.0}",0.8,QFWTNaQXd
1,政务发布,"{'1': 1.0, '2': 0.0, '3': 0.0, '4': 0.0}",0.8,R00Pm94pm
4,公众反馈/举报,"{'1': 0.0, '2': 0.6, '3': 0.1, '4': 0.9}",-0.8,R010g0YKG
3,民生服务,"{'1': 0.0, '2': 0.0, '3': 1.0, '4': 0.0}",0.9,R00oLr2Hc
4,公众反馈/举报,"{'1': 0.0, '2': 0.0, '3': 0.0, '4': 1.0}",0.5,R00l0iw4C
2,城市问题,"{'1': 0.0, '2': 1.0, '3': 0.0, '4': 0.0}",-0.8,QFRuj6tut
4,公众反馈/举报,"{'1': 0.0, '2': 0.1, '3': 0.1, '4': 0.8}",-0.8,R01ju1RqJ
3,民生服务,"{'1': 0.0, '2': 0.0, '3': 1.0, '4': 0.0}",0.8,QFTAEl8Eq
4,公众反馈/举报,"{'1': 0.0, '2': 0.0, '3': 0.0, '4': 1.0}",0.0,QFWFKgmvG
1,政务发布,"{'1': 1.0, '2': 0.0, '3': 0.0, '4': 0.0}",1.0,QFWTNaQXd
1,政务发布,"{'1': 0.9, '2': 0.0, '3': 0.1, '4': 0.0}",0.8,QFUf4EzJj
1,政务发布,"{'1': 1.0, '2': 0.0, '3': 0.0, '4': 0.0}",1.0,QFU9uhjXw
4,公众反馈/举报,"{'1': 0.0, '2': 0.3, '3': 0.1, '4': 0.6}",-0.9,R010g0YKG
4,公众反馈/举报,"{'1': 0.0, '2': 0.1, '3': 0.0, '4': 0.9}",-1.0,R2iyl66KO
1,政务发布,"{'1': 1.0, '2': 0.0, '3': 0.0, '4': 0.0}",0.9,R2i5RsIBe
4,公众反馈/举报,"{'1': 0.0, '2': 0.1, '3': 0.0, '4': 0.9}",-0.9,R2ivN0RSN
4,公众反馈/举报,"{'1': 0.0, '2': 0.0, '3': 0.0, '4': 1.0}",-0.9,R2gzdtczh
4,公众反馈/举报,"{'1': 0.0, '2': 0.2, '3': 0.1, '4': 0.7}",-0.7,R2hiYvrGU
3,民生服务,"{'1': 0.0, '2': 0.0, '3': 1.0, '4': 0.0}",0.0,R2f5Q6La3
4,公众反馈/举报,"{'1': 0.0, '2': 0.0, '3': 0.0, '4': 1.0}",-1.0,R2e0D53bZ
2,城市问题,"{'1': 0.0, '2': 1.0, '3': 0.0, '4': 0.0}",0.5,R2dumC8zx
4,公众反馈/举报,"{'1': 0.0, '2': 0.0, '3': 0.0, '4': 1.0}",0.0,R2gavcSvX
1,政务发布,"{'1': 1.0, '2': 0.0, '3': 0.0, '4': 0.0}",0.9,QFn91fauB
1,政务发布,"{'1': 0.9, '2': 0.0, '3': 0.1, '4': 0.0}",0.8,R2g2Fl3jK
2,城市问题,"{'1': 0.1, '2': 0.7, '3': 0.1, '4': 0.1}",0.5,QFloW5718
3,民生服务,"{'1': 0.0, '2': 0.0, '3': 1.0, '4': 0.0}",0.5,QFkT8FdKy
1,政务发布,"{'1': 1.0, '2': 0.0, '3': 0.0, '4': 0.0}",0.5,QFk506TdY
1,政务发布,"{'1': 1.0, '2': 0.0, '3': 0.0, '4': 0.0}",0.9,QFjz1EnHn
3,民生服务,"{'1': 0.0, '2': 0.0, '3': 1.0, '4': 0.0}",0.6,QFnvon1F4
1,政务发布,"{'1': 1.0, '2': 0.0, '3': 0.0, '4': 0.0}",0.9,QFkoUecvv
1,政务发布,"{'1': 1.0, '2': 0.0, '3': 0.0, '4': 0.0}",0.8,QFhU5sgP0
1,政务发布,"{'1': 1.0, '2': 0.0, '3': 0.0, '4': 0.0}",0.7,QFiiTmK5D
1,政务发布,"{'1': 1.0, '2': 0.0, '3': 0.0, '4': 0.0}",0.3,QFlGeoiQV
1,政务发布,"{'1': 1.0, '2': 0.0, '3': 0.0, '4': 0.0}",0.8,R2j6GFqyb
3,民生服务,"{'1': 0.0, '2': 0.0, '3': 0.8, '4': 0.2}",0.0,R2gevgMJp
4,公众反馈/举报,"{'1': 0.0, '2': 0.0, '3': 0.0, '4': 1.0}",0.6,R2jfcrypD
1,政务发布,"{'1': 1.0, '2': 0.0, '3': 0.0, '4': 0.0}",0.8,R2gcnC88I
1,政务发布,"{'1': 1.0, '2': 0.0, '3': 0.0, '4': 0.0}",0.0,R2fDWoGxb
1,政务发布,"{'1': 1.0, '2': 0.0, '3': 0.0, '4': 0.0}",0.9,R2fEP0ppd
3,民生服务,"{'1': 0.2, '2': 0.0, '3': 0.8, '4': 0.0}",0.3,R2d1ZiV4l
3,民生服务,"{'1': 0.0, '2': 0.0, '3': 1.0, '4': 0.0}",0.45,R2cEtt86I
1,政务发布,"{'1': 1.0, '2': 0.0, '3': 0.0, '4': 0.0}",0.25,R2dBGwWJm
2,城市问题,"{'1': 0.0, '2': 0.5, '3': 0.3, '4': 0.2}",0.0,R1sjzlb8K
1,政务发布,"{'1': 1.0, '2': 0.0, '3': 0.0, '4': 0.0}",0.9,R0V8swdJm
1,政务发布,"{'1': 1.0, '2': 0.0, '3': 0.0, '4': 0.0}",0.5,R0UdteUIN
1,政务发布,"{'1': 1.0, '2': 0.0, '3': 0.0, '4': 0.0}",0.9,R0TdElSXk
4,公众反馈/举报,"{'1': 0.0, '2': 0.2, '3': 0.1, '4': 0.7}",-0.9,R0RG5inWd
4,公众反馈/举报,"{'1': 0.0, '2': 0.0, '3': 0.0, '4': 1.0}",0.6,R0S7O8SCn
1,政务发布,"{'1': 1.0, '2': 0.0, '3': 0.0, '4': 0.0}",0.8,R0RfE2TCk
4,公众反馈/举报,"{'1': 0.0, '2': 0.0, '3': 0.0, '4': 1.0}",-0.9,R0UU99xjv
1,政务发布,"{'1': 0.8, '2': 0.1, '3': 0.1, '4': 0.0}",0.2,R0Wx5Co0W
4,公众反馈/举报,"{'1': 0.0, '2': 0.0, '3': 0.0, '4': 1.0}",-0.9,R0SPe5XEx
1,政务发布,"{'1': 1.0, '2': 0.0, '3': 0.0, '4': 0.0}",0.9,R0WsV8BW0
3,民生服务,"{'1': 0.0, '2': 0.0, '3': 1.0, '4': 0.0}",1.0,R0RJOcVE5
4,公众反馈/举报,"{'1': 0.0, '2': 0.0, '3': 0.0, '4': 1.0}",-0.9,R0Wa5h2QL
1,政务发布,"{'1': 1.0, '2': 0.0, '3': 0.0, '4': 0.0}",0.8,R0VDQCPax
4,公众反馈/举报,"{'1': 0.0, '2': 0.0, '3': 0.0, '4': 1.0}",0.0,R0VDswOfU
3,民生服务,"{'1': 0.0, '2': 0.0, '3': 1.0, '4': 0.0}",0.9,R0SI3iuy8
4,公众反馈/举报,"{'1': 0.0, '2': 0.0, '3': 0.0, '4': 1.0}",-0.9,R0RW1oKZc
1,政务发布,"{'1': 1.0, '2': 0.0, '3': 0.0, '4': 0.0}",1.0,R0ViW1WT6
3,民生服务,"{'1': 0.0, '2': 0.0, '3': 1.0, '4': 0.0}",0.8,R0W9O3hmz
1,政务发布,"{'1': 0.9, '2': 0.05, '3': 0.05, '4': 0.0}",0.1,R0VYs2IlO
1,政务发布,"{'1': 1.0, '2': 0.0, '3': 0.0, '4': 0.0}",0.8,R0TmR14YI
1,政务发布,"{'1': 1.0, '2': 0.0, '3': 0.0, '4': 0.0}",0.8,QFnhQt2JH
1,政务发布,"{'1': 1.0, '2': 0.0, '3': 0.0, '4': 0.0}",0.8,R0SIexeac
1,政务发布,"{'1': 1.0, '2': 0.0, '3': 0.0, '4': 0.0}",0.5,QFkmEaq8z
1,政务发布,"{'1': 1.0, '2': 0.0, '3': 0.0, '4': 0.0}",0.9,QFiZR4wPt
1,政务发布,"{'1': 1.0, '2': 0.0, '3': 0.0, '4': 0.0}",0.8,QFlKtaotx
1,政务发布,"{'1': 1.0, '2': 0.0, '3': 0.0, '4': 0.0}",1.0,QFkY7b455
1,政务发布,"{'1': 1.0, '2': 0.0, '3': 0.0, '4': 0.0}",0.8,QFnueyFeC
3,民生服务,"{'1': 0.0, '2': 0.0, '3': 1.0, '4': 0.0}",0.0,QFnq6l3Ib
1,政务发布,"{'1': 1.0, '2': 0.0, '3': 0.0, '4': 0.0}",0.6,QFhPfBaIH
1,政务发布,"{'1': 1.0, '2': 0.0, '3': 0.0, '4': 0.0}",0.8,QFm8QmpgU
1,政务发布,"{'1': 1.0, '2': 0.0, '3': 0.0, '4': 0.0}",0.9,QFir2i51E
4,公众反馈/举报,"{'1': 0.0, '2': 0.0, '3': 0.0, '4': 1.0}",-0.5,QFhSYqdT5
1,政务发布,"{'1': 1.0, '2': 0.0, '3': 0.0, '4': 0.0}",0.8,QFlKEtviM
1,政务发布,"{'1': 1.0, '2': 0.0, '3': 0.0, '4': 0.0}",0.8,QFnkoyiil
1,政务发布,"{'1': 1.0, '2': 0.0, '3': 0.0, '4': 0.0}",0.5,QFkCAhV6h
1,政务发布,"{'1': 1.0, '2': 0.0, '3': 0.0, '4': 0.0}",0.5,QFib5CfXy
4,公众反馈/举报,"{'4': 1.0, '1': 0.0, '2': 0.0, '3': 0.0}",-0.8,QFmria92v
1,政务发布,"{'1': 1.0, '2': 0.0, '3': 0.0, '4': 0.0}",0.8,QFlgKcr8F
1,政务发布,"{'1': 1.0, '2': 0.0, '3': 0.0, '4': 0.0}",0.8,QFiMAdi6K
4,公众反馈/举报,"{'1': 0.0, '2': 0.0, '3': 0.0, '4': 1.0}",-0.8,QFn8K6Vgi
4,公众反馈/举报,"{'1': 0.0, '2': 0.0, '3': 0.0, '4': 1.0}",0.0,R0VaazZZ1
3,民生服务,"{'1': 0.0, '2': 0.0, '3': 1.0, '4': 0.0}",0.8,R0V0S70zd
2,城市问题,"{'1': 0.0, '2': 1.0, '3': 0.0, '4': 0.0}",0.6,R0URv7ruI
1,政务发布,"{'1': 1.0, '2': 0.0, '3': 0.0, '4': 0.0}",0.9,R0USnvI6L
4,公众反馈/举报,"{'1': 0.0, '2': 0.0, '3': 0.0, '4': 1.0}",0.0,R0TJwoIBx
1,政务发布,"{'1': 1.0, '2': 0.0, '3': 0.0, '4': 0.0}",0.8,R0TIHtFUM
1,政务发布,"{'1': 1.0, '2': 0.0, '3': 0.0, '4': 0.0}",0.1,R0UIB7A0m
4,公众反馈/举报,"{'1': 0.0, '2': 0.0, '3': 0.0, '4': 1.0}",-0.9,QFVSTsEHc
1,政务发布,"{'1': 1.0, '2': 0.0, '3': 0.0, '4': 0.0}",0.8,QFU2tjrC4
1,政务发布,"{'1': 1.0, '2': 0.0, '3': 0.0, '4': 0.0}",1.0,QFWYyqWOr
1,政务发布,"{'1': 1.0, '2': 0.0, '3': 0.0, '4': 0.0}",0.9,QFW2Gqezz
4,公众反馈/举报,"{'1': 0.0, '2': 0.0, '3': 0.0, '4': 1.0}",-0.8,QFWIBxXUg
3,民生服务,"{'1': 0.0, '2': 0.0, '3': 1.0, '4': 0.0}",0.0,QFWnok08N
3,民生服务,"{'1': 0.1, '2': 0.0, '3': 0.9, '4': 0.0}",0.9,QFU5D5lZa
4,公众反馈/举报,"{'1': 0.0, '2': 0.0, '3': 0.0, '4': 1.0}",-0.8,R019c76Fj
4,公众反馈/举报,"{'1': 0.0, '2': 0.0, '3': 0.0, '4': 1.0}",-0.9,QFW2eDxVN
4,公众反馈/举报,"{'1': 0.0, '2': 0.0, '3': 0.0, '4': 1.0}",0.3,QFWSD5ZnI
4,公众反馈/举报,"{'1': 0.0, '2': 0.0, '3': 0.0, '4': 1.0}",0.0,R014TjtBj
1,政务发布,"{'1': 0.6, '2': 0.0, '3': 0.2, '4': 0.2}",0.8,R0007BzUA
1,政务发布,"{'1': 1.0, '2': 0.0, '3': 0.0, '4': 0.0}",0.78,R01qZahLD
4,公众反馈/举报,"{'1': 0.0, '2': 0.0, '3': 0.0, '4': 1.0}",-1.0,QFVSTsEHc
1,政务发布,"{'1': 1.0, '2': 0.0, '3': 0.0, '4': 0.0}",1.0,R01wyjpVO
1,政务发布,"{'1': 1.0, '2': 0.0, '3': 0.0, '4': 0.0}",0.8,QFW2Gqezz
1,政务发布,"{'1': 1.0, '2': 0.0, '3': 0.0, '4': 0.0}",0.8,QFU2tjrC4
1,政务发布,"{'1': 1.0, '2': 0.0, '3': 0.0, '4': 0.0}",1.0,QFWYyqWOr
4,公众反馈/举报,"{'1': 0.0, '2': 0.0, '3': 0.0, '4': 1.0}",-0.8,QFWIBxXUg
3,民生服务,"{'1': 0.0, '2': 0.0, '3': 1.0, '4': 0.0}",0.6,QFWnok08N
1,政务发布,"{'1': 1.0, '2': 0.0, '3': 0.0, '4': 0.0}",1.0,QFU5D5lZa
4,公众反馈/举报,"{'1': 0.0, '2': 0.1, '3': 0.0, '4': 0.9}",-0.8,R019c76Fj
4,公众反馈/举报,"{'1': 0.0, '2': 0.0, '3': 0.0, '4': 1.0}",0.0,R014TjtBj
4,公众反馈/举报,"{'1': 0.0, '2': 0.1, '3': 0.0, '4': 1.0}",0.0,QFWSD5ZnI
4,公众反馈/举报,"{'1': 0.0, '2': 0.0, '3': 0.2, '4': 0.8}",-0.8,QFW2eDxVN
1,政务发布,"{'1': 1.0, '2': 0.0, '3': 0.0, '4': 0.0}",0.6,R0007BzUA
1,政务发布,"{'1': 1.0, '2': 0.0, '3': 0.0, '4': 0.0}",0.8,R01qZahLD
2,城市问题,"{'1': 0.0, '2': 1.0, '3': 0.0, '4': 0.0}",0.9,R01wyjpVO
3,民生服务,"{'1': 0.0, '2': 0.0, '3': 1.0, '4': 0.0}",0.7,R2iRAv4gy
1,政务发布,"{'1': 1.0, '2': 0.0, '3': 0.0, '4': 0.0}",0.4,R2hsOeejv
4,公众反馈/举报,"{'1': 0.0, '2': 0.0, '3': 0.0, '4': 1.0}",0.5,R2h4DaaDU
4,公众反馈/举报,"{'1': 0.0, '2': 0.0, '3': 0.0, '4': 1.0}",0.0,R2fWCmhhV
1,政务发布,"{'1': 1.0, '2': 0.0, '3': 0.0, '4': 0.0}",0.8,R2g0p2YXs
1,政务发布,"{'1': 1.0, '2': 0.0, '3': 0.0, '4': 0.0}",0.8,R2eiv5dbS
1,政务发布,"{'1': 1.0, '2': 0.0, '3': 0.0, '4': 0.0}",0.8,R2gxaclrV
1,政务发布,"{'1': 1.0, '2': 0.0, '3': 0.0, '4': 0.0}",0.9,R2dQTrSTg
2,城市问题,"{'1': 0.0, '2': 1.0, '3': 0.0, '4': 0.0}",-0.6,R2fv6hA65
4,公众反馈/举报,"{'1': 0.0, '2': 0.0, '3': 0.0, '4': 1.0}",-0.3,R2dN7477z
1,政务发布,"{'1': 1.0, '2': 0.0, '3': 0.0, '4': 0.0}",0.8,R2dC0iIfF
3,民生服务,"{'1': 0.0, '2': 0.0, '3': 1.0, '4': 0.0}",0.9,QE09qjKyC
4,公众反馈/举报,"{'1': 0.0, '2': 0.0, '3': 0.0, '4': 1.0}",0.2,QDZ24aVPy
4,公众反馈/举报,"{'1': 0.0, '2': 0.0, '3': 0.0, '4': 1.0}",0.2,QDVLOAhdq
1,政务发布,"{'1': 1.0, '2': 0.0, '3': 0.0, '4': 0.0}",0.8,QDYd9EC5B
1,政务发布,"{'1': 1.0, '2': 0.0, '3': 0.0, '4': 0.0}",0.0,QDZBM0AtU
4,公众反馈/举报,"{'1': 0.0, '2': 0.0, '3': 0.0, '4': 1.0}",0.0,R0Wq1rNBp
4,公众反馈/举报,"{'1': 0.0, '2': 0.0, '3': 0.0, '4': 1.0}",0.0,R0T1MFS5t
1,政务发布,"{'1': 1.0, '2': 0.0, '3': 0.0, '4': 0.0}",0.9,R0UTyw09C
1,政务发布,"{'1': 0.9, '2': 0.0, '3': 0.1, '4': 0.0}",0.8,R0Uc7wTsk
1,政务发布,"{'1': 1.0, '2': 0.0, '3': 0.0, '4': 0.0}",0.5,R0WgnxczA
1,政务发布,"{'1': 1.0, '2': 0.0, '3': 0.0, '4': 0.0}",0.5,R0UXNpMqp
4,公众反馈/举报,"{'1': 0.0, '2': 0.0, '3': 0.0, '4': 1.0}",-0.5,R0Ug95FDs
1,政务发布,"{'1': 1.0, '2': 0.0, '3': 0.0, '4': 0.0}",0.8,R0TVbEWWW
3,民生服务,"{'1': 0.2, '2': 0.0, '3': 0.8, '4': 0.0}",0.6,QFloM6IRN
1,政务发布,"{'1': 1.0, '2': 0.0, '3': 0.0, '4': 0.0}",0.8,QFlfK9hdY
4,公众反馈/举报,"{'1': 0.0, '2': 0.3, '3': 0.2, '4': 0.5}",-0.8,QFmViBeFV
4,公众反馈/举报,"{'1': 0.0, '2': 0.4, '3': 0.2, '4': 0.4}",-0.5,QFixrrA7E
4,公众反馈/举报,"{'1': 0.0, '2': 0.0, '3': 0.0, '4': 1.0}",-0.4,QFnx5AQlj
1,政务发布,"{'1': 1.0, '2': 0.0, '3': 0.0, '4': 0.0}",0.8,QFiPnijPC
1,政务发布,"{'1': 1.0, '2': 0.0, '3': 0.0, '4': 0.0}",0.2,QFl07z1hH
1,政务发布,"{'1': 1.0, '2': 0.0, '3': 0.0, '4': 0.0}",1.0,QFjCtgNHQ
1,政务发布,"{'1': 1.0, '2': 0.0, '3': 0.0, '4': 0.0}",0.3,QFk9SpaKq
1,政务发布,"{'1': 1.0, '2': 0.0, '3': 0.0, '4': 0.0}",0.9,QFia2lgFM
3,民生服务,"{'1': 0.0, '2': 0.0, '3': 0.9, '4': 0.1}",0.2,QFnhx3vV8
4,公众反馈/举报,"{'1': 0.0, '2': 0.0, '3': 0.0, '4': 1.0}",0.6,QFlIO3W3x
4,公众反馈/举报,"{'1': 0.0, '2': 0.0, '3': 0.0, '4': 1.0}",0.2,QFkXiD6Sg
4,公众反馈/举报,"{'1': 0.0, '2': 0.0, '3': 0.0, '4': 1.0}",0.0,QFkU5lMHZ
4,公众反馈/举报,"{'1': 0.0, '2': 0.0, '3': 0.0, '4': 1.0}",-0.9,QFlfSosYK
4,公众反馈/举报,"{'1': 0.0, '2': 0.0, '3': 0.0, '4': 1.0}",0.0,QFWPk1Jcl
4,公众反馈/举报,"{'1': 0.0, '2': 0.0, '3': 0.0, '4': 1.0}",-1.0,QFTTjtRUI
1,政务发布,"{'1': 1.0, '2': 0.0, '3': 0.0, '4': 0.0}",0.0,QFUoOyesK
1,政务发布,"{'1': 1.0, '2': 0.0, '3': 0.0, '4': 0.0}",1.0,QFVNhbdJF
4,公众反馈/举报,"{'1': 0.0, '2': 0.2, '3': 0.0, '4': 0.8}",-0.8,R018izY1V
4,公众反馈/举报,"{'1': 0.0, '2': 0.0, '3': 0.0, '4': 1.0}",0.7,R019Nm2bZ
4,公众反馈/举报,"{'1': 0.0, '2': 0.0, '3': 0.0, '4': 1.0}",0.0,R00p9BsRk
4,公众反馈/举报,"{'1': 0.0, '2': 0.0, '3': 0.0, '4': 1.0}",0.0,QFWu4bjbF
4,公众反馈/举报,"{'1': 0.0, '2': 0.1, '3': 0.2, '4': 0.7}",-0.9,QFUjdm8Ai
4,公众反馈/举报,"{'1': 0.0, '2': 0.0, '3': 0.0, '4': 1.0}",0.0,QFWPk1Jcl
1,政务发布,"{'1': 1.0, '2': 0.0, '3': 0.0, '4': 0.0}",0.3,QFUoOyesK
4,公众反馈/举报,"{'1': 0.0, '2': 0.2, '3': 0.1, '4': 0.7}",-0.9,QFTTjtRUI
3,民生服务,"{'1': 0.0, '2': 0.0, '3': 1.0, '4': 0.0}",0.8,QFVNhbdJF
4,公众反馈/举报,"{'1': 0.0, '2': 0.2, '3': 0.0, '4': 0.8}",-0.6,R018izY1V
4,公众反馈/举报,"{'1': 0.0, '2': 0.0, '3': 0.0, '4': 1.0}",0.5,R019Nm2bZ
4,公众反馈/举报,"{'1': 0.0, '2': 0.0, '3': 0.0, '4': 1.0}",0.3,QFWu4bjbF
4,公众反馈/举报,"{'1': 0.0, '2': 0.0, '3': 0.0, '4': 1.0}",0.0,R00p9BsRk
4,公众反馈/举报,"{'1': 0.0, '2': 0.2, '3': 0.3, '4': 0.5}",-0.8,QFUjdm8Ai
1,政务发布,"{'1': 1.0, '2': 0.0, '3': 0.0, '4': 0.0}",0.9,R2gLg31MF
4,公众反馈/举报,"{'1': 0.0, '2': 0.0, '3': 0.0, '4': 1.0}",0.5,R2fLcj2Vz
4,公众反馈/举报,"{'1': 0.1, '2': 0.1, '3': 0.3, '4': 0.5}",0.5,R2f0Nombk
4,公众反馈/举报,"{'1': 0.0, '2': 0.0, '3': 0.0, '4': 1.0}",0.0,R2fXOAI7j
1,政务发布,"{'1': 1.0, '2': 0.0, '3': 0.0, '4': 0.0}",0.7,R2gU2cYYY
1,政务发布,"{'1': 1.0, '2': 0.0, '3': 0.0, '4': 0.0}",0.9,R2dukqmPg
4,公众反馈/举报,"{'1': 0.0, '2': 0.0, '3': 0.0, '4': 1.0}",0.5,R2dSUphE2
1,政务发布,"{'1': 1.0, '2': 0.0, '3': 0.0, '4': 0.0}",0.5,R2ePrmGAU
4,公众反馈/举报,"{'1': 0.0, '2': 0.0, '3': 0.0, '4': 1.0}",0.0,QFmqTgodb
4,公众反馈/举报,"{'1': 0.0, '2': 0.0, '3': 0.0, '4': 1.0}",0.0,QFnHnA0z4
3,民生服务,"{'1': 0.0, '2': 0.0, '3': 1.0, '4': 0.0}",0.3,QFkvGyhM4
1,政务发布,"{'1': 1.0, '2': 0.0, '3': 0.0, '4': 0.0}",0.8,QFlTamfck
1,政务发布,"{'1': 1.0, '2': 0.0, '3': 0.0, '4': 0.0}",0.0,QFkRJ4Hj9
2,城市问题,"{'1': 0.0, '2': 1.0, '3': 0.0, '4': 0.0}",0.0,QFlcHk2i0
1,政务发布,"{'1': 1.0, '2': 0.0, '3': 0.0, '4': 0.0}",0.8,QFinFiR8S
3,民生服务,"{'1': 0.0, '2': 0.0, '3': 1.0, '4': 0.0}",0.8,QFk5sjYwi
4,公众反馈/举报,"{'1': 0.0, '2': 0.0, '3': 0.0, '4': 1.0}",-0.9,QFhCZ78Eq
4,公众反馈/举报,"{'1': 0.0, '2': 0.0, '3': 0.0, '4': 1.0}",-0.9,QFhAdyWpz
1,政务发布,"{'1': 0.9, '2': 0.0, '3': 0.1, '4': 0.0}",0.8,QFih507qI
4,公众反馈/举报,"{'1': 0.0, '2': 0.0, '3': 0.0, '4': 1.0}",-1.0,QFlFIyYn1
4,公众反馈/举报,"{'1': 0.0, '2': 0.0, '3': 0.0, '4': 1.0}",0.0,QFlinkjlQ
4,公众反馈/举报,"{'1': 0.0, '2': 0.3, '3': 0.2, '4': 0.5}",-0.5,QFjLIFRNQ
4,公众反馈/举报,"{'1': 0.0, '2': 0.0, '3': 0.0, '4': 1.0}",0.2,QFjLp21o6
4,公众反馈/举报,"{'1': 0.0, '2': 0.0, '3': 0.0, '4': 1.0}",-0.9,QFjmP7vJY
4,公众反馈/举报,"{'1': 0.0, '2': 0.0, '3': 0.0, '4': 1.0}",0.0,R0U3DqCKg
1,政务发布,"{'1': 1.0, '2': 0.0, '3': 0.0, '4': 0.0}",0.0,R0W58AZ76
1,政务发布,"{'1': 1.0, '2': 0.0, '3': 0.0, '4': 0.0}",0.0,QFkxsb0pv
4,公众反馈/举报,"{'1': 0.0, '2': 0.0, '3': 0.0, '4': 1.0}",-0.9,R0S0XwuBC
4,公众反馈/举报,"{'1': 0.0, '2': 0.2, '3': 0.0, '4': 0.8}",-1.0,R0TkOg7ys
4,公众反馈/举报,"{'1': 0.0, '2': 0.0, '3': 0.0, '4': 1.0}",0.3,R0U79l5gd
4,公众反馈/举报,"{'1': 0.0, '2': 0.0, '3': 0.0, '4': 1.0}",0.0,R0VIKDaKC
4,公众反馈/举报,"{'1': 0.0, '2': 0.0, '3': 0.0, '4': 1.0}",-0.2,R0UFtkfxI
2,城市问题,"{'1': 0.0, '2': 1.0, '3': 0.0, '4': 0.0}",-0.3,QFUjg6giE
1,政务发布,"{'1': 1.0, '2': 0.0, '3': 0.0, '4': 0.0}",0.9,R0Wo8qWaW
1,政务发布,"{'1': 1.0, '2': 0.0, '3': 0.0, '4': 0.0}",0.8,QFUAPDbDD
4,公众反馈/举报,"{'1': 0.0, '2': 0.2, '3': 0.3, '4': 0.5}",-0.8,QFVJmd6qi
3,民生服务,"{'1': 0.0, '2': 0.0, '3': 1.0, '4': 0.0}",1.0,QFWliqEuG
3,民生服务,"{'1': 0.2, '2': 0.0, '3': 0.8, '4': 0.0}",0.0,QFXnofADN
4,公众反馈/举报,"{'1': 0.0, '2': 0.0, '3': 0.0, '4': 1.0}",-0.5,R00rl058f
4,公众反馈/举报,"{'1': 0.0, '2': 0.0, '3': 0.0, '4': 1.0}",-0.7,QFWKQrYJN
1,政务发布,"{'1': 1.0, '2': 0.0, '3': 0.0, '4': 0.0}",0.8,R0134DWT7
1,政务发布,"{'1': 1.0, '2': 0.0, '3': 0.0, '4': 0.0}",0.0,R01qJga32
3,民生服务,"{'1': 0.0, '2': 0.0, '3': 1.0, '4': 0.0}",0.3,QFWmj4nIa
3,民生服务,"{'1': 0.0, '2': 0.0, '3': 1.0, '4': 0.0}",0.8,QFVLGxP7i
4,公众反馈/举报,"{'1': 0.0, '2': 0.0, '3': 0.0, '4': 1.0}",-0.3,QFUjg6giE
1,政务发布,"{'1': 1.0, '2': 0.0, '3': 0.0, '4': 0.0}",-1.0,QFWpu4sdp
1,政务发布,"{'1': 1.0, '2': 0.0, '3': 0.0, '4': 0.0}",0.8,QFUAPDbDD
3,民生服务,"{'1': 0.0, '2': 0.0, '3': 1.0, '4': 0.0}",0.8,QFWliqEuG
2,城市问题,"{'1': 0.0, '2': 1.0, '3': 0.0, '4': 0.0}",-0.5,QFVJmd6qi
4,公众反馈/举报,"{'1': 0.0, '2': 0.1, '3': 0.0, '4': 0.9}",-0.3,QFWKQrYJN
3,民生服务,"{'1': 0.0, '2': 0.0, '3': 1.0, '4': 0.0}",0.2,QFXnofADN
4,公众反馈/举报,"{'1': 0.0, '2': 0.0, '3': 0.0, '4': 1.0}",0.0,R00rl058f
1,政务发布,"{'1': 1.0, '2': 0.0, '3': 0.0, '4': 0.0}",0.3,R01qJga32
3,民生服务,"{'1': 0.0, '2': 0.0, '3': 1.0, '4': 0.0}",0.8,QFWmj4nIa
1,政务发布,"{'1': 1.0, '2': 0.0, '3': 0.0, '4': 0.0}",0.8,R0134DWT7
1,政务发布,"{'1': 1.0, '2': 0.0, '3': 0.0, '4': 0.0}",-1.0,QFWpu4sdp
3,民生服务,"{'1': 0.0, '2': 0.0, '3': 1.0, '4': 0.0}",0.9,QFVLGxP7i
3,民生服务,"{'1': 0.0, '2': 0.0, '3': 1.0, '4': 0.0}",1.0,QFX93xTZj
4,公众反馈/举报,"{'1': 0.0, '2': 0.0, '3': 0.0, '4': 1.0}",-0.3,R01FydTGa
1,政务发布,"{'1': 1.0, '2': 0.0, '3': 0.0, '4': 0.0}",0.8,QFTMx3bjw
4,公众反馈/举报,"{'1': 0.0, '2': 0.0, '3': 0.0, '4': 1.0}",-0.5,QFV9qBO3v
4,公众反馈/举报,"{'1': 0.0, '2': 0.1, '3': 0.0, '4': 0.9}",-0.9,R0017tKDW
4,公众反馈/举报,"{'1': 0.0, '2': 0.0, '3': 0.0, '4': 1.0}",0.0,QFWg34pGV
1,政务发布,"{'1': 1.0, '2': 0.0, '3': 0.0, '4': 0.0}",0.8,QFX93xTZj
4,公众反馈/举报,"{'1': 0.0, '2': 0.0, '3': 0.0, '4': 1.0}",0.6,R01zvf81a
3,民生服务,"{'1': 0.1, '2': 0.0, '3': 0.9, '4': 0.0}",0.8,QFUkLejxh
1,政务发布,"{'1': 1.0, '2': 0.0, '3': 0.0, '4': 0.0}",0.9,QFTMx3bjw
2,城市问题,"{'1': 0.0, '2': 1.0, '3': 0.0, '4': 0.0}",0.0,QFV9qBO3v
2,城市问题,"{'1': 0.0, '2': 1.0, '3': 0.0, '4': 0.0}",-0.8,R01FydTGa
4,公众反馈/举报,"{'1': 0.0, '2': 0.0, '3': 0.0, '4': 1.0}",-1.0,R0017tKDW
4,公众反馈/举报,"{'1': 0.0, '2': 0.0, '3': 0.2, '4': 0.8}",-0.5,QFWg34pGV
3,民生服务,"{'1': 0.0, '2': 0.0, '3': 1.0, '4': 0.0}",0.9,QFUkLejxh
4,公众反馈/举报,"{'1': 0.0, '2': 0.2, '3': 0.1, '4': 0.7}",-0.4,R01zvf81a
1,政务发布,"{'1': 1.0, '2': 0.0, '3': 0.0, '4': 0.0}",0.0,R1tc0l9bU
4,公众反馈/举报,"{'1': 0.0, '2': 0.0, '3': 0.0, '4': 1.0}",-0.9,R254r1J74
3,民生服务,"{'1': 0.0, '2': 0.0, '3': 1.0, '4': 0.0}",0.3,R1sbYFejN
4,公众反馈/举报,"{'1': 0.0, '2': 0.2, '3': 0.0, '4': 0.8}",0.3,R24sStyYl
4,公众反馈/举报,"{'1': 0.0, '2': 0.0, '3': 0.0, '4': 1.0}",0.1,R1toR06kt
1,政务发布,"{'1': 1.0, '2': 0.0, '3': 0.0, '4': 0.0}",0.9,R25Twndki
1,政务发布,"{'1': 1.0, '2': 0.0, '3': 0.0, '4': 0.0}",1.0,R24gNjJTW
4,公众反馈/举报,"{'1': 0.0, '2': 0.2, '3': 0.0, '4': 0.8}",-1.0,R255KdW1y
3,民生服务,"{'1': 0.2, '2': 0.0, '3': 0.8, '4': 0.0}",0.9,QFn2d35Lu
4,公众反馈/举报,"{'1': 0.0, '2': 0.0, '3': 0.0, '4': 1.0}",0.5,R25QretWe
1,政务发布,"{'1': 1.0, '2': 0.0, '3': 0.0, '4': 0.0}",0.0,QFmpPEh7u
4,公众反馈/举报,"{'1': 0.2, '2': 0.1, '3': 0.2, '4': 0.6}",0.8,QFmK25ZFD
3,民生服务,"{'1': 0.0, '2': 0.0, '3': 1.0, '4': 0.0}",0.8,QFnDLg89H
1,政务发布,"{'1': 1.0, '2': 0.0, '3': 0.0, '4': 0.0}",0.9,QFhH6pjwv
1,政务发布,"{'1': 1.0, '2': 0.0, '3': 0.0, '4': 0.0}",0.8,QFkaNi9su
4,公众反馈/举报,"{'1': 0.0, '2': 0.2, '3': 0.0, '4': 0.8}",-0.5,QFnxJ3YTr
1,政务发布,"{'1': 1.0, '2': 0.0, '3': 0.0, '4': 0.0}",0.9,QFj2AtZRR
1,政务发布,"{'1': 1.0, '2': 0.0, '3': 0.0, '4': 0.0}",0.0,QFkeVxY3c
1,政务发布,"{'1': 1.0, '2': 0.0, '3': 0.0, '4': 0.0}",0.8,QFl2999s7
3,民生服务,"{'1': 0.0, '2': 0.0, '3': 1.0, '4': 0.0}",0.0,QFm7ruXOg
3,民生服务,"{'1': 0.0, '2': 0.0, '3': 1.0, '4': 0.0}",0.0,QFmUp6xCG
1,政务发布,"{'1': 0.6, '2': 0.2, '3': 0.1, '4': 0.1}",0.3,QFhPCi3pK
1,政务发布,"{'1': 1.0, '2': 0.0, '3': 0.0, '4': 0.0}",0.0,QFliteWn4
1,政务发布,"{'1': 1.0, '2': 0.0, '3': 0.0, '4': 0.0}",0.8,QFj0jy6HR
2,城市问题,"{'1': 0.0, '2': 1.0, '3': 0.0, '4': 0.0}",-0.3,QFmqy5utr
4,公众反馈/举报,"{'1': 0.0, '2': 0.0, '3': 0.0, '4': 1.0}",0.0,QFlgRv70l
4,公众反馈/举报,"{'1': 0.0, '2': 0.0, '3': 0.0, '4': 1.0}",0.3,QFmn48vOa
4,公众反馈/举报,"{'1': 0.0, '2': 0.0, '3': 0.0, '4': 1.0}",0.0,QFlLyjlvD
1,政务发布,"{'1': 1.0, '2': 0.0, '3': 0.0, '4': 0.0}",0.2,QFlvOiKky
4,公众反馈/举报,"{'1': 0.0, '2': 0.0, '3': 0.0, '4': 1.0}",0.0,QFkHxiRmw
4,公众反馈/举报,"{'1': 0.0, '2': 0.0, '3': 0.0, '4': 1.0}",0.8,QFnygaK1l
1,政务发布,"{'1': 1.0, '2': 0.0, '3': 0.0, '4': 0.0}",0.0,QFl4q3Y0o
1,政务发布,"{'1': 1.0, '2': 0.0, '3': 0.0, '4': 0.0}",0.9,QFkoNfkut
4,公众反馈/举报,"{'1': 0.0, '2': 0.0, '3': 0.0, '4': 1.0}",-0.8,QFkn4senK
4,公众反馈/举报,"{'1': 0.1, '2': 0.0, '3': 0.1, '4': 0.8}",0.5,QFkzTtvDm
3,民生服务,"{'1': 0.0, '2': 0.0, '3': 1.0, '4': 0.0}",0.5,QFi2s8adz
3,民生服务,"{'1': 0.0, '2': 0.0, '3': 1.0, '4': 0.0}",0.3,QFidCFuwr
4,公众反馈/举报,"{'1': 0.0, '2': 0.0, '3': 0.0, '4': 1.0}",0.7,QFi73jhcm
1,政务发布,"{'1': 0.9, '2': 0.0, '3': 0.0, '4': 0.1}",0.5,QFgCOnacx
3,民生服务,"{'1': 0.0, '2': 0.0, '3': 1.0, '4': 0.0}",0.0,QFk9Gij6N
3,民生服务,"{'1': 0.0, '2': 0.0, '3': 1.0, '4': 0.0}",0.9,QFkyzuFpb
3,民生服务,"{'1': 0.0, '2': 0.0, '3': 1.0, '4': 0.0}",0.3,QFX5d5iCw
1,政务发布,"{'1': 1.0, '2': 0.0, '3': 0.0, '4': 0.0}",0.9,QFWZWlQDH
1,政务发布,"{'1': 1.0, '2': 0.0, '3': 0.0, '4': 0.0}",1.0,QFWEIxjjx
1,政务发布,"{'1': 1.0, '2': 0.0, '3': 0.0, '4': 0.0}",0.9,QFWZ9emX3
1,政务发布,"{'1': 1.0, '2': 0.0, '3': 0.0, '4': 0.0}",0.9,QFUGupl0E
1,政务发布,"{'1': 1.0, '2': 0.0, '3': 0.0, '4': 0.0}",0.8,R01xqoYEb
2,城市问题,"{'1': 0.0, '2': 1.0, '3': 0.0, '4': 0.0}",-0.9,QFWgbfdYc
4,公众反馈/举报,"{'1': 0.0, '2': 0.4, '3': 0.0, '4': 0.6}",-1.0,R00LcCFnc
4,公众反馈/举报,"{'1': 0.0, '2': 0.0, '3': 0.0, '4': 1.0}",-1.0,QFTmSFuwR
4,公众反馈/举报,"{'1': 0.1, '2': 0.0, '3': 0.2, '4': 0.7}",-0.3,QFXoyC2KA
3,民生服务,"{'1': 0.3, '2': 0.0, '3': 0.7, '4': 0.0}",1.0,QFXePsP8j
4,公众反馈/举报,"{'1': 0.0, '2': 0.2, '3': 0.3, '4': 0.5}",-0.3,QFUEU9hp0
3,民生服务,"{'1': 0.0, '2': 0.0, '3': 1.0, '4': 0.0}",0.8,QFTMMwESV
1,政务发布,"{'1': 1.0, '2': 0.0, '3': 0.0, '4': 0.0}",0.8,QFWbg0ILW
1,政务发布,"{'1': 1.0, '2': 0.0, '3': 0.0, '4': 0.0}",0.8,QFWqg5tBW
1,政务发布,"{'1': 1.0, '2': 0.0, '3': 0.0, '4': 0.0}",0.8,QFV35l3ig
4,公众反馈/举报,"{'1': 0.0, '2': 0.0, '3': 0.0, '4': 1.0}",0.0,R01gFrWk5
3,民生服务,"{'1': 0.0, '2': 0.0, '3': 1.0, '4': 0.0}",0.3,QFX5d5iCw
1,政务发布,"{'1': 1.0, '2': 0.0, '3': 0.0, '4': 0.0}",0.8,QFWEIxjjx
1,政务发布,"{'1': 1.0, '2': 0.0, '3': 0.0, '4': 0.0}",0.8,QFWZWlQDH
3,民生服务,"{'1': 0.1, '2': 0.0, '3': 0.9, '4': 0.0}",0.9,QFUGupl0E
3,民生服务,"{'1': 0.0, '2': 0.0, '3': 1.0, '4': 0.0}",1.0,QFWZ9emX3
1,政务发布,"{'1': 1.0, '2': 0.0, '3': 0.0, '4': 0.0}",0.8,R01xqoYEb
4,公众反馈/举报,"{'1': 0.0, '2': 0.0, '3': 0.0, '4': 1.0}",-1.0,R00LcCFnc
4,公众反馈/举报,"{'1': 0.0, '2': 0.0, '3': 0.0, '4': 1.0}",-0.8,QFWgbfdYc
4,公众反馈/举报,"{'1': 0.0, '2': 0.0, '3': 0.0, '4': 1.0}",0.0,QFXoyC2KA
3,民生服务,"{'1': 0.0, '2': 0.0, '3': 1.0, '4': 0.0}",0.8,QFXePsP8j
1,政务发布,"{'1': 1.0, '2': 0.0, '3': 0.0, '4': 0.0}",1.0,QFWqg5tBW
4,公众反馈/举报,"{'1': 0.0, '2': 0.0, '3': 0.0, '4': 1.0}",-1.0,QFTmSFuwR
3,民生服务,"{'1': 0.0, '2': 0.0, '3': 1.0, '4': 0.0}",0.8,QFTMMwESV
4,公众反馈/举报,"{'1': 0.0, '2': 0.0, '3': 0.0, '4': 1.0}",-0.8,QFUEU9hp0
1,政务发布,"{'1': 1.0, '2': 0.0, '3': 0.0, '4': 0.0}",1.0,QFWbg0ILW
1,政务发布,"{'1': 1.0, '2': 0.0, '3': 0.0, '4': 0.0}",1.0,QFV35l3ig
3,民生服务,"{'1': 0.0, '2': 0.0, '3': 1.0, '4': 0.0}",0.5,QFnB20xdr
4,公众反馈/举报,"{'1': 0.0, '2': 0.0, '3': 0.0, '4': 1.0}",-0.7,R01gFrWk5
4,公众反馈/举报,"{'1': 0.0, '2': 0.0, '3': 0.0, '4': 1.0}",-0.8,QFnHaxHqN
4,公众反馈/举报,"{'1': 0.0, '2': 0.1, '3': 0.0, '4': 0.9}",-0.9,QFhVU3oza
1,政务发布,"{'1': 1.0, '2': 0.0, '3': 0.0, '4': 0.0}",0.8,QFjR4ezwM
1,政务发布,"{'1': 1.0, '2': 0.0, '3': 0.0, '4': 0.0}",0.8,QFkaLlM8T
3,民生服务,"{'1': 0.0, '2': 0.0, '3': 1.0, '4': 0.0}",0.0,QFniWrVLr
1,政务发布,"{'1': 1.0, '2': 0.0, '3': 0.0, '4': 0.0}",0.9,QFkvihhQv
1,政务发布,"{'1': 1.0, '2': 0.0, '3': 0.0, '4': 0.0}",0.5,QFhumye2b
4,公众反馈/举报,{'4': 1.0},-0.95,QFkTzzLeO
1,政务发布,"{'1': 1.0, '2': 0.0, '3': 0.0, '4': 0.0}",0.8,QFlg9CdUN
4,公众反馈/举报,"{'1': 0.0, '2': 0.0, '3': 0.0, '4': 1.0}",-0.9,QFlH99Ac7
1,政务发布,"{'1': 1.0, '2': 0.0, '3': 0.0, '4': 0.0}",0.9,QFirybNG7
4,公众反馈/举报,"{'1': 0.0, '2': 0.0, '3': 0.0, '4': 1.0}",-0.6,QFiZNFtsz
4,公众反馈/举报,"{'1': 0.0, '2': 0.0, '3': 0.0, '4': 1.0}",-1.0,QFmNkqV2H
4,公众反馈/举报,"{'1': 0.0, '2': 0.0, '3': 0.0, '4': 1.0}",-0.6,QFiZvhZ1Z
4,公众反馈/举报,"{'1': 0.0, '2': 0.2, '3': 0.0, '4': 0.8}",-0.8,QFn3D6sLI
4,公众反馈/举报,"{'1': 0.0, '2': 0.0, '3': 0.0, '4': 1.0}",-0.9,QFkTnqHJx
3,民生服务,"{'1': 0.1, '2': 0.0, '3': 0.8, '4': 0.1}",0.9,QFlIbpDmv
3,民生服务,"{'1': 0.0, '2': 0.0, '3': 1.0, '4': 0.0}",0.0,QFjippoRZ
1,政务发布,"{'1': 1.0, '2': 0.0, '3': 0.0, '4': 0.0}",0.8,QFiYKv5aY
4,公众反馈/举报,"{'1': 0.9, '2': 0.0, '3': 0.1, '4': 0.0}",0.0,QFiPYAwnF
1,政务发布,"{'1': 1.0, '2': 0.0, '3': 0.0, '4': 0.0}",0.8,QFkiWCO2y
1,政务发布,"{'1': 1.0, '2': 0.0, '3': 0.0, '4': 0.0}",0.8,QFk7J0tPU
3,民生服务,"{'1': 0.0, '2': 0.0, '3': 1.0, '4': 0.0}",0.0,QFmVtztd6
4,公众反馈/举报,"{'1': 0.0, '2': 0.0, '3': 0.0, '4': 1.0}",-0.8,QFnfCxKqL
4,公众反馈/举报,"{'1': 0.0, '2': 0.0, '3': 0.0, '4': 1.0}",-0.3,QFkQ1ixxA
1,政务发布,"{'1': 1.0, '2': 0.0, '3': 0.0, '4': 0.0}",0.7,QFhMUycTO
3,民生服务,"{'1': 0.0, '2': 0.0, '3': 1.0, '4': 0.0}",0.3,QFkUtnph6
4,公众反馈/举报,"{'1': 0.0, '2': 0.0, '3': 0.0, '4': 1.0}",0.0,QFhuOgvc9
1,政务发布,"{'1': 1.0, '2': 0.0, '3': 0.0, '4': 0.0}",0.2,QFkxW3X66
3,民生服务,"{'1': 0.0, '2': 0.1, '3': 0.9, '4': 0.0}",0.0,QFjnOA8Mb
3,民生服务,"{'1': 0.3, '2': 0.0, '3': 0.7, '4': 0.0}",0.9,QFirQuT2G
4,公众反馈/举报,"{'1': 0.0, '2': 0.0, '3': 0.0, '4': 1.0}",0.0,R1DaO1BUu
4,公众反馈/举报,"{'1': 0.0, '2': 0.0, '3': 0.0, '4': 1.0}",0.8,R1BjAubtf
1,政务发布,"{'1': 1.0, '2': 0.0, '3': 0.0, '4': 0.0}",0.8,R1FpI8wGo
4,公众反馈/举报,"{'1': 0.0, '2': 0.0, '3': 0.0, '4': 1.0}",0.0,R1z81bOEx
1,政务发布,"{'1': 1.0, '2': 0.0, '3': 0.0, '4': 0.0}",0.5,R1Bu7ar8k
1,政务发布,"{'1': 1.0, '2': 0.0, '3': 0.0, '4': 0.0}",0.8,R1DiO8kpc
1,政务发布,"{'1': 1.0, '2': 0.0, '3': 0.0, '4': 0.0}",0.8,R2iT94m6o
4,公众反馈/举报,"{'1': 0.0, '2': 0.0, '3': 0.0, '4': 1.0}",-0.3,R2iNOtgLh
1,政务发布,"{'1': 0.0, '2': 0.0, '3': 1.0, '4': 0.0}",0.0,R2j9DB8Fg
1,政务发布,"{'1': 1.0, '2': 0.0, '3': 0.0, '4': 0.0}",0.9,R2hP0cRCR
4,公众反馈/举报,"{'1': 0.0, '2': 0.3, '3': 0.0, '4': 0.7}",-0.8,R2gCpyAbo
1,政务发布,"{'1': 1.0, '2': 0.0, '3': 0.0, '4': 0.0}",0.4,R2geQjZBK
4,公众反馈/举报,"{'1': 0.0, '2': 0.2, '3': 0.0, '4': 0.8}",-0.3,R2g0BaWi5
4,公众反馈/举报,"{'1': 0.0, '2': 0.0, '3': 0.8, '4': 0.2}",1.0,R2gqNabRy
1,政务发布,"{'1': 1.0, '2': 0.0, '3': 0.0, '4': 0.0}",0.5,R2emeisye
4,公众反馈/举报,"{'1': 0.0, '2': 0.0, '3': 0.0, '4': 1.0}",0.3,R2eUdqwQb
4,公众反馈/举报,"{'1': 0.0, '2': 0.0, '3': 0.0, '4': 1.0}",0.0,R2bTxxbuG
1,政务发布,"{'1': 1.0, '2': 0.0, '3': 0.0, '4': 0.0}",0.5,QFmMT8b7V
4,公众反馈/举报,"{'1': 0.0, '2': 0.0, '3': 0.5, '4': 0.5}",-0.6,QFiXrnh7x
1,政务发布,"{'1': 1.0, '2': 0.0, '3': 0.0, '4': 0.0}",0.8,QFkZTjGf9
1,政务发布,"{'1': 0.8, '2': 0.0, '3': 0.1, '4': 0.1}",0.2,QFhYK0fyq
4,公众反馈/举报,"{'1': 0.0, '2': 0.0, '3': 0.0, '4': 1.0}",0.1,QFjZJAEDQ
3,民生服务,"{'1': 0.0, '2': 0.0, '3': 1.0, '4': 0.0}",0.9,QFl1AxvgE
4,公众反馈/举报,"{'1': 0.0, '2': 0.0, '3': 0.0, '4': 1.0}",-0.6,QFirRjJ0X
3,民生服务,"{'1': 0.0, '2': 0.0, '3': 1.0, '4': 0.0}",0.5,QFheWxG5V
3,民生服务,"{'1': 0.1, '2': 0.0, '3': 0.9, '4': 0.0}",0.8,QFk99lrfs
1,政务发布,"{'1': 1.0, '2': 0.0, '3': 0.0, '4': 0.0}",1.0,QFiq6iDRq
1,政务发布,"{'1': 0.9, '2': 0.0, '3': 0.1, '4': 0.0}",0.9,QFig20J4p
4,公众反馈/举报,"{'1': 0.0, '2': 0.0, '3': 0.0, '4': 1.0}",-1.0,QFhBWAllM
1,政务发布,"{'1': 0.9, '2': 0.0, '3': 0.0, '4': 0.1}",-0.8,QFnbGtbME
4,公众反馈/举报,"{'1': 0.0, '2': 0.0, '3': 0.0, '4': 1.0}",-0.2,QFkyjnl2h
1,政务发布,"{'1': 1.0, '2': 0.0, '3': 0.0, '4': 0.0}",1.0,QFirEo2wB
4,公众反馈/举报,"{'1': 0.0, '2': 0.0, '3': 0.0, '4': 1.0}",-0.8,QFmF1bbgv
1,政务发布,"{'1': 1.0, '2': 0.0, '3': 0.0, '4': 0.0}",0.8,QFmztju30
4,公众反馈/举报,"{'1': 0.0, '2': 0.0, '3': 0.0, '4': 1.0}",-1.0,QFlgZ3psX
1,政务发布,"{'1': 1.0, '2': 0.0, '3': 0.0, '4': 0.0}",0.8,QFlLdcQyZ
4,公众反馈/举报,"{'1': 0.0, '2': 0.0, '3': 0.0, '4': 1.0}",0.0,QFmPxCSDa
2,城市问题,"{'1': 0.0, '2': 0.8, '3': 0.0, '4': 0.2}",0.5,QFkLxin0v
1,政务发布,"{'1': 1.0, '2': 0.0, '3': 0.0, '4': 0.0}",1.0,QFihqdfm5
1,政务发布,"{'1': 1.0, '2': 0.0, '3': 0.0, '4': 0.0}",0.0,QFic16SOy
1,政务发布,"{'1': 1.0, '2': 0.0, '3': 0.0, '4': 0.0}",0.9,QFlkO2vel
3,民生服务,"{'1': 0.0, '2': 0.0, '3': 1.0, '4': 0.0}",0.6,QFiWmkUth
3,民生服务,"{'1': 0.1, '2': 0.1, '3': 0.7, '4': 0.1}",0.8,QFich4iyN
1,政务发布,"{'1': 1.0, '2': 0.0, '3': 0.0, '4': 0.0}",0.9,QFnlPvZx2
1,政务发布,"{'1': 1.0, '2': 0.0, '3': 0.0, '4': 0.0}",0.0,QFkUon6Ew
4,公众反馈/举报,"{'1': 0.0, '2': 0.0, '3': 0.0, '4': 1.0}",-0.9,QFmpGAeUR
1,政务发布,"{'1': 0.9, '2': 0.0, '3': 0.0, '4': 0.1}",-0.8,QFjo0jTRW
1,政务发布,"{'1': 1.0, '2': 0.0, '3': 0.0, '4': 0.0}",0.8,QFl9OkmsQ
1,政务发布,"{'1': 1.0, '2': 0.0, '3': 0.0, '4': 0.0}",0.9,QFhAG3QJV
1,政务发布,"{'1': 1.0, '2': 0.0, '3': 0.0, '4': 0.0}",0.9,QFkTxDnE7
4,公众反馈/举报,"{'1': 0.0, '2': 0.0, '3': 0.0, '4': 1.0}",0.8,QFjN1qyhY
4,公众反馈/举报,"{'1': 0.0, '2': 0.0, '3': 0.0, '4': 1.0}",-0.3,QFjni50SS
4,公众反馈/举报,"{'1': 0.1, '2': 0.2, '3': 0.2, '4': 0.5}",0.0,R0WfGfX0u
4,公众反馈/举报,"{'1': 0.0, '2': 0.3, '3': 0.1, '4': 0.6}",-0.9,R0R0MojtP
4,公众反馈/举报,"{'1': 0.0, '2': 0.0, '3': 0.2, '4': 0.8}",0.8,R0Un5c2B0
3,民生服务,"{'1': 0.0, '2': 0.0, '3': 1.0, '4': 0.0}",0.9,R0SSCkq10
4,公众反馈/举报,"{'1': 0.0, '2': 0.0, '3': 0.0, '4': 1.0}",0.0,R0Wo2F6ou
4,公众反馈/举报,"{'1': 0.0, '2': 0.0, '3': 0.0, '4': 1.0}",-0.9,R0R0xcryv
3,民生服务,{'3': 1.0},0.8,R0Rj29BuG
4,公众反馈/举报,"{'1': 0.1, '2': 0.1, '3': 0.1, '4': 0.9}",0.0,R0TRjpQHq
4,公众反馈/举报,"{'1': 0.0, '2': 0.0, '3': 0.0, '4': 1.0}",-0.5,R0V66aJBr
1,政务发布,"{'1': 1.0, '2': 0.0, '3': 0.0, '4': 0.0}",0.5,R06qf3D4V
4,公众反馈/举报,"{'1': 0.0, '2': 0.0, '3': 0.0, '4': 1.0}",0.9,R06oVF4kz
1,政务发布,"{'1': 1.0, '2': 0.0, '3': 0.0, '4': 0.0}",0.8,R05Oq4kvf
4,公众反馈/举报,"{'1': 0.0, '2': 0.2, '3': 0.0, '4': 0.8}",0.3,R06dEybWR
1,政务发布,"{'1': 1.0, '2': 0.0, '3': 0.0, '4': 0.0}",0.8,R07IUhUtV
1,政务发布,"{'1': 1.0, '2': 0.0, '3': 0.0, '4': 0.0}",0.0,R067dkBcK
4,公众反馈/举报,"{'1': 0.0, '2': 0.2, '3': 0.1, '4': 0.7}",-0.9,R084DpE0l
4,公众反馈/举报,"{'1': 0.0, '2': 0.1, '3': 0.0, '4': 0.9}",-0.9,R02h5eYNI
1,政务发布,"{'1': 1.0, '2': 0.0, '3': 0.0, '4': 0.0}",0.9,R07mJj6HC
3,民生服务,"{'1': 0.0, '2': 0.0, '3': 1.0, '4': 0.0}",0.5,R057meGL7
1,政务发布,"{'1': 1.0, '2': 0.0, '3': 0.0, '4': 0.0}",0.8,R09g621Ri
4,公众反馈/举报,"{'1': 0.0, '2': 0.0, '3': 0.0, '4': 1.0}",-0.8,QDWSpfia1
1,政务发布,"{'1': 1.0, '2': 0.0, '3': 0.0, '4': 0.0}",0.0,QDZnM3q0n
1,政务发布,"{'1': 1.0, '2': 0.0, '3': 0.0, '4': 0.0}",0.8,QDY9Uaq2K
4,公众反馈/举报,"{'1': 0.0, '2': 0.0, '3': 0.0, '4': 1.0}",0.3,QE0GsDy6g
1,政务发布,"{'1': 1.0, '2': 0.0, '3': 0.0, '4': 0.0}",0.8,QDZIhcrFt
4,公众反馈/举报,"{'1': 0.0, '2': 0.2, '3': 0.0, '4': 0.8}",0.1,QDZ9VhZGt
3,民生服务,"{'1': 0.0, '2': 0.0, '3': 1.0, '4': 0.0}",0.9,QDW6BAS5J
4,公众反馈/举报,"{'1': 0.0, '2': 0.0, '3': 0.0, '4': 1.0}",-0.9,QDXNVBb03
1,政务发布,"{'1': 1.0, '2': 0.0, '3': 0.0, '4': 0.0}",0.8,QFkzJmjPA
4,公众反馈/举报,"{'1': 0.0, '2': 0.0, '3': 0.0, '4': 1.0}",-1.0,QDZFTyaW6
4,公众反馈/举报,"{'1': 0.0, '2': 0.0, '3': 0.0, '4': 1.0}",0.5,QDXXrcbuE
1,政务发布,"{'1': 1.0, '2': 0.0, '3': 0.0, '4': 0.0}",0.9,QFkol4rVw
4,公众反馈/举报,"{'1': 0.1, '2': 0.0, '3': 0.0, '4': 0.9}",0.0,QFhCn8SCx
1,政务发布,"{'1': 1.0, '2': 0.0, '3': 0.0, '4': 0.0}",0.9,QFkSBgRTI
3,民生服务,"{'1': 0.0, '2': 0.0, '3': 0.8, '4': 0.2}",0.6,QFjVr0sSH
1,政务发布,"{'1': 1.0, '2': 0.0, '3': 0.0, '4': 0.0}",0.95,QFizVE5lc
1,政务发布,"{'1': 1.0, '2': 0.0, '3': 0.0, '4': 0.0}",0.8,QFliakdt5
2,城市问题,"{'1': 0.0, '2': 0.8, '3': 0.0, '4': 0.2}",0.0,QFnt3cooy
3,民生服务,"{'1': 0.2, '2': 0.0, '3': 0.8, '4': 0.0}",0.7,QFk4SyAfe
1,政务发布,"{'1': 1.0, '2': 0.0, '3': 0.0, '4': 0.0}",0.9,QFi2fDWYv
1,政务发布,"{'1': 1.0, '2': 0.0, '3': 0.0, '4': 0.0}",0.9,QFjN1rF33
4,公众反馈/举报,"{'1': 0.0, '2': 0.0, '3': 0.0, '4': 1.0}",0.0,QFncevnYk
3,民生服务,"{'1': 0.0, '2': 0.0, '3': 1.0, '4': 0.0}",0.9,QFlegiDew
3,民生服务,"{'1': 0.0, '2': 0.0, '3': 1.0, '4': 0.0}",0.8,QFkR7kJ5X
1,政务发布,"{'1': 1.0, '2': 0.0, '3': 0.0, '4': 0.0}",-0.8,QFlbPsKkr
3,民生服务,"{'1': 0.0, '2': 0.0, '3': 1.0, '4': 0.0}",0.5,QFkUgl6nG
4,公众反馈/举报,"{'1': 0.0, '2': 0.0, '3': 0.0, '4': 1.0}",0.3,QFnrW2DXm
3,民生服务,"{'1': 0.0, '2': 0.0, '3': 1.0, '4': 0.0}",0.5,QFj3ymuVP
1,政务发布,"{'1': 1.0, '2': 0.0, '3': 0.0, '4': 0.0}",0.8,QFli6CsOa
3,民生服务,"{'1': 0.2, '2': 0.0, '3': 0.8, '4': 0.0}",0.9,QFkJzDcqp
1,政务发布,"{'1': 1.0, '2': 0.0, '3': 0.0, '4': 0.0}",0.8,QFiElmbBo
3,民生服务,"{'1': 0.0, '2': 0.0, '3': 1.0, '4': 0.0}",0.0,QFmudjnAL
2,城市问题,"{'1': 0.0, '2': 1.0, '3': 0.0, '4': 0.0}",0.0,QFkxVEqtJ
4,公众反馈/举报,"{'1': 0.0, '2': 0.1, '3': 0.0, '4': 0.9}",-0.8,QFkTLkCi8
3,民生服务,"{'1': 0.0, '2': 0.0, '3': 1.0, '4': 0.0}",0.8,QFjNm7L24
1,政务发布,"{'1': 1.0, '2': 0.0, '3': 0.0, '4': 0.0}",0.5,QFlEzhR8M
4,公众反馈/举报,"{'1': 0.0, '2': 0.0, '3': 0.0, '4': 1.0}",-0.3,QDYnSdpD2
4,公众反馈/举报,"{'1': 0.0, '2': 0.0, '3': 0.0, '4': 1.0}",0.0,QE0Lary0W
1,政务发布,"{'1': 1.0, '2': 0.0, '3': 0.0, '4': 0.0}",0.6,QDUfvpEP2
4,公众反馈/举报,"{'1': 0.0, '2': 0.0, '3': 0.0, '4': 1.0}",-0.8,QDVzEp45f
4,公众反馈/举报,"{'1': 0.0, '2': 0.0, '3': 0.0, '4': 1.0}",0.6,QE0pDCN1h
1,政务发布,"{'1': 1.0, '2': 0.0, '3': 0.0, '4': 0.0}",0.8,QDYdCiljv
3,民生服务,"{'1': 0.8, '2': 0.0, '3': 0.2, '4': 0.0}",0.9,QDV573j9o
4,公众反馈/举报,"{'1': 0.0, '2': 0.0, '3': 0.0, '4': 1.0}",0.0,QDYaPrBFB
3,民生服务,"{'1': 0.1, '2': 0.0, '3': 0.9, '4': 0.0}",1.0,QDXvsAnAV
4,公众反馈/举报,"{'1': 0.0, '2': 0.2, '3': 0.0, '4': 0.8}",-0.9,QE0nKBTB5
3,民生服务,"{'1': 0.0, '2': 0.0, '3': 1.0, '4': 0.0}",0.8,R2iwLvRIY
3,民生服务,"{'1': 0.0, '2': 0.0, '3': 1.0, '4': 0.0}",0.0,R2itf7HJC
4,公众反馈/举报,"{'1': 0.0, '2': 0.0, '3': 0.0, '4': 1.0}",0.2,R2hBDauja
3,民生服务,"{'1': 0.0, '2': 0.0, '3': 1.0, '4': 0.0}",0.8,R2hJve5GM
3,民生服务,"{'1': 0.2, '2': 0.0, '3': 0.8, '4': 0.0}",0.7,R2iwep60B
3,民生服务,"{'1': 0.3, '2': 0.0, '3': 0.7, '4': 0.0}",0.8,R2gXTB2xe
4,公众反馈/举报,"{'1': 0.2, '2': 0.0, '3': 0.0, '4': 0.8}",0.0,R2hrg4rgM
3,民生服务,"{'1': 0.0, '2': 0.0, '3': 1.0, '4': 0.0}",0.8,R2fE86gck
1,政务发布,"{'1': 1.0, '2': 0.0, '3': 0.0, '4': 0.0}",1.0,R2gkH7wbS
1,政务发布,"{'1': 1.0, '2': 0.0, '3': 0.0, '4': 0.0}",0.5,R2fVRBzMV
3,民生服务,"{'1': 0.0, '2': 0.0, '3': 1.0, '4': 0.0}",0.8,R2dN81L4a
4,公众反馈/举报,"{'1': 0.0, '2': 0.3, '3': 0.0, '4': 0.7}",-0.9,R0VWG553H
4,公众反馈/举报,"{'1': 0.0, '2': 0.0, '3': 0.0, '4': 1.0}",-1.0,R2cRpazQs
4,公众反馈/举报,"{'1': 0.2, '2': 0.1, '3': 0.2, '4': 0.5}",0.0,R2gyACNNX
4,公众反馈/举报,"{'1': 0.0, '2': 0.0, '3': 0.0, '4': 1.0}",-1.0,R1lvXprou
4,公众反馈/举报,"{'1': 0.0, '2': 0.0, '3': 0.0, '4': 1.0}",0.0,R0SC0fk0P
3,民生服务,"{'1': 0.0, '2': 0.0, '3': 1.0, '4': 0.0}",1.0,R1jbjiTGo
1,政务发布,"{'1': 0.9, '2': 0.0, '3': 0.1, '4': 0.0}",0.9,R1jEVdzzm
4,公众反馈/举报,"{'1': 0.0, '2': 0.0, '3': 0.0, '4': 1.0}",-0.6,R1mqemmuQ
4,公众反馈/举报,"{'1': 0.0, '2': 0.0, '3': 0.0, '4': 1.0}",-1.0,R1mlPnBhc
1,政务发布,"{'1': 1.0, '2': 0.0, '3': 0.0, '4': 0.0}",0.0,R1lw2gUZK
3,民生服务,"{'1': 0.0, '2': 0.0, '3': 1.0, '4': 0.0}",0.8,R24v7zGud
2,城市问题,"{'1': 0.0, '2': 1.0, '3': 0.0, '4': 0.0}",0.0,R25Mv9W3e
4,公众反馈/举报,"{'1': 0.0, '2': 0.0, '3': 0.0, '4': 1.0}",0.2,R24c7yIkj
1,政务发布,"{'1': 1.0, '2': 0.0, '3': 0.0, '4': 0.0}",0.8,R28pgc1cc
1,政务发布,"{'1': 1.0, '2': 0.0, '3': 0.0, '4': 0.0}",0.8,QFnnK0FEa
1,政务发布,"{'1': 1.0, '2': 0.0, '3': 0.0, '4': 0.0}",0.9,QFl5rhYK4
2,城市问题,"{'1': 0.1, '2': 1.0, '3': 0.0, '4': 0.0}",-0.3,QFniazHtl
1,政务发布,"{'1': 1.0, '2': 0.0, '3': 0.0, '4': 0.0}",0.9,QFkwIFxB5
3,民生服务,"{'1': 0.0, '2': 0.0, '3': 1.0, '4': 0.0}",0.9,QFkmVsztB
1,政务发布,"{'1': 1.0, '2': 0.0, '3': 0.0, '4': 0.0}",0.5,QFjZcpusQ
1,政务发布,"{'1': 0.9, '2': 0.0, '3': 0.0, '4': 0.1}",-0.3,QFkbnqDaX
4,公众反馈/举报,"{'1': 0.0, '2': 0.0, '3': 0.0, '4': 1.0}",-0.6,QFmRbmmEy
4,公众反馈/举报,"{'1': 0.0, '2': 0.0, '3': 0.0, '4': 1.0}",0.0,QFliO4Xa6
1,政务发布,"{'1': 1.0, '2': 0.0, '3': 0.0, '4': 0.0}",0.9,QFiA1lwzn
1,政务发布,"{'1': 1.0, '2': 0.0, '3': 0.0, '4': 0.0}",0.0,QFkyCrXV1
4,公众反馈/举报,"{'1': 0.0, '2': 0.0, '3': 0.0, '4': 1.0}",-0.2,QFmp81161
4,公众反馈/举报,"{'1': 0.0, '2': 0.0, '3': 0.0, '4': 1.0}",-0.9,R00cQpwgC
1,政务发布,"{'1': 1.0, '2': 0.0, '3': 0.0, '4': 0.0}",0.9,QFUgTad06
1,政务发布,"{'1': 1.0, '2': 0.0, '3': 0.0, '4': 0.0}",1.0,QFTViiNZ9
4,公众反馈/举报,"{'1': 0.0, '2': 0.0, '3': 0.0, '4': 1.0}",-0.5,QFWahihk7
3,民生服务,"{'1': 0.8, '2': 0.0, '3': 0.1, '4': 0.1}",0.8,QFQ3P0dUA
4,公众反馈/举报,"{'1': 0.0, '2': 0.0, '3': 0.0, '4': 1.0}",-0.5,R00fAfDz1
4,公众反馈/举报,"{'1': 0.0, '2': 0.0, '3': 0.0, '4': 1.0}",0.5,QFV9YeIF4
4,公众反馈/举报,"{'1': 0.0, '2': 0.0, '3': 0.0, '4': 1.0}",0.0,R01hLpKGT
4,公众反馈/举报,"{'1': 0.0, '2': 0.0, '3': 0.0, '4': 1.0}",-0.8,R00FwfgJj
4,公众反馈/举报,"{'1': 0.0, '2': 0.0, '3': 0.0, '4': 1.0}",-1.0,QFVV3oBrK
4,公众反馈/举报,"{'1': 0.0, '2': 0.0, '3': 0.0, '4': 1.0}",0.0,QFVSNpdSV
4,公众反馈/举报,"{'1': 0.0, '2': 0.0, '3': 0.0, '4': 1.0}",-0.9,R00cQpwgC
1,政务发布,"{'1': 1.0, '2': 0.0, '3': 0.0, '4': 0.0}",0.8,QFUgTad06
4,公众反馈/举报,"{'1': 0.0, '2': 0.0, '3': 0.0, '4': 1.0}",0.0,QFWgxg3Et
1,政务发布,"{'1': 1.0, '2': 0.0, '3': 0.0, '4': 0.0}",1.0,QFTViiNZ9
4,公众反馈/举报,"{'1': 0.0, '2': 0.0, '3': 0.0, '4': 1.0}",-0.3,QFWahihk7
1,政务发布,"{'1': 1.0, '2': 0.0, '3': 0.0, '4': 0.0}",0.9,QFQ3P0dUA
4,公众反馈/举报,"{'1': 0.0, '2': 0.0, '3': 0.0, '4': 1.0}",0.0,QFV9YeIF4
4,公众反馈/举报,"{'1': 0.0, '2': 0.0, '3': 0.0, '4': 1.0}",-0.4,R01hLpKGT
4,公众反馈/举报,"{'1': 0.0, '2': 0.0, '3': 0.0, '4': 1.0}",0.0,R00fAfDz1
4,公众反馈/举报,"{'1': 0.0, '2': 0.0, '3': 0.0, '4': 1.0}",0.0,R00FwfgJj
4,公众反馈/举报,"{'1': 0.0, '2': 0.6, '3': 0.0, '4': 0.4}",-0.8,QFVV3oBrK
3,民生服务,"{'1': 0.0, '2': 0.0, '3': 1.0, '4': 0.0}",0.8,R0YDdDJup
3,民生服务,"{'1': 0.0, '2': 0.0, '3': 1.0, '4': 0.0}",-0.3,QFVSNpdSV
3,民生服务,"{'1': 0.0, '2': 0.0, '3': 1.0, '4': 0.0}",0.0,QFWgxg3Et
1,政务发布,"{'1': 1.0, '2': 0.0, '3': 0.0, '4': 0.0}",0.9,R12NcCPaF
4,公众反馈/举报,"{'1': 0.0, '2': 0.1, '3': 0.0, '4': 0.9}",-0.9,R06pvx3kC
1,政务发布,"{'1': 1.0, '2': 0.0, '3': 0.0, '4': 0.0}",1.0,R07WPzGFO
4,公众反馈/举报,"{'1': 0.0, '2': 0.0, '3': 0.0, '4': 1.0}",0.5,R10mHFsYu
4,公众反馈/举报,"{'1': 0.0, '2': 0.3, '3': 0.0, '4': 1.0}",-1.0,R0ZjGjXXJ
1,政务发布,"{'1': 1.0, '2': 0.0, '3': 0.0, '4': 0.0}",1.0,R074Pt9MJ
1,政务发布,"{'1': 1.0, '2': 0.0, '3': 0.0, '4': 0.0}",1.0,R07Lv2SWt
3,民生服务,"{'1': 0.0, '2': 0.0, '3': 1.0, '4': 0.0}",0.5,R05qP5syN
4,公众反馈/举报,"{'1': 0.0, '2': 0.0, '3': 0.0, '4': 1.0}",-1.0,R06Fp1fzz
1,政务发布,"{'1': 1.0, '2': 0.0, '3': 0.0, '4': 0.0}",0.0,R07shsnLX
1,政务发布,"{'1': 1.0, '2': 0.0, '3': 0.0, '4': 0.0}",0.9,R08Hwn2Z3
1,政务发布,"{'1': 0.9, '2': 0.05, '3': 0.05, '4': 0.0}",0.9,R08QG0wSs
4,公众反馈/举报,"{'1': 0.0, '2': 0.0, '3': 0.0, '4': 1.0}",0.0,R07qbz6ww
1,政务发布,"{'1': 1.0, '2': 0.0, '3': 0.0, '4': 0.0}",1.0,R08mLCEB4
4,公众反馈/举报,"{'1': 0.2, '2': 0.3, '3': 0.0, '4': 0.5}",-0.8,R07sUjSP6
4,公众反馈/举报,"{'1': 0.0, '2': 0.0, '3': 0.0, '4': 1.0}",-1.0,R05sL4KFN
4,公众反馈/举报,"{'1': 0.0, '2': 0.0, '3': 0.0, '4': 1.0}",-0.3,R083NhxDq
1,政务发布,"{'1': 1.0, '2': 0.0, '3': 0.0, '4': 0.0}",0.0,R09h7wxOM
1,政务发布,"{'1': 1.0, '2': 0.0, '3': 0.0, '4': 0.0}",0.0,QFlHy3l5P
3,民生服务,"{'1': 0.0, '2': 0.0, '3': 1.0, '4': 0.0}",0.5,QFmbt9eUh
1,政务发布,"{'1': 1.0, '2': 0.0, '3': 0.0, '4': 0.0}",0.8,QFhI6EA3Q
1,政务发布,"{'1': 1.0, '2': 0.0, '3': 0.0, '4': 0.0}",1.0,QFkzJnpse
1,政务发布,"{'1': 1.0, '2': 0.0, '3': 0.0, '4': 0.0}",0.5,QFjxy4uKQ
4,公众反馈/举报,"{'1': 0.0, '2': 0.2, '3': 0.1, '4': 0.7}",-0.9,QFjVc0Guh
1,政务发布,"{'1': 0.0, '2': 0.0, '3': 0.0, '4': 0.0}",0.0,QFkXdu2cX
4,公众反馈/举报,"{'1': 0.0, '2': 0.0, '3': 0.0, '4': 1.0}",-1.0,QFhCh4lBV
4,公众反馈/举报,"{'1': 0.0, '2': 0.2, '3': 0.1, '4': 0.7}",-0.3,QFlHyFPSn
3,民生服务,"{'1': 0.0, '2': 0.0, '3': 1.0, '4': 0.0}",0.0,QFm3pEA24
4,公众反馈/举报,"{'1': 0.0, '2': 0.0, '3': 0.0, '4': 1.0}",0.4,QFnbi1a5k
4,公众反馈/举报,"{'1': 0.0, '2': 0.0, '3': 0.0, '4': 1.0}",0.0,QFkxfqk22
4,公众反馈/举报,"{'1': 0.0, '2': 0.0, '3': 0.0, '4': 1.0}",0.0,R00V611M1
1,政务发布,"{'1': 1.0, '2': 0.0, '3': 0.0, '4': 0.0}",0.8,QFVPVuUsl
4,公众反馈/举报,"{'1': 0.0, '2': 0.0, '3': 0.0, '4': 1.0}",-1.0,QFUdDDyVT
4,公众反馈/举报,"{'1': 0.0, '2': 0.8, '3': 0.0, '4': 1.0}",-1.0,R0089Ct17
1,政务发布,"{'1': 1.0, '2': 0.0, '3': 0.0, '4': 0.0}",0.3,QFVHD1NMT
1,政务发布,"{'1': 1.0, '2': 0.0, '3': 0.0, '4': 0.0}",0.8,QFUrKAIHf
1,政务发布,"{'1': 1.0, '2': 0.0, '3': 0.0, '4': 0.0}",0.8,QFUlQBzVr
3,民生服务,"{'1': 0.0, '2': 0.0, '3': 1.0, '4': 0.0}",1.0,R01Dp6OTg
1,政务发布,"{'1': 1.0, '2': 0.0, '3': 0.0, '4': 0.0}",0.8,QFVM47WkK
1,政务发布,"{'1': 1.0, '2': 0.0, '3': 0.0, '4': 0.0}",0.8,QFVfucecb
4,公众反馈/举报,"{'1': 0.0, '2': 0.0, '3': 0.0, '4': 1.0}",0.0,R00gI5qk8
4,公众反馈/举报,"{'1': 0.0, '2': 0.0, '3': 0.0, '4': 1.0}",0.3,QFWDrEzEG
4,公众反馈/举报,"{'1': 0.0, '2': 0.0, '3': 0.0, '4': 1.0}",-1.0,QFUFngHr1
4,公众反馈/举报,"{'1': 0.0, '2': 0.0, '3': 0.0, '4': 1.0}",0.0,R00V611M1
4,公众反馈/举报,"{'1': 0.0, '2': 0.5, '3': 0.0, '4': 0.5}",-0.9,R0089Ct17
1,政务发布,"{'1': 1.0, '2': 0.0, '3': 0.0, '4': 0.0}",0.8,QFVPVuUsl
1,政务发布,"{'1': 1.0, '2': 0.0, '3': 0.0, '4': 0.0}",0.6,QFVHD1NMT
1,政务发布,"{'1': 1.0, '2': 0.0, '3': 0.0, '4': 0.0}",0.5,QFUlQBzVr
4,公众反馈/举报,"{'1': 0.0, '2': 0.0, '3': 0.0, '4': 1.0}",-0.9,QFUdDDyVT
1,政务发布,"{'1': 1.0, '2': 0.0, '3': 0.0, '4': 0.0}",0.8,QFUrKAIHf
3,民生服务,"{'1': 0.3, '2': 0.0, '3': 0.7, '4': 0.0}",0.8,QFVM47WkK
4,公众反馈/举报,"{'1': 0.0, '2': 0.0, '3': 0.0, '4': 1.0}",0.0,R00gI5qk8
3,民生服务,"{'1': 0.0, '2': 0.0, '3': 1.0, '4': 0.0}",0.8,R01Dp6OTg
1,政务发布,"{'1': 1.0, '2': 0.0, '3': 0.0, '4': 0.0}",0.8,QFVfucecb
4,公众反馈/举报,"{'1': 0.0, '2': 0.0, '3': 0.0, '4': 1.0}",0.6,QFWDrEzEG
4,公众反馈/举报,"{'1': 0.0, '2': 0.1, '3': 0.0, '4': 0.9}",-0.9,QFUFngHr1
4,公众反馈/举报,"{'1': 0.0, '2': 0.0, '3': 0.0, '4': 1.0}",0.8,QFTPx7dqq
3,民生服务,"{'1': 0.0, '2': 0.0, '3': 1.0, '4': 0.0}",0.3,QFVxXo0F4
1,政务发布,"{'1': 1.0, '2': 0.0, '3': 0.0, '4': 0.0}",1.0,QFW7qdU2n
1,政务发布,"{'1': 1.0, '2': 0.0, '3': 0.0, '4': 0.0}",0.8,QFQzEa7U9
1,政务发布,"{'1': 0.9, '2': 0.0, '3': 0.1, '4': 0.0}",0.5,R01hkcxC7
4,公众反馈/举报,"{'1': 0.0, '2': 0.0, '3': 0.0, '4': 1.0}",-1.0,QFXserzXF
4,公众反馈/举报,"{'1': 0.0, '2': 0.0, '3': 0.0, '4': 1.0}",0.8,QFUEtoE7N
1,政务发布,"{'1': 1.0, '2': 0.0, '3': 0.0, '4': 0.0}",0.0,QFWMXmbJZ
3,民生服务,"{'1': 0.0, '2': 0.0, '3': 1.0, '4': 0.0}",0.9,QFWxOyiLj
4,公众反馈/举报,"{'1': 0.0, '2': 0.0, '3': 0.0, '4': 1.0}",-1.0,QFSl17eMd
3,民生服务,"{'1': 0.0, '2': 0.0, '3': 1.0, '4': 0.0}",0.8,QFWw1AQI5
1,政务发布,"{'1': 1.0, '2': 0.0, '3': 0.0, '4': 0.0}",0.5,QFWqEyzM0
4,公众反馈/举报,"{'1': 0.0, '2': 0.0, '3': 0.0, '4': 1.0}",0.0,QFTfTCTfF
1,政务发布,"{'1': 1.0, '2': 0.0, '3': 0.0, '4': 0.0}",0.8,QFW7qdU2n
3,民生服务,"{'1': 0.0, '2': 0.0, '3': 0.0, '4': 1.0}",0.8,QFTPx7dqq
3,民生服务,"{'1': 0.1, '2': 0.0, '3': 0.8, '4': 0.1}",0.5,QFVxXo0F4
1,政务发布,"{'1': 1.0, '2': 0.0, '3': 0.0, '4': 0.0}",0.0,QFQzEa7U9
3,民生服务,"{'1': 0.0, '2': 0.0, '3': 1.0, '4': 0.0}",0.8,R01hkcxC7
1,政务发布,"{'1': 1.0, '2': 0.0, '3': 0.0, '4': 0.0}",0.0,QFWMXmbJZ
4,公众反馈/举报,"{'1': 0.0, '2': 0.0, '3': 0.0, '4': 1.0}",-1.0,QFXserzXF
3,民生服务,"{'1': 0.0, '2': 0.0, '3': 1.0, '4': 0.0}",0.8,QFUEtoE7N
4,公众反馈/举报,"{'1': 0.0, '2': 0.2, '3': 0.1, '4': 0.7}",-1.0,QFSl17eMd
1,政务发布,"{'1': 1.0, '2': 0.0, '3': 0.0, '4': 0.0}",1.0,QFWxOyiLj
1,政务发布,"{'1': 1.0, '2': 0.0, '3': 0.0, '4': 0.0}",0.8,QFWqEyzM0
3,民生服务,"{'1': 0.0, '2': 0.0, '3': 1.0, '4': 0.0}",0.9,QFWw1AQI5
3,民生服务,"{'1': 0.0, '2': 0.0, '3': 1.0, '4': 0.0}",0.0,QFTfTCTfF
3,民生服务,"{'1': 0.0, '2': 0.0, '3': 1.0, '4': 0.0}",0.0,R00L28nmY
1,政务发布,"{'1': 1.0, '2': 0.0, '3': 0.0, '4': 0.0}",0.7,QFW8PBexa
1,政务发布,"{'1': 0.9, '2': 0.0, '3': 0.1, '4': 0.0}",0.5,QFVZQjucu
1,政务发布,"{'1': 1.0, '2': 0.0, '3': 0.0, '4': 0.0}",0.9,QFVtL8QdR
4,公众反馈/举报,"{'1': 0.0, '2': 0.0, '3': 0.0, '4': 1.0}",-1.0,QFSRO6mL2
4,公众反馈/举报,"{'1': 0.0, '2': 0.0, '3': 0.0, '4': 1.0}",0.0,QFWK1Bk8Y
4,公众反馈/举报,"{'1': 0.0, '2': 0.2, '3': 0.1, '4': 0.7}",-0.9,QFWKo66TM
1,政务发布,"{'1': 1.0, '2': 0.0, '3': 0.0, '4': 0.0}",0.9,QFVX9bhcd
4,公众反馈/举报,"{'1': 0.0, '2': 0.0, '3': 0.0, '4': 1.0}",-0.8,R00npwVpH
1,政务发布,"{'1': 1.0, '2': 0.0, '3': 0.0, '4': 0.0}",0.9,QFUkxenAT
4,公众反馈/举报,"{'1': 0.0, '2': 0.0, '3': 0.0, '4': 1.0}",-0.3,R00L28nmY
1,政务发布,"{'1': 1.0, '2': 0.0, '3': 0.0, '4': 0.0}",0.9,QFUaTAfVP
1,政务发布,"{'1': 1.0, '2': 0.0, '3': 0.0, '4': 0.0}",0.9,QFVtL8QdR
1,政务发布,"{'1': 1.0, '2': 0.0, '3': 0.0, '4': 0.0}",0.3,QFW8PBexa
2,城市问题,"{'1': 0.0, '2': 1.0, '3': 0.0, '4': 0.0}",-0.2,QFWK1Bk8Y
1,政务发布,"{'1': 1.0, '2': 0.0, '3': 0.0, '4': 0.0}",0.0,QFVZQjucu
4,公众反馈/举报,"{'1': 0.0, '2': 0.0, '3': 0.0, '4': 1.0}",-0.9,QFSRO6mL2
4,公众反馈/举报,"{'1': 0.0, '2': 0.3, '3': 0.1, '4': 0.6}",-0.9,QFWKo66TM
1,政务发布,"{'1': 1.0, '2': 0.0, '3': 0.0, '4': 0.0}",0.8,QFVX9bhcd
4,公众反馈/举报,"{'1': 0.0, '2': 0.0, '3': 0.0, '4': 1.0}",-0.8,R00npwVpH
3,民生服务,"{'1': 0.0, '2': 0.0, '3': 1.0, '4': 0.0}",1.0,QFUkxenAT
1,政务发布,"{'1': 1.0, '2': 0.0, '3': 0.0, '4': 0.0}",0.9,QFUaTAfVP
1,政务发布,"{'1': 1.0, '2': 0.0, '3': 0.0, '4': 0.0}",0.8,R1F98CjCU
4,公众反馈/举报,"{'1': 0.0, '2': 0.0, '3': 0.0, '4': 1.0}",0.0,R1HDTtiB2
4,公众反馈/举报,"{'1': 0.0, '2': 0.0, '3': 0.0, '4': 1.0}",0.0,R1za0mJvP
1,政务发布,"{'1': 1.0, '2': 0.0, '3': 0.0, '4': 0.0}",0.8,R1DYLACto
4,公众反馈/举报,"{'1': 0.0, '2': 0.0, '3': 0.0, '4': 1.0}",-1.0,QFnHEzs7q
1,政务发布,"{'1': 1.0, '2': 0.0, '3': 0.0, '4': 0.0}",0.8,QFjYBxG0Z
1,政务发布,"{'1': 1.0, '2': 0.0, '3': 0.0, '4': 0.0}",0.5,QFkk7oOB0
4,公众反馈/举报,"{'1': 0.2, '2': 0.1, '3': 0.3, '4': 0.4}",0.0,QFkH8DpbE
3,民生服务,"{'1': 0.0, '2': 0.0, '3': 1.0, '4': 0.0}",0.9,QFk9jEISH
1,政务发布,"{'1': 1.0, '2': 0.0, '3': 0.0, '4': 0.0}",0.5,QFhNL3DJp
1,政务发布,"{'1': 1.0, '2': 0.0, '3': 0.0, '4': 0.0}",0.9,QFmszpYLp
1,政务发布,"{'1': 1.0, '2': 0.0, '3': 0.0, '4': 0.0}",0.0,QFi1qDpuP
4,公众反馈/举报,"{'1': 0.0, '2': 0.0, '3': 0.0, '4': 1.0}",0.0,QFm4L65XB
4,公众反馈/举报,"{'1': 0.0, '2': 0.0, '3': 0.0, '4': 1.0}",0.0,QFnen5tUn
3,民生服务,"{'1': 0.0, '2': 0.0, '3': 1.0, '4': 0.0}",0.0,QFm1tpSsy
1,政务发布,"{'1': 1.0, '2': 0.0, '3': 0.0, '4': 0.0}",0.6,R2it8jQPs
4,公众反馈/举报,"{'1': 0.0, '2': 0.0, '3': 0.0, '4': 1.0}",-0.6,R2j0SC2nv
4,公众反馈/举报,"{'1': 0.0, '2': 0.0, '3': 0.0, '4': 1.0}",-1.0,R2i05vCht
4,公众反馈/举报,"{'1': 0.0, '2': 0.0, '3': 0.0, '4': 1.0}",0.8,R2gbkAx8b
4,公众反馈/举报,"{'1': 0.0, '2': 0.0, '3': 0.0, '4': 1.0}",-1.0,R2g9FsZ9w
4,公众反馈/举报,"{'1': 0.0, '2': 0.0, '3': 0.0, '4': 1.0}",0.0,R2fFwn9f7
1,政务发布,"{'1': 1.0, '2': 0.0, '3': 0.0, '4': 0.0}",0.8,R2dSIxOLI
4,公众反馈/举报,"{'1': 0.0, '2': 0.1, '3': 0.0, '4': 0.9}",-0.5,R2fJig7EA
4,公众反馈/举报,"{'1': 0.0, '2': 0.0, '3': 0.0, '4': 1.0}",-0.3,R2fGx6mnP
1,政务发布,"{'1': 1.0, '2': 0.0, '3': 0.0, '4': 0.0}",0.8,R2e0Q42bV
1,政务发布,"{'1': 1.0, '2': 0.0, '3': 0.0, '4': 0.0}",0.9,R2dQOpoKj
1,政务发布,"{'1': 1.0, '2': 0.0, '3': 0.0, '4': 0.0}",0.0,R2gRd65uq
4,公众反馈/举报,"{'1': 0.0, '2': 0.0, '3': 0.0, '4': 1.0}",0.0,R2gfnv9zl
1,政务发布,"{'1': 1.0, '2': 0.0, '3': 0.0, '4': 0.0}",0.5,R2dMxDE1t
4,公众反馈/举报,"{'1': 0.0, '2': 0.6, '3': 0.0, '4': 0.4}",-1.0,QFlzs5iRA
3,民生服务,"{'1': 0.2, '2': 0.0, '3': 0.8, '4': 0.0}",0.9,QFnt6iuhy
1,政务发布,"{'1': 1.0, '2': 0.0, '3': 0.0, '4': 0.0}",0.7,QFmLufElb
4,公众反馈/举报,"{'1': 0.0, '2': 0.0, '3': 0.0, '4': 1.0}",-0.6,QFns034Pz
1,政务发布,"{'1': 1.0, '2': 0.0, '3': 0.0, '4': 0.0}",0.8,QFivSfM2c
1,政务发布,"{'1': 1.0, '2': 0.0, '3': 0.0, '4': 0.0}",0.8,QFisZ40XU
4,公众反馈/举报,"{'1': 0.0, '2': 0.0, '3': 0.0, '4': 1.0}",-1.0,QFnkwgv3A
4,公众反馈/举报,"{'1': 0.0, '2': 0.2, '3': 0.3, '4': 0.5}",0.0,QFj7EhK7J
3,民生服务,"{'1': 0.0, '2': 0.0, '3': 1.0, '4': 0.0}",0.7,QFhLTvc1v
4,公众反馈/举报,"{'1': 0.0, '2': 0.0, '3': 0.0, '4': 1.0}",-0.3,QFlGn8ywB
2,城市问题,"{'1': 0.0, '2': 0.5, '3': 0.0, '4': 0.5}",-0.3,QFm0J1r4V
1,政务发布,"{'1': 1.0, '2': 0.0, '3': 0.0, '4': 0.0}",0.3,R00LKa55r
4,公众反馈/举报,"{'1': 0.0, '2': 0.0, '3': 0.0, '4': 1.0}",-1.0,QFVu9ltkR
4,公众反馈/举报,"{'1': 0.0, '2': 0.0, '3': 0.0, '4': 1.0}",-0.9,QFUobqeyu
1,政务发布,"{'1': 1.0, '2': 0.0, '3': 0.0, '4': 0.0}",0.8,QFW2eCrAp
1,政务发布,"{'1': 1.0, '2': 0.0, '3': 0.0, '4': 0.0}",0.9,QFTsakniS
4,公众反馈/举报,"{'1': 0.0, '2': 0.0, '3': 0.0, '4': 1.0}",-0.8,R00nodhBQ
4,公众反馈/举报,"{'1': 0.0, '2': 0.0, '3': 0.0, '4': 1.0}",0.0,QFWktA0rg
3,民生服务,"{'1': 0.0, '2': 0.0, '3': 1.0, '4': 0.0}",0.0,R00WeAYUW
4,公众反馈/举报,"{'1': 0.0, '2': 0.0, '3': 0.0, '4': 1.0}",-1.0,QFWG1dC1M
4,公众反馈/举报,"{'1': 0.0, '2': 0.0, '3': 0.0, '4': 1.0}",-0.6,QFTxf2rD6
1,政务发布,"{'1': 1.0, '2': 0.0, '3': 0.0, '4': 0.0}",0.0,R00LKa55r
1,政务发布,"{'1': 1.0, '2': 0.0, '3': 0.0, '4': 0.0}",0.2,QFUnZihdW
4,公众反馈/举报,"{'1': 0.0, '2': 0.0, '3': 0.0, '4': 1.0}",-1.0,QFVu9ltkR
1,政务发布,"{'1': 1.0, '2': 0.0, '3': 0.0, '4': 0.0}",0.8,QFW2eCrAp
4,公众反馈/举报,"{'1': 0.0, '2': 0.0, '3': 0.0, '4': 1.0}",-1.0,QFUobqeyu
1,政务发布,"{'1': 1.0, '2': 0.0, '3': 0.0, '4': 0.0}",0.9,QFTsakniS
4,公众反馈/举报,"{'1': 0.0, '2': 0.0, '3': 0.0, '4': 1.0}",-0.8,R00nodhBQ
4,公众反馈/举报,"{'1': 0.0, '2': 0.0, '3': 0.0, '4': 1.0}",0.0,QFWktA0rg
3,民生服务,"{'1': 0.0, '2': 0.2, '3': 0.8, '4': 0.0}",-0.6,R00WeAYUW
4,公众反馈/举报,"{'1': 0.0, '2': 0.0, '3': 0.0, '4': 1.0}",-0.5,QFTxf2rD6
4,公众反馈/举报,"{'1': 0.0, '2': 0.2, '3': 0.1, '4': 0.7}",-0.8,QFWG1dC1M
4,公众反馈/举报,"{'1': 0.0, '2': 0.0, '3': 0.0, '4': 1.0}",-0.2,QEJejuU5z
1,政务发布,"{'1': 1.0, '2': 0.0, '3': 0.0, '4': 0.0}",0.3,QFUnZihdW
4,公众反馈/举报,"{'1': 0.0, '2': 0.0, '3': 0.0, '4': 1.0}",0.8,QEJYY5ojG
4,公众反馈/举报,"{'1': 0.0, '2': 0.2, '3': 0.1, '4': 0.7}",-0.8,QEImNp1gT
3,民生服务,"{'1': 0.0, '2': 0.0, '3': 1.0, '4': 0.0}",0.9,QFhtflbUG
1,政务发布,"{'1': 1.0, '2': 0.0, '3': 0.0, '4': 0.0}",0.9,QFlyCi6JC
3,民生服务,"{'1': 0.0, '2': 0.0, '3': 1.0, '4': 0.0}",0.9,QFlecqZ1y
4,公众反馈/举报,"{'1': 0.0, '2': 0.0, '3': 0.0, '4': 1.0}",-0.8,QFiq68Kp0
1,政务发布,"{'1': 1.0, '2': 0.0, '3': 0.0, '4': 0.0}",1.0,QFlnG3rc9
3,民生服务,"{'1': 0.0, '2': 0.0, '3': 1.0, '4': 0.0}",0.8,QFkRCF119
1,政务发布,"{'1': 1.0, '2': 0.0, '3': 0.0, '4': 0.0}",1.0,QFhXem1XL
2,城市问题,"{'1': 0.0, '2': 0.0, '3': 0.0, '4': 0.0}",-0.8,QFkX7qAX2
3,民生服务,"{'1': 0.0, '2': 0.0, '3': 1.0, '4': 0.0}",0.0,QFm6grmyY
3,民生服务,"{'1': 0.0, '2': 0.0, '3': 1.0, '4': 0.0}",0.0,R0Ux22uAH
3,民生服务,"{'1': 0.0, '2': 0.0, '3': 1.0, '4': 0.0}",0.0,QFlEC6mJr
1,政务发布,"{'1': 1.0, '2': 0.0, '3': 0.0, '4': 0.0}",0.8,R0VLswV7g
4,公众反馈/举报,"{'1': 0.0, '2': 0.0, '3': 0.0, '4': 1.0}",-0.8,R0Th9ek3O
3,民生服务,"{'1': 0.0, '2': 0.0, '3': 1.0, '4': 0.0}",0.9,R0RPf5Lsz
4,公众反馈/举报,"{'1': 0.0, '2': 0.2, '3': 0.0, '4': 0.8}",-0.6,R0V9wyKMj
4,公众反馈/举报,"{'1': 0.0, '2': 0.0, '3': 0.0, '4': 1.0}",0.5,R0Uep9VAP
4,公众反馈/举报,"{'1': 0.0, '2': 0.1, '3': 0.1, '4': 0.8}",-0.8,R0TGRyTNd
4,公众反馈/举报,"{'1': 0.0, '2': 0.1, '3': 0.0, '4': 0.9}",-0.8,R0UQ7pJNA
1,政务发布,"{'1': 1.0, '2': 0.0, '3': 0.0, '4': 0.0}",0.8,R2gXVnwtG
4,公众反馈/举报,"{'1': 0.0, '2': 0.0, '3': 0.0, '4': 1.0}",0.2,R2iauz8iq
1,政务发布,"{'1': 1.0, '2': 0.0, '3': 0.0, '4': 0.0}",0.5,R2gpSjq0o
1,政务发布,"{'1': 1.0, '2': 0.0, '3': 0.0, '4': 0.0}",0.6,R2gutyVrb
4,公众反馈/举报,"{'1': 0.0, '2': 0.0, '3': 0.0, '4': 1.0}",0.0,R2eS9n1ie
4,公众反馈/举报,"{'1': 0.0, '2': 0.1, '3': 0.0, '4': 0.9}",-0.4,QFnkWpub8
3,民生服务,"{'1': 0.0, '2': 0.0, '3': 1.0, '4': 0.0}",0.0,R2dJsqwcQ
1,政务发布,"{'1': 1.0, '2': 0.0, '3': 0.0, '4': 0.0}",0.9,QFmfi8lPf
4,公众反馈/举报,{'4': 1.0},-0.9,QFnrXdsc9
4,公众反馈/举报,"{'1': 0.0, '2': 0.0, '3': 0.0, '4': 1.0}",-0.8,QFlyMjN4J
1,政务发布,"{'1': 1.0, '2': 0.0, '3': 0.0, '4': 0.0}",1.0,QFlK36T1P
3,民生服务,{'3': 1.0},0.5,QFkLUmlJ1
1,政务发布,"{'1': 1.0, '2': 0.0, '3': 0.0, '4': 0.0}",0.8,QFkdMxmsB
2,城市问题,"{'1': 0.0, '2': 0.7, '3': 0.0, '4': 0.3}",0.0,QFkLRjy0d
1,政务发布,"{'1': 1.0, '2': 0.0, '3': 0.0, '4': 0.0}",0.5,QFiK55lje
1,政务发布,"{'1': 1.0, '2': 0.0, '3': 0.0, '4': 0.0}",0.8,QFhFp3N4A
2,城市问题,"{'1': 0.0, '2': 1.0, '3': 0.0, '4': 0.0}",-0.6,QFiNKE9II
4,公众反馈/举报,"{'1': 0.0, '2': 0.0, '3': 0.0, '4': 1.0}",0.0,QFll3oh64
3,民生服务,"{'3': 1.0, '1': 0.0, '2': 0.0, '4': 0.0}",0.9,QFkt20iKb
4,公众反馈/举报,"{'1': 0.0, '2': 0.0, '3': 0.0, '4': 1.0}",-0.5,QFjAGukkN
1,政务发布,"{'1': 1.0, '2': 0.0, '3': 0.0, '4': 0.0}",0.8,QFkUiDuab
1,政务发布,"{'1': 1.0, '2': 0.0, '3': 0.0, '4': 0.0}",0.5,QFlEivCHa
1,政务发布,"{'1': 1.0, '2': 0.0, '3': 0.0, '4': 0.0}",0.8,QFhRl442r
3,民生服务,"{'1': 0.0, '2': 0.0, '3': 1.0, '4': 0.0}",0.8,R2hAtm8V8
1,政务发布,"{'1': 1.0, '2': 0.0, '3': 0.0, '4': 0.0}",0.6,R2hoZwJAS
3,民生服务,"{'1': 0.0, '2': 0.0, '3': 1.0, '4': 0.0}",0.5,R2gAvp3NX
1,政务发布,"{'1': 1.0, '2': 0.0, '3': 0.0, '4': 0.0}",0.8,R2isdllsq
4,公众反馈/举报,"{'1': 0.0, '2': 0.0, '3': 0.0, '4': 1.0}",0.0,R2iU4wywa
1,政务发布,"{'1': 1.0, '2': 0.0, '3': 0.0, '4': 0.0}",0.6,R2eT3zYGL
4,公众反馈/举报,"{'1': 0.0, '2': 0.0, '3': 0.0, '4': 1.0}",0.2,R2g9LoIoJ
1,政务发布,"{'1': 1.0, '2': 0.0, '3': 0.0, '4': 0.0}",0.8,R2h7BAwDo
1,政务发布,"{'1': 1.0, '2': 0.0, '3': 0.0, '4': 0.0}",0.6,R2gf36SX5
1,政务发布,"{'1': 1.0, '2': 0.0, '3': 0.0, '4': 0.0}",0.0,R2dG6r97p
1,政务发布,"{'1': 1.0, '2': 0.0, '3': 0.0, '4': 0.0}",0.5,R0hIt55z5
1,政务发布,"{'1': 1.0, '2': 0.0, '3': 0.0, '4': 0.0}",0.8,R2fBB325v
4,公众反馈/举报,"{'1': 0.0, '2': 0.0, '3': 0.0, '4': 1.0}",-0.9,R0fmH7Feh
4,公众反馈/举报,"{'1': 0.0, '2': 0.0, '3': 0.0, '4': 1.0}",0.6,R0fAfbynU
4,公众反馈/举报,"{'1': 0.0, '2': 0.0, '3': 0.0, '4': 1.0}",0.6,R0hpncOqg
1,政务发布,"{'1': 1.0, '2': 0.0, '3': 0.0, '4': 0.0}",0.6,R0fGCaoqL
3,民生服务,"{'1': 0.0, '2': 0.0, '3': 1.0, '4': 0.0}",0.8,R0gWuEy3F
1,政务发布,"{'1': 1.0, '2': 0.0, '3': 0.0, '4': 0.0}",0.5,R0hCJz8DP
1,政务发布,"{'1': 1.0, '2': 0.0, '3': 0.0, '4': 0.0}",0.8,R0hIt55z5
4,公众反馈/举报,"{'1': 0.0, '2': 0.0, '3': 0.0, '4': 1.0}",-0.3,R0fAfbynU
4,公众反馈/举报,"{'1': 0.0, '2': 0.0, '3': 0.0, '4': 1.0}",-0.8,R0fmH7Feh
1,政务发布,"{'1': 1.0, '2': 0.0, '3': 0.0, '4': 0.0}",1.0,R0hpncOqg
1,政务发布,"{'1': 1.0, '2': 0.0, '3': 0.0, '4': 0.0}",0.5,R0fGCaoqL
3,民生服务,"{'1': 0.0, '2': 0.0, '3': 1.0, '4': 0.0}",0.8,R0gWuEy3F
1,政务发布,"{'1': 1.0, '2': 0.0, '3': 0.0, '4': 0.0}",0.0,R0hCJz8DP
4,公众反馈/举报,"{'1': 0.0, '2': 0.1, '3': 0.2, '4': 0.7}",-0.9,R23DFcECx
4,公众反馈/举报,"{'1': 0.0, '2': 0.0, '3': 0.0, '4': 1.0}",-0.2,R25yCvrjy
4,公众反馈/举报,"{'1': 0.0, '2': 0.0, '3': 0.1, '4': 0.9}",-1.0,R23yoEdqv
4,公众反馈/举报,"{'1': 0.0, '2': 0.2, '3': 0.0, '4': 0.8}",-0.9,R0V1gCl09
4,公众反馈/举报,"{'1': 0.0, '2': 0.0, '3': 0.0, '4': 1.0}",0.8,R0VMTo31J
4,公众反馈/举报,"{'1': 0.0, '2': 0.0, '3': 0.0, '4': 1.0}",0.0,R0VmjrzsZ
1,政务发布,"{'1': 1.0, '2': 0.0, '3': 0.0, '4': 0.0}",0.8,R0VnKph2X
1,政务发布,"{'1': 1.0, '2': 0.0, '3': 0.0, '4': 0.0}",1.0,R0TzkCU8P
2,城市问题,"{'1': 0.0, '2': 1.0, '3': 0.0, '4': 0.0}",0.0,R0Vm5jVsk
1,政务发布,"{'1': 1.0, '2': 0.0, '3': 0.0, '4': 0.0}",0.8,QFmTSfb51
1,政务发布,"{'1': 1.0, '2': 0.0, '3': 0.0, '4': 0.0}",0.8,QFlnHn3JN
1,政务发布,"{'1': 1.0, '2': 0.0, '3': 0.0, '4': 0.0}",0.5,QFl0jEMth
2,城市问题,"{'1': 0.0, '2': 1.0, '3': 0.0, '4': 0.0}",0.3,QFkUi3bU6
1,政务发布,"{'1': 0.6, '2': 0.0, '3': 0.0, '4': 0.0}",0.0,QFhg0edhP
1,政务发布,"{'1': 0.8, '2': 0.0, '3': 0.1, '4': 0.1}",0.2,QFgDdE1un
4,公众反馈/举报,"{'1': 0.0, '2': 0.3, '3': 0.2, '4': 0.5}",-0.8,QFnsRn6Pe
1,政务发布,"{'1': 1.0, '2': 0.0, '3': 0.0, '4': 0.0}",0.8,QFlhWoFRc
4,公众反馈/举报,"{'1': 0.0, '2': 0.0, '3': 0.0, '4': 1.0}",-0.8,QFlKKjJw2
4,公众反馈/举报,"{'1': 0.0, '2': 0.0, '3': 0.0, '4': 1.0}",-0.8,QFhUlxmSI
2,城市问题,"{'1': 0.0, '2': 1.0, '3': 0.0, '4': 0.0}",-0.3,QFmtU74nu
4,公众反馈/举报,"{'1': 0.0, '2': 0.5, '3': 0.0, '4': 0.5}",-0.9,QFirszSnL
3,民生服务,"{'1': 0.0, '2': 0.0, '3': 1.0, '4': 0.0}",0.0,QFmSzDgOL
3,民生服务,"{'1': 0.0, '2': 0.0, '3': 1.0, '4': 0.0}",0.9,QFjPda4OO
3,民生服务,"{'1': 0.0, '2': 0.0, '3': 1.0, '4': 0.0}",-0.6,QFj0juNuw
3,民生服务,"{'1': 0.0, '2': 0.0, '3': 1.0, '4': 0.0}",0.9,QFktcsnNz
4,公众反馈/举报,"{'1': 0.0, '2': 0.0, '3': 0.0, '4': 1.0}",0.05,QFmlp24eg
1,政务发布,"{'1': 1.0, '2': 0.0, '3': 0.0, '4': 0.0}",1.0,QFkYlCvED
2,城市问题,"{'1': 0.0, '2': 1.0, '3': 0.0, '4': 0.0}",-0.7,QFkVllhDe
1,政务发布,"{'1': 1.0, '2': 0.0, '3': 0.0, '4': 0.0}",0.8,QFlpGz4jL
4,公众反馈/举报,"{'1': 0.0, '2': 0.0, '3': 0.0, '4': 1.0}",-0.3,QFj0MnVud
4,公众反馈/举报,"{'1': 0.0, '2': 0.0, '3': 0.0, '4': 1.0}",0.0,QFk6QoL7L
1,政务发布,"{'1': 1.0, '2': 0.0, '3': 0.0, '4': 0.0}",0.6,QFm1CDPq3
3,民生服务,"{'1': 0.0, '2': 0.0, '3': 1.0, '4': 0.0}",0.0,QFm28byHQ
4,公众反馈/举报,"{'1': 0.0, '2': 0.0, '3': 0.0, '4': 1.0}",0.9,QFiZ5Au6h
1,政务发布,"{'1': 1.0, '2': 0.0, '3': 0.0, '4': 0.0}",0.5,QFmEcik0b
1,政务发布,"{'1': 1.0, '2': 0.0, '3': 0.0, '4': 0.0}",0.8,QFm88Dp8d
1,政务发布,"{'1': 1.0, '2': 0.0, '3': 0.0, '4': 0.0}",0.8,QFlMQfdZ6
1,政务发布,"{'1': 1.0, '2': 0.0, '3': 0.0, '4': 0.0}",0.8,QFnArlV5V
1,政务发布,"{'1': 1.0, '2': 0.0, '3': 0.0, '4': 0.0}",-0.3,QFl6jgWcx
1,政务发布,"{'1': 1.0, '2': 0.0, '3': 0.0, '4': 0.0}",0.8,QFijHgQdv
3,民生服务,"{'1': 0.0, '2': 0.0, '3': 1.0, '4': 0.0}",0.8,QFkhs9GRB
4,公众反馈/举报,"{'1': 0.0, '2': 0.0, '3': 0.0, '4': 1.0}",-0.5,QFmrPfOuQ
1,政务发布,"{'1': 1.0, '2': 0.0, '3': 0.0, '4': 0.0}",0.5,QFhIAyDj8
1,政务发布,"{'1': 1.0, '2': 0.0, '3': 0.0, '4': 0.0}",1.0,QFhGO56Zb
1,政务发布,"{'1': 1.0, '2': 0.0, '3': 0.0, '4': 0.0}",0.9,QFhyR4x0O
1,政务发布,"{'1': 1.0, '2': 0.0, '3': 0.0, '4': 0.0}",0.5,QFiO8Bmxo
1,政务发布,"{'1': 1.0, '2': 0.0, '3': 0.0, '4': 0.0}",0.9,QFm6Vz2dP
1,政务发布,"{'1': 1.0, '2': 0.0, '3': 0.0, '4': 0.0}",0.2,QFhAbyaDh
1,政务发布,"{'1': 1.0, '2': 0.0, '3': 0.0, '4': 0.0}",0.8,QFjL2drVq
1,政务发布,"{'1': 1.0, '2': 0.0, '3': 0.0, '4': 0.0}",0.8,QFlci8FYA
1,政务发布,"{'1': 1.0, '2': 0.0, '3': 0.0, '4': 0.0}",0.8,QFktZmFnU
3,民生服务,"{'1': 0.0, '2': 0.0, '3': 1.0, '4': 0.0}",0.0,QFnuVEVvC
1,政务发布,"{'1': 1.0, '2': 0.0, '3': 0.0, '4': 0.0}",1.0,QFihljy8c
4,公众反馈/举报,"{'1': 0.0, '2': 0.0, '3': 0.0, '4': 1.0}",0.1,QFkVR8pj5
3,民生服务,"{'1': 0.0, '2': 0.0, '3': 1.0, '4': 0.0}",0.0,QFnndi71t
4,公众反馈/举报,"{'1': 0.0, '2': 0.0, '3': 0.0, '4': 1.0}",0.0,QFm5EpOcX
3,民生服务,"{'1': 0.0, '2': 0.0, '3': 1.0, '4': 0.0}",0.5,QFnd7D0zl
1,政务发布,"{'1': 1.0, '2': 0.0, '3': 0.0, '4': 0.0}",0.5,QFm3uyguV
4,公众反馈/举报,"{'1': 0.0, '2': 0.0, '3': 0.0, '4': 1.0}",-0.5,QFkySgA6E
1,政务发布,"{'1': 1.0, '2': 0.0, '3': 0.0, '4': 0.0}",1.0,QFjN1qyzP
1,政务发布,"{'1': 1.0, '2': 0.0, '3': 0.0, '4': 0.0}",0.8,R0VmB7378
4,公众反馈/举报,"{'1': 0.0, '2': 0.0, '3': 0.0, '4': 1.0}",0.0,QFhalD3rR
4,公众反馈/举报,"{'1': 0.0, '2': 0.0, '3': 0.0, '4': 1.0}",-1.0,QFlFBtweV
1,政务发布,"{'1': 1.0, '2': 0.0, '3': 0.0, '4': 0.0}",0.8,QFm039jFt
4,公众反馈/举报,"{'1': 0.0, '2': 0.0, '3': 0.0, '4': 1.0}",-1.0,R0Tjwwl88
1,政务发布,"{'1': 1.0, '2': 0.0, '3': 0.0, '4': 0.0}",0.8,R0TylmmMs
4,公众反馈/举报,"{'1': 0.0, '2': 0.0, '3': 0.0, '4': 1.0}",-0.5,R0TM1f4xx
4,公众反馈/举报,"{'1': 0.0, '2': 0.2, '3': 0.3, '4': 0.5}",-0.6,R0VEmoQHI
4,公众反馈/举报,"{'1': 0.0, '2': 0.0, '3': 0.0, '4': 1.0}",0.0,R0T6Wn9gh
1,政务发布,"{'1': 1.0, '2': 0.0, '3': 0.0, '4': 0.0}",0.8,R0Rfb6rcO
3,民生服务,"{'1': 0.0, '2': 0.0, '3': 1.0, '4': 0.0}",0.0,R0UW2jcEn
4,公众反馈/举报,"{'1': 0.0, '2': 0.3, '3': 0.2, '4': 0.5}",-0.3,QFXhFj4xQ
2,城市问题,"{'1': 0.0, '2': 1.0, '3': 0.0, '4': 0.0}",0.0,R0Ub5wdOW
1,政务发布,"{'1': 1.0, '2': 0.0, '3': 0.0, '4': 0.0}",0.9,QFX8hFG8x
1,政务发布,"{'1': 1.0, '2': 0.0, '3': 0.0, '4': 0.0}",0.7,R00EQnaMg
1,政务发布,"{'1': 1.0, '2': 0.0, '3': 0.0, '4': 0.0}",0.0,QFVOhhH7E
1,政务发布,"{'1': 1.0, '2': 0.0, '3': 0.0, '4': 0.0}",0.9,QFUc5sGSz
4,公众反馈/举报,"{'1': 0.0, '2': 0.0, '3': 0.0, '4': 1.0}",-0.9,QFWdECo8d
1,政务发布,"{'1': 1.0, '2': 0.0, '3': 0.0, '4': 0.0}",0.8,QFX8hFG8x
4,公众反馈/举报,"{'1': 0.0, '2': 0.0, '3': 0.2, '4': 0.8}",-0.4,QFXhFj4xQ
1,政务发布,"{'1': 1.0, '2': 0.0, '3': 0.0, '4': 0.0}",0.8,R00EQnaMg
1,政务发布,"{'1': 1.0, '2': 0.0, '3': 0.0, '4': 0.0}",0.9,QFUc5sGSz
1,政务发布,"{'1': 1.0, '2': 0.0, '3': 0.0, '4': 0.0}",0.0,QFVOhhH7E
4,公众反馈/举报,"{'1': 0.0, '2': 0.5, '3': 0.0, '4': 1.0}",-0.9,QFWdECo8d
1,政务发布,"{'1': 1.0, '2': 0.0, '3': 0.0, '4': 0.0}",0.6,R23Gv0GSl
4,公众反馈/举报,"{'1': 0.0, '2': 0.0, '3': 0.0, '4': 1.0}",-0.8,R29znhphS
1,政务发布,"{'1': 0.0, '2': 0.0, '3': 0.0, '4': 0.0}",0.0,R246oFw8I
1,政务发布,"{'1': 1.0, '2': 0.0, '3': 0.0, '4': 0.0}",0.8,R27b8wCV5
1,政务发布,"{'1': 1.0, '2': 0.0, '3': 0.0, '4': 0.0}",0.0,R00wXCqKT
1,政务发布,"{'1': 1.0, '2': 0.0, '3': 0.0, '4': 0.0}",1.0,QFWRalNrU
1,政务发布,"{'1': 1.0, '2': 0.0, '3': 0.0, '4': 0.0}",0.8,QFVIL5TCy
1,政务发布,"{'1': 1.0, '2': 0.0, '3': 0.0, '4': 0.0}",0.8,QFW9r7Zct
4,公众反馈/举报,"{'1': 0.0, '2': 0.2, '3': 0.1, '4': 0.7}",-1.0,R00EIk3FD
3,民生服务,"{'1': 0.0, '2': 0.0, '3': 1.0, '4': 0.0}",0.8,QFWUCkcar
1,政务发布,"{'1': 1.0, '2': 0.0, '3': 0.0, '4': 0.0}",0.8,QFUAn9CmU
4,公众反馈/举报,"{'1': 0.0, '2': 0.0, '3': 0.0, '4': 1.0}",-1.0,QFSvcfejo
4,公众反馈/举报,"{'1': 0.0, '2': 0.0, '3': 0.0, '4': 1.0}",-1.0,QFRmv5wRh
3,民生服务,"{'1': 0.0, '2': 0.0, '3': 1.0, '4': 0.0}",0.5,QFWGIfsID
4,公众反馈/举报,"{'1': 0.0, '2': 0.2, '3': 0.0, '4': 1.0}",-1.0,R01QD7kjA
1,政务发布,"{'1': 1.0, '2': 0.0, '3': 0.0, '4': 0.0}",0.8,R01uavexF
3,民生服务,"{'1': 0.0, '2': 0.0, '3': 1.0, '4': 0.0}",0.8,QFUHc0CUe
4,公众反馈/举报,"{'1': 0.0, '2': 0.0, '3': 0.0, '4': 1.0}",0.0,R00wXCqKT
3,民生服务,"{'1': 0.0, '2': 0.0, '3': 1.0, '4': 0.0}",0.8,QFWRalNrU
3,民生服务,"{'1': 0.0, '2': 0.0, '3': 1.0, '4': 0.0}",0.5,QFVIL5TCy
1,政务发布,"{'1': 1.0, '2': 0.0, '3': 0.0, '4': 0.0}",0.8,QFW9r7Zct
4,公众反馈/举报,"{'1': 0.0, '2': 0.0, '3': 0.0, '4': 1.0}",-1.0,R00EIk3FD
3,民生服务,"{'1': 0.0, '2': 0.0, '3': 1.0, '4': 0.0}",0.8,QFWUCkcar
4,公众反馈/举报,"{'1': 0.0, '2': 0.0, '3': 0.0, '4': 1.0}",-1.0,QFSvcfejo
4,公众反馈/举报,"{'1': 0.0, '2': 0.0, '3': 0.0, '4': 1.0}",-1.0,QFRmv5wRh
1,政务发布,"{'1': 1.0, '2': 0.0, '3': 0.0, '4': 0.0}",0.5,QFUAn9CmU
4,公众反馈/举报,"{'1': 0.0, '2': 0.0, '3': 0.0, '4': 1.0}",-1.0,R01QD7kjA
4,公众反馈/举报,"{'1': 0.0, '2': 0.0, '3': 0.0, '4': 1.0}",0.3,QFWGIfsID
1,政务发布,"{'1': 1.0, '2': 0.0, '3': 0.0, '4': 0.0}",0.8,R2gQOv1GN
1,政务发布,"{'1': 1.0, '2': 0.0, '3': 0.0, '4': 0.0}",0.8,R01uavexF
3,民生服务,"{'1': 0.2, '2': 0.0, '3': 0.8, '4': 0.0}",0.9,QFUHc0CUe
3,民生服务,"{'1': 0.0, '2': 0.0, '3': 1.0, '4': 0.0}",0.8,R2hxy8vLo
1,政务发布,"{'1': 1.0, '2': 0.0, '3': 0.0, '4': 0.0}",0.8,R2g3zc0iU
1,政务发布,"{'1': 1.0, '2': 0.0, '3': 0.0, '4': 0.0}",0.5,R2g6zyJcK
4,公众反馈/举报,"{'1': 0.0, '2': 0.0, '3': 0.0, '4': 1.0}",0.0,R2j6Rx2AD
1,政务发布,"{'1': 1.0, '2': 0.0, '3': 0.0, '4': 0.0}",1.0,R2gDcv4qm
1,政务发布,"{'1': 1.0, '2': 0.0, '3': 0.0, '4': 0.0}",0.8,R2fUnoWX7
3,民生服务,"{'1': 0.0, '2': 0.0, '3': 1.0, '4': 0.0}",0.5,R2fZdulTA
3,民生服务,"{'1': 0.0, '2': 0.2, '3': 0.8, '4': 0.0}",-0.3,R2eSFpxRG
1,政务发布,"{'1': 1.0, '2': 0.0, '3': 0.0, '4': 0.0}",0.5,R2dZwrbPY
3,民生服务,"{'1': 0.0, '2': 0.0, '3': 1.0, '4': 0.0}",0.8,R2do54fjv
1,政务发布,"{'1': 1.0, '2': 0.0, '3': 0.0, '4': 0.0}",0.8,R2fWM7t6p
1,政务发布,"{'1': 1.0, '2': 0.0, '3': 0.0, '4': 0.0}",0.5,QEwekFcEz
2,城市问题,"{'1': 0.0, '2': 1.0, '3': 0.0, '4': 0.0}",-0.3,QEy4FoPFo
1,政务发布,"{'1': 1.0, '2': 0.0, '3': 0.0, '4': 0.0}",0.95,QEyDzpT5A
4,公众反馈/举报,"{'1': 0.0, '2': 0.0, '3': 0.0, '4': 1.0}",-0.9,R2ivX3E5a
4,公众反馈/举报,"{'1': 0.0, '2': 0.0, '3': 0.0, '4': 1.0}",-0.6,R2ikyDQ8j
1,政务发布,"{'1': 1.0, '2': 0.0, '3': 0.0, '4': 0.0}",0.9,R2h5bdtue
3,民生服务,"{'1': 0.2, '2': 0.0, '3': 0.8, '4': 0.0}",0.9,R2hevcqGs
1,政务发布,"{'1': 1.0, '2': 0.0, '3': 0.0, '4': 0.0}",0.8,R2gbmwU5S
1,政务发布,"{'1': 1.0, '2': 0.0, '3': 0.0, '4': 0.0}",0.0,R2fX83Ula
1,政务发布,"{'1': 1.0, '2': 0.0, '3': 0.0, '4': 0.0}",0.8,R2gKk80Y8
4,公众反馈/举报,"{'1': 0.0, '2': 0.0, '3': 0.0, '4': 1.0}",0.0,R2egvy3m3
1,政务发布,"{'1': 1.0, '2': 0.0, '3': 0.0, '4': 0.0}",1.0,R2gmAf05c
1,政务发布,"{'1': 1.0, '2': 0.0, '3': 0.0, '4': 0.0}",1.0,R2ggE5bl3
4,公众反馈/举报,{'4': 1.0},-0.9,R0S1fhtlb
2,城市问题,"{'1': 0.2, '2': 0.6, '3': 0.0, '4': 0.2}",0.3,R0UkRgLXB
4,公众反馈/举报,"{'1': 0.0, '2': 0.0, '3': 0.0, '4': 1.0}",0.0,R0UlW5VZC
2,城市问题,"{'1': 0.0, '2': 1.0, '3': 0.0, '4': 0.0}",0.0,R0Wpo2dDk
3,民生服务,"{'1': 0.0, '2': 0.0, '3': 1.0, '4': 0.0}",0.9,R0VuAbIiB
1,政务发布,"{'1': 1.0, '2': 0.0, '3': 0.0, '4': 0.0}",0.8,QFlSUwx2Y
4,公众反馈/举报,"{'1': 0.0, '2': 0.0, '3': 0.0, '4': 1.0}",-0.3,QFmaYc4f1
4,公众反馈/举报,"{'1': 0.0, '2': 0.0, '3': 0.0, '4': 1.0}",0.5,QFjXZiVnv
1,政务发布,"{'1': 1.0, '2': 0.0, '3': 0.0, '4': 0.0}",0.5,QFj1flqQs
1,政务发布,"{'1': 1.0, '2': 0.0, '3': 0.0, '4': 0.0}",0.0,QFhJ36Qjj
1,政务发布,"{'1': 1.0, '2': 0.0, '3': 0.0, '4': 0.0}",0.8,QFkaPsPc6
1,政务发布,"{'1': 1.0, '2': 0.0, '3': 0.0, '4': 0.0}",0.8,QFk5BuCnh
1,政务发布,"{'1': 1.0, '2': 0.0, '3': 0.0, '4': 0.0}",0.8,QFky77HMr
1,政务发布,"{'1': 1.0, '2': 0.0, '3': 0.0, '4': 0.0}",0.8,QFm5TpARh
3,民生服务,"{'1': 0.0, '2': 0.0, '3': 1.0, '4': 0.0}",0.8,QFkVUDOmC
4,公众反馈/举报,"{'1': 0.1, '2': 0.0, '3': 0.1, '4': 0.8}",0.0,QFgegxPqx
4,公众反馈/举报,"{'1': 0.0, '2': 0.0, '3': 0.0, '4': 1.0}",-1.0,QFkzsvEFN
4,公众反馈/举报,"{'1': 0.0, '2': 0.0, '3': 0.0, '4': 1.0}",-1.0,QFgILjBIK
1,政务发布,"{'1': 1.0, '2': 0.0, '3': 0.0, '4': 0.0}",0.85,QFitAoqbi
3,民生服务,"{'1': 0.0, '2': 0.0, '3': 1.0, '4': 0.0}",0.9,QFlIYFVgF
3,民生服务,"{'1': 0.0, '2': 0.0, '3': 1.0, '4': 0.0}",0.2,QFkQ0vSEQ
3,民生服务,"{'1': 0.0, '2': 0.0, '3': 1.0, '4': 0.0}",0.6,QFkT9hXm7
4,公众反馈/举报,"{'1': 0.0, '2': 0.0, '3': 0.0, '4': 1.0}",0.0,QFnCWrFqT
3,民生服务,"{'1': 0.1, '2': 0.0, '3': 0.9, '4': 0.0}",0.3,QFl8OpYD3
1,政务发布,"{'1': 1.0, '2': 0.0, '3': 0.0, '4': 0.0}",1.0,QFisOcoHr
1,政务发布,"{'1': 1.0, '2': 0.0, '3': 0.0, '4': 0.0}",1.0,QFj0k6qOm
1,政务发布,"{'1': 1.0, '2': 0.0, '3': 0.0, '4': 0.0}",0.6,QFkY1hxCF
1,政务发布,"{'1': 1.0, '2': 0.0, '3': 0.0, '4': 0.0}",0.0,QFhc7BLGI
4,公众反馈/举报,"{'1': 0.0, '2': 0.0, '3': 0.0, '4': 1.0}",-0.3,QFi7mbOpL
1,政务发布,"{'1': 1.0, '2': 0.0, '3': 0.0, '4': 0.0}",0.9,QFikNdz9L
1,政务发布,"{'1': 1.0, '2': 0.0, '3': 0.0, '4': 0.0}",0.9,QFkWs3wnx
1,政务发布,"{'1': 1.0, '2': 0.0, '3': 0.0, '4': 0.0}",1.0,QFi60kYWr
4,公众反馈/举报,"{'1': 0.0, '2': 0.0, '3': 0.0, '4': 1.0}",-0.8,QFkWdfR40
3,民生服务,"{'1': 0.0, '2': 0.0, '3': 1.0, '4': 0.0}",0.8,QFi2xwEn8
1,政务发布,"{'1': 1.0, '2': 0.0, '3': 0.0, '4': 0.0}",0.6,QFnae5fj0
1,政务发布,"{'1': 1.0, '2': 0.0, '3': 0.0, '4': 0.0}",0.0,QFWJqt04P
4,公众反馈/举报,"{'1': 0.0, '2': 0.0, '3': 0.2, '4': 0.8}",-0.9,QFU8wpUGw
4,公众反馈/举报,"{'1': 0.0, '2': 0.0, '3': 0.0, '4': 1.0}",0.0,R00kGmQHM
2,城市问题,"{'1': 0.0, '2': 1.0, '3': 0.0, '4': 0.0}",0.0,R012JmrCV
1,政务发布,"{'1': 1.0, '2': 0.0, '3': 0.0, '4': 0.0}",0.8,R00Nav3XW
1,政务发布,"{'1': 1.0, '2': 0.0, '3': 0.0, '4': 0.0}",0.8,R00m8yHRR
1,政务发布,"{'1': 1.0, '2': 0.0, '3': 0.0, '4': 0.0}",0.0,QFWCfaKMN
4,公众反馈/举报,"{'1': 0.0, '2': 0.0, '3': 0.3, '4': 0.7}",0.8,QFWUVvqfg
1,政务发布,"{'1': 1.0, '2': 0.0, '3': 0.0, '4': 0.0}",0.0,QFUh0k54u
1,政务发布,"{'1': 1.0, '2': 0.0, '3': 0.0, '4': 0.0}",0.8,QFV8GtQQE
1,政务发布,"{'1': 1.0, '2': 0.0, '3': 0.0, '4': 0.0}",0.4,QFWgW3cMM
1,政务发布,"{'1': 1.0, '2': 0.0, '3': 0.0, '4': 0.0}",1.0,QFWtDqFCH
1,政务发布,"{'1': 1.0, '2': 0.0, '3': 0.0, '4': 0.0}",0.8,QFVK3pY05
4,公众反馈/举报,"{'1': 0.0, '2': 0.0, '3': 0.2, '4': 0.8}",0.0,R00kGmQHM
1,政务发布,"{'1': 1.0, '2': 0.0, '3': 0.0, '4': 0.0}",0.0,QFWJqt04P
4,公众反馈/举报,"{'4': 1.0, '1': 0.0, '2': 0.0, '3': 0.0}",-0.9,QFU8wpUGw
4,公众反馈/举报,"{'1': 0.0, '2': 0.0, '3': 0.0, '4': 1.0}",-0.5,R012JmrCV
1,政务发布,"{'1': 1.0, '2': 0.0, '3': 0.0, '4': 0.0}",0.8,R00Nav3XW
1,政务发布,"{'1': 1.0, '2': 0.0, '3': 0.0, '4': 0.0}",0.8,R00m8yHRR
1,政务发布,"{'1': 1.0, '2': 0.0, '3': 0.0, '4': 0.0}",0.0,QFWCfaKMN
1,政务发布,"{'1': 0.9, '2': 0.0, '3': 0.1, '4': 0.0}",0.8,QFWUVvqfg
1,政务发布,"{'1': 1.0, '2': 0.0, '3': 0.0, '4': 0.0}",0.5,QFUh0k54u
1,政务发布,"{'1': 0.9, '2': 0.0, '3': 0.1, '4': 0.0}",0.8,QFV8GtQQE
1,政务发布,"{'1': 1.0, '2': 0.0, '3': 0.0, '4': 0.0}",1.0,QFWtDqFCH
1,政务发布,"{'1': 1.0, '2': 0.0, '3': 0.0, '4': 0.0}",0.5,QFWgW3cMM
1,政务发布,"{'1': 1.0, '2': 0.0, '3': 0.0, '4': 0.0}",1.0,QFVK3pY05
1,政务发布,"{'1': 1.0, '2': 0.0, '3': 0.0, '4': 0.0}",1.0,QFX2A8wUZ
2,城市问题,"{'1': 0.0, '2': 0.0, '3': 0.0, '4': 1.0}",0.2,QFWZBn2pB
1,政务发布,"{'1': 1.0, '2': 0.0, '3': 0.0, '4': 0.0}",0.7,QFVDnCZys
4,公众反馈/举报,"{'1': 0.0, '2': 0.0, '3': 0.0, '4': 1.0}",-0.5,R01aX75ui
4,公众反馈/举报,"{'1': 0.0, '2': 0.1, '3': 0.0, '4': 0.9}",-0.9,QFSNooh1r
1,政务发布,"{'1': 1.0, '2': 0.0, '3': 0.0, '4': 0.0}",-0.5,QFWmBzyYV
1,政务发布,"{'1': 1.0, '2': 0.0, '3': 0.0, '4': 0.0}",0.8,QFU41s8Ni
4,公众反馈/举报,"{'4': 1.0, '1': 0.0, '2': 0.0, '3': 0.0}",-1.0,QFWdau3jf
1,政务发布,"{'1': 1.0, '2': 0.0, '3': 0.0, '4': 0.0}",-0.5,QFVX8t2SE
4,公众反馈/举报,"{'1': 0.0, '2': 0.0, '3': 0.0, '4': 1.0}",0.0,R01sOA20f
1,政务发布,"{'1': 1.0, '2': 0.0, '3': 0.0, '4': 0.0}",0.8,QFX2A8wUZ
4,公众反馈/举报,"{'1': 0.0, '2': 0.0, '3': 0.0, '4': 1.0}",0.0,QFWZBn2pB
1,政务发布,"{'1': 1.0, '2': 0.0, '3': 0.0, '4': 0.0}",0.8,QFVDnCZys
4,公众反馈/举报,"{'1': 0.0, '2': 0.0, '3': 0.0, '4': 1.0}",-0.3,R01aX75ui
1,政务发布,"{'1': 1.0, '2': 0.0, '3': 0.0, '4': 0.0}",1.0,QFU41s8Ni
1,政务发布,"{'1': 1.0, '2': 0.0, '3': 0.0, '4': 0.0}",-0.6,QFWmBzyYV
4,公众反馈/举报,"{'1': 0.0, '2': 0.6, '3': 0.0, '4': 1.0}",-1.0,QFSNooh1r
4,公众反馈/举报,"{'1': 0.0, '2': 0.3, '3': 0.0, '4': 0.7}",-0.9,QFWdau3jf
1,政务发布,"{'1': 1.0, '2': 0.0, '3': 0.0, '4': 0.0}",0.0,QFVX8t2SE
1,政务发布,"{'1': 1.0, '2': 0.0, '3': 0.0, '4': 0.0}",1.0,QFUgTBHZn
3,民生服务,"{'1': 0.0, '2': 0.0, '3': 1.0, '4': 0.0}",0.5,R01sOA20f
1,政务发布,"{'1': 1.0, '2': 0.0, '3': 0.0, '4': 0.0}",0.9,QFWEPnn1w
4,公众反馈/举报,"{'1': 0.0, '2': 0.0, '3': 0.0, '4': 1.0}",0.0,QFVVNumQ4
1,政务发布,"{'1': 1.0, '2': 0.0, '3': 0.0, '4': 0.0}",0.5,QFUkE2gfK
1,政务发布,"{'1': 1.0, '2': 0.0, '3': 0.0, '4': 0.0}",0.5,QFUcKfsSq
1,政务发布,"{'1': 1.0, '2': 0.0, '3': 0.0, '4': 0.0}",0.8,QFTsDk4Ea
4,公众反馈/举报,"{'1': 0.0, '2': 0.0, '3': 0.0, '4': 1.0}",-0.9,R008SfNfp
4,公众反馈/举报,"{'1': 0.0, '2': 0.0, '3': 0.0, '4': 1.0}",-1.0,R0171nqZD
1,政务发布,"{'1': 1.0, '2': 0.0, '3': 0.0, '4': 0.0}",0.8,QFUgTBHZn
1,政务发布,"{'1': 1.0, '2': 0.0, '3': 0.0, '4': 0.0}",0.0,QFWEPnn1w
4,公众反馈/举报,"{'1': 0.0, '2': 0.0, '3': 0.0, '4': 1.0}",0.0,QFVVNumQ4
1,政务发布,"{'1': 1.0, '2': 0.0, '3': 0.0, '4': 0.0}",0.9,QFUkE2gfK
4,公众反馈/举报,"{'1': 0.0, '2': 0.1, '3': 0.0, '4': 0.9}",-0.9,R008SfNfp
1,政务发布,"{'1': 1.0, '2': 0.0, '3': 0.0, '4': 0.0}",1.0,QFUcKfsSq
1,政务发布,"{'1': 1.0, '2': 0.0, '3': 0.0, '4': 0.0}",0.9,QFTsDk4Ea
4,公众反馈/举报,"{'1': 0.0, '2': 0.0, '3': 0.0, '4': 1.0}",-0.9,R0171nqZD
3,民生服务,"{'1': 0.0, '2': 0.0, '3': 1.0, '4': 0.0}",1.0,R0SM8C6dh
4,公众反馈/举报,"{'1': 0.0, '2': 0.1, '3': 0.1, '4': 0.8}",-0.9,R0Wj28HCZ
4,公众反馈/举报,"{'1': 0.0, '2': 0.0, '3': 0.0, '4': 1.0}",-0.8,R0V3LsFhU
4,公众反馈/举报,"{'1': 0.0, '2': 0.0, '3': 0.0, '4': 1.0}",0.0,R0WbSmdf5
4,公众反馈/举报,"{'1': 0.0, '2': 0.0, '3': 0.0, '4': 1.0}",0.6,R0TancTGj
3,民生服务,"{'1': 0.0, '2': 0.0, '3': 1.0, '4': 0.0}",0.8,R0Un5aWuZ
4,公众反馈/举报,"{'1': 0.0, '2': 0.0, '3': 0.0, '4': 1.0}",-0.9,R0UW8dQaQ
2,城市问题,"{'1': 0.0, '2': 1.0, '3': 0.0, '4': 0.0}",-0.5,R0UPyxBXj
1,政务发布,"{'1': 1.0, '2': 0.0, '3': 0.0, '4': 0.0}",0.3,QFX9FsROm
1,政务发布,"{'1': 1.0, '2': 0.0, '3': 0.0, '4': 0.0}",0.8,QFVJD73oS
1,政务发布,"{'1': 1.0, '2': 0.0, '3': 0.0, '4': 0.0}",0.8,QFUGBuOpi
1,政务发布,"{'1': 1.0, '2': 0.0, '3': 0.0, '4': 0.0}",0.8,QFUJYgPuZ
1,政务发布,"{'1': 1.0, '2': 0.0, '3': 0.0, '4': 0.0}",0.8,QFWjAe6hr
1,政务发布,"{'1': 1.0, '2': 0.0, '3': 0.0, '4': 0.0}",0.8,R00TpAFOX
4,公众反馈/举报,"{'1': 0.0, '2': 0.0, '3': 0.0, '4': 1.0}",-1.0,QFQFEBYPh
1,政务发布,"{'1': 1.0, '2': 0.0, '3': 0.0, '4': 0.0}",1.0,QFTqC0Gls
1,政务发布,"{'1': 1.0, '2': 0.0, '3': 0.0, '4': 0.0}",0.9,R01r9ssV2
1,政务发布,"{'1': 1.0, '2': 0.0, '3': 0.0, '4': 0.0}",0.0,QFX9FsROm
1,政务发布,"{'1': 1.0, '2': 0.0, '3': 0.0, '4': 0.0}",1.0,QFUJYgPuZ
3,民生服务,"{'1': 0.0, '2': 0.0, '3': 1.0, '4': 0.0}",0.8,QFUGBuOpi
1,政务发布,"{'1': 1.0, '2': 0.0, '3': 0.0, '4': 0.0}",1.0,QFVJD73oS
1,政务发布,"{'1': 1.0, '2': 0.0, '3': 0.0, '4': 0.0}",0.6,QFWjAe6hr
4,公众反馈/举报,"{'1': 0.0, '2': 0.0, '3': 0.0, '4': 1.0}",-1.0,QFQFEBYPh
1,政务发布,"{'1': 1.0, '2': 0.0, '3': 0.0, '4': 0.0}",1.0,R00TpAFOX
4,公众反馈/举报,"{'1': 0.0, '2': 0.0, '3': 0.0, '4': 1.0}",-0.8,R2j3U7Dbb
1,政务发布,"{'1': 1.0, '2': 0.0, '3': 0.0, '4': 0.0}",0.9,R01r9ssV2
4,公众反馈/举报,"{'1': 0.0, '2': 0.0, '3': 0.0, '4': 1.0}",0.0,R2jiZcFoC
1,政务发布,"{'1': 1.0, '2': 0.0, '3': 0.0, '4': 0.0}",1.0,QFTqC0Gls
4,公众反馈/举报,"{'1': 0.0, '2': 0.0, '3': 0.0, '4': 1.0}",0.6,R2ihoBrdA
1,政务发布,"{'1': 1.0, '2': 0.0, '3': 0.0, '4': 0.0}",0.9,R2gYArTyP
4,公众反馈/举报,"{'1': 0.0, '2': 0.2, '3': 0.0, '4': 1.0}",-0.8,R2iGJiRQ1
4,公众反馈/举报,"{'1': 0.0, '2': 0.1, '3': 0.2, '4': 0.7}",-0.8,R2gqjdWYr
3,民生服务,"{'1': 0.0, '2': 0.0, '3': 1.0, '4': 0.0}",0.6,R2gQs3N3L
3,民生服务,"{'1': 0.0, '2': 0.0, '3': 1.0, '4': 0.0}",0.8,R2gKalJ7J
4,公众反馈/举报,"{'1': 0.0, '2': 0.0, '3': 0.0, '4': 1.0}",-1.0,R2cVp5Gsf
4,公众反馈/举报,"{'1': 0.0, '2': 0.2, '3': 0.0, '4': 0.8}",-0.9,R2e1OCkXh
1,政务发布,"{'1': 1.0, '2': 0.0, '3': 0.0, '4': 0.0}",0.9,R2dxX5nXb
4,公众反馈/举报,"{'1': 0.0, '2': 0.0, '3': 0.0, '4': 1.0}",0.0,R002dcaNd
2,城市问题,"{'1': 0.0, '2': 0.7, '3': 0.2, '4': 0.1}",-0.6,QFUFvwZQ8
4,公众反馈/举报,"{'1': 0.0, '2': 0.0, '3': 0.0, '4': 1.0}",-1.0,QFXqWvIeH
1,政务发布,"{'1': 1.0, '2': 0.0, '3': 0.0, '4': 0.0}",0.0,QFTTmCcbj
4,公众反馈/举报,"{'1': 0.0, '2': 0.0, '3': 0.0, '4': 1.0}",-0.5,QFXa9DpJ3
1,政务发布,"{'1': 1.0, '2': 0.0, '3': 0.0, '4': 0.0}",0.8,QFUap86K5
4,公众反馈/举报,"{'1': 0.0, '2': 0.0, '3': 0.0, '4': 1.0}",0.0,QFWcl9H4L
4,公众反馈/举报,"{'1': 0.0, '2': 0.0, '3': 0.0, '4': 1.0}",0.3,QFVLDfBE4
1,政务发布,"{'1': 1.0, '2': 0.0, '3': 0.0, '4': 0.0}",0.8,QFWo09sVA
4,公众反馈/举报,"{'1': 0.0, '2': 0.2, '3': 0.1, '4': 0.7}",-0.8,QFW4tzMyU
4,公众反馈/举报,"{'1': 0.0, '2': 0.0, '3': 0.0, '4': 1.0}",-1.0,QFWCcqDig
4,公众反馈/举报,"{'1': 0.0, '2': 0.0, '3': 0.0, '4': 1.0}",0.0,R002dcaNd
4,公众反馈/举报,"{'1': 0.0, '2': 0.1, '3': 0.2, '4': 0.7}",-0.8,R00OXo5Vt
4,公众反馈/举报,"{'1': 0.0, '2': 0.0, '3': 0.0, '4': 1.0}",-1.0,QFXqWvIeH
1,政务发布,"{'1': 0.8, '2': 0.1, '3': 0.1, '4': 0.0}",-0.5,QFUFvwZQ8
4,公众反馈/举报,"{'1': 0.0, '2': 0.0, '3': 0.0, '4': 1.0}",-0.3,QFXa9DpJ3
1,政务发布,"{'1': 1.0, '2': 0.0, '3': 0.0, '4': 0.0}",0.0,QFTTmCcbj
1,政务发布,"{'1': 1.0, '2': 0.0, '3': 0.0, '4': 0.0}",0.0,QFUap86K5
4,公众反馈/举报,"{'1': 0.0, '2': 0.0, '3': 0.0, '4': 1.0}",-1.0,QFWcl9H4L
4,公众反馈/举报,"{'1': 0.0, '2': 0.0, '3': 0.0, '4': 1.0}",0.3,QFVLDfBE4
1,政务发布,"{'1': 1.0, '2': 0.0, '3': 0.0, '4': 0.0}",0.8,QFWo09sVA
4,公众反馈/举报,"{'1': 0.0, '2': 0.2, '3': 0.0, '4': 0.8}",-0.9,QFWCcqDig
4,公众反馈/举报,"{'1': 0.1, '2': 0.3, '3': 0.1, '4': 0.5}",-0.9,QFW4tzMyU
4,公众反馈/举报,"{'1': 0.0, '2': 0.1, '3': 0.2, '4': 0.7}",-0.9,R00OXo5Vt
1,政务发布,"{'1': 1.0, '2': 0.0, '3': 0.0, '4': 0.0}",0.8,R06WIfSz2
1,政务发布,"{'1': 1.0, '2': 0.0, '3': 0.0, '4': 0.0}",0.0,R06Cq3EMn
1,政务发布,"{'1': 1.0, '2': 0.0, '3': 0.0, '4': 0.0}",0.5,R05WhCUCJ
4,公众反馈/举报,"{'1': 0.0, '2': 0.0, '3': 0.0, '4': 1.0}",-1.0,R026DuDUK
4,公众反馈/举报,"{'1': 0.0, '2': 0.0, '3': 0.0, '4': 1.0}",-0.8,R05D8lNU5
4,公众反馈/举报,"{'1': 0.0, '2': 0.0, '3': 0.0, '4': 1.0}",-0.9,R07Rneqvn
3,民生服务,"{'1': 0.0, '2': 0.0, '3': 1.0, '4': 0.0}",0.8,R06IPehLE
1,政务发布,"{'1': 1.0, '2': 0.0, '3': 0.0, '4': 0.0}",0.0,R07Rul0Bo
1,政务发布,"{'1': 1.0, '2': 0.0, '3': 0.0, '4': 0.0}",0.9,R06DLpqZz
4,公众反馈/举报,"{'1': 0.0, '2': 0.2, '3': 0.1, '4': 0.7}",-0.9,R08a2tMFn
4,公众反馈/举报,"{'1': 0.0, '2': 0.0, '3': 0.0, '4': 1.0}",0.0,QFQBmbGVl
3,民生服务,"{'1': 0.2, '2': 0.0, '3': 0.8, '4': 0.0}",0.9,QFTPu9TCG
4,公众反馈/举报,"{'1': 0.0, '2': 0.1, '3': 0.1, '4': 0.8}",-1.0,QFVVgkiYC
1,政务发布,"{'1': 1.0, '2': 0.0, '3': 0.0, '4': 0.0}",0.8,QFTsvmt1N
4,公众反馈/举报,"{'1': 0.0, '2': 0.0, '3': 0.0, '4': 1.0}",-0.9,QFTZ94n2u
2,城市问题,"{'1': 0.0, '2': 1.0, '3': 0.0, '4': 0.0}",0.9,QFTPu9TCG
4,公众反馈/举报,"{'1': 0.0, '2': 0.0, '3': 0.0, '4': 1.0}",-0.9,QFU7D8peT
3,民生服务,"{'1': 0.0, '2': 0.0, '3': 1.0, '4': 0.0}",0.8,QFQBmbGVl
4,公众反馈/举报,"{'1': 0.0, '2': 0.0, '3': 0.0, '4': 1.0}",-1.0,QFVVgkiYC
3,民生服务,"{'1': 0.0, '2': 0.0, '3': 1.0, '4': 0.0}",0.8,QFTsvmt1N
4,公众反馈/举报,"{'1': 0.0, '2': 0.0, '3': 0.0, '4': 1.0}",-1.0,QFTZ94n2u
4,公众反馈/举报,"{'1': 0.0, '2': 0.0, '3': 0.0, '4': 1.0}",-1.0,QFU7D8peT
4,公众反馈/举报,"{'1': 0.0, '2': 0.0, '3': 0.0, '4': 1.0}",0.5,R07x9rXyN
1,政务发布,"{'1': 1.0, '2': 0.0, '3': 0.0, '4': 0.0}",0.8,R05RUEUVo
1,政务发布,"{'1': 1.0, '2': 0.0, '3': 0.0, '4': 0.0}",0.9,R05RUiVaC
4,公众反馈/举报,"{'1': 0.0, '2': 0.0, '3': 0.0, '4': 1.0}",0.0,R07UG6Ane
1,政务发布,"{'1': 1.0, '2': 0.0, '3': 0.0, '4': 0.0}",0.8,R06fr8xPZ
3,民生服务,"{'1': 0.0, '2': 0.0, '3': 1.0, '4': 0.0}",1.0,R06austad
3,民生服务,"{'1': 0.0, '2': 0.0, '3': 1.0, '4': 0.0}",0.8,R06kTgBLX
4,公众反馈/举报,"{'1': 0.0, '2': 0.0, '3': 0.0, '4': 1.0}",0.0,R09g0vB3m
1,政务发布,"{'1': 1.0, '2': 0.0, '3': 0.0, '4': 0.0}",0.6,R06DXvd0G
2,城市问题,"{'1': 0.0, '2': 1.0, '3': 0.0, '4': 0.0}",0.0,R08W5waaY
3,民生服务,"{'1': 0.0, '2': 0.0, '3': 1.0, '4': 0.0}",0.9,R1j4BleIY
1,政务发布,"{'1': 1.0, '2': 0.0, '3': 0.0, '4': 0.0}",0.9,R1j2RCHB3
1,政务发布,"{'1': 1.0, '2': 0.0, '3': 0.0, '4': 0.0}",1.0,R1meJpqXe
4,公众反馈/举报,"{'1': 0.0, '2': 0.0, '3': 0.0, '4': 1.0}",-0.5,R1oGaopNK
1,政务发布,"{'1': 1.0, '2': 0.0, '3': 0.0, '4': 0.0}",0.3,QFkhI3Nbz
1,政务发布,"{'1': 1.0, '2': 0.0, '3': 0.0, '4': 0.0}",0.6,QFk5sCFhO
4,公众反馈/举报,"{'1': 0.0, '2': 0.3, '3': 0.0, '4': 0.7}",-1.0,QFnty1QLO
1,政务发布,"{'1': 1.0, '2': 0.0, '3': 0.0, '4': 0.0}",0.9,QFir75aAl
4,公众反馈/举报,"{'1': 0.0, '2': 0.0, '3': 0.0, '4': 1.0}",0.9,QFno8fuAL
1,政务发布,"{'1': 1.0, '2': 0.0, '3': 0.0, '4': 0.0}",0.8,QFlh5xeIk
1,政务发布,"{'1': 1.0, '2': 0.0, '3': 0.0, '4': 0.0}",0.8,QFiI3dC1r
1,政务发布,"{'1': 1.0, '2': 0.0, '3': 0.0, '4': 0.0}",0.8,QFi54r4bD
4,公众反馈/举报,"{'1': 0.0, '2': 0.0, '3': 0.0, '4': 1.0}",-0.8,QFnq3C3qB
1,政务发布,"{'1': 1.0, '2': 0.0, '3': 0.0, '4': 0.0}",0.8,QFi53nVXH
4,公众反馈/举报,"{'1': 0.0, '2': 0.0, '3': 0.0, '4': 1.0}",0.0,QFjXEBI5w
1,政务发布,"{'1': 1.0, '2': 0.0, '3': 0.0, '4': 0.0}",0.0,QFeGLoaKh
4,公众反馈/举报,"{'1': 0.0, '2': 0.1, '3': 0.1, '4': 0.8}",-1.0,QFSJmFA7T
3,民生服务,"{'1': 0.0, '2': 0.0, '3': 1.0, '4': 0.0}",0.9,QFUHGhMxI
1,政务发布,"{'1': 1.0, '2': 0.0, '3': 0.0, '4': 0.0}",0.0,QFX8071cf
1,政务发布,"{'1': 1.0, '2': 0.0, '3': 0.0, '4': 0.0}",0.8,QFU3j8QU4
1,政务发布,"{'1': 1.0, '2': 0.0, '3': 0.0, '4': 0.0}",0.8,R00MxlWv6
3,民生服务,"{'1': 0.0, '2': 0.0, '3': 1.0, '4': 0.0}",0.8,R01FH3Djl
1,政务发布,"{'1': 1.0, '2': 0.0, '3': 0.0, '4': 0.0}",0.9,QFWg62Pj8
4,公众反馈/举报,"{'1': 0.0, '2': 0.0, '3': 0.0, '4': 1.0}",-1.0,QFV4c6AaP
1,政务发布,"{'1': 1.0, '2': 0.0, '3': 0.0, '4': 0.0}",0.8,QFWlnkluU
1,政务发布,"{'1': 1.0, '2': 0.0, '3': 0.0, '4': 0.0}",0.5,QFWAuuyCX
4,公众反馈/举报,"{'1': 0.0, '2': 0.0, '3': 0.0, '4': 1.0}",-0.3,QFXiiAYcX
3,民生服务,"{'1': 0.0, '2': 0.0, '3': 1.0, '4': 0.0}",0.3,QFSuXDEjK
1,政务发布,"{'1': 1.0, '2': 0.0, '3': 0.0, '4': 0.0}",0.9,QFU3j8QU4
1,政务发布,"{'1': 1.0, '2': 0.0, '3': 0.0, '4': 0.0}",0.8,QFVuqqpbD
1,政务发布,"{'1': 1.0, '2': 0.0, '3': 0.0, '4': 0.0}",0.0,QFX8071cf
3,民生服务,"{'1': 0.0, '2': 0.0, '3': 1.0, '4': 0.0}",1.0,QFUHGhMxI
1,政务发布,"{'1': 1.0, '2': 0.0, '3': 0.0, '4': 0.0}",0.5,R00MxlWv6
1,政务发布,"{'1': 1.0, '2': 0.0, '3': 0.0, '4': 0.0}",0.7,R01FH3Djl
4,公众反馈/举报,"{'1': 0.0, '2': 0.0, '3': 0.0, '4': 1.0}",-0.9,QFV4c6AaP
4,公众反馈/举报,"{'1': 0.0, '2': 0.0, '3': 0.0, '4': 1.0}",-1.0,QFSJmFA7T
1,政务发布,"{'1': 1.0, '2': 0.0, '3': 0.0, '4': 0.0}",1.0,QFWlnkluU
1,政务发布,"{'1': 1.0, '2': 0.0, '3': 0.0, '4': 0.0}",1.0,QFWg62Pj8
1,政务发布,"{'1': 1.0, '2': 0.0, '3': 0.0, '4': 0.0}",-0.8,QFWAuuyCX
4,公众反馈/举报,"{'1': 0.0, '2': 0.0, '3': 0.0, '4': 1.0}",-0.1,QFXiiAYcX
4,公众反馈/举报,"{'1': 0.0, '2': 0.0, '3': 0.0, '4': 1.0}",0.5,QFSuXDEjK
1,政务发布,"{'1': 1.0, '2': 0.0, '3': 0.0, '4': 0.0}",0.8,QFVuqqpbD
4,公众反馈/举报,"{'1': 0.0, '2': 0.0, '3': 0.0, '4': 1.0}",0.6,R0W0Cp2MX
4,公众反馈/举报,"{'1': 0.0, '2': 0.0, '3': 0.0, '4': 1.0}",0.6,R0SJ0rEWi
4,公众反馈/举报,"{'1': 0.0, '2': 0.0, '3': 0.0, '4': 1.0}",0.5,R0WahrbMH
4,公众反馈/举报,"{'1': 0.0, '2': 0.0, '3': 0.0, '4': 1.0}",-1.0,R0UnvjX37
3,民生服务,"{'1': 0.3, '2': 0.0, '3': 0.7, '4': 0.0}",0.8,QE6NCo6MS
4,公众反馈/举报,"{'1': 0.0, '2': 0.0, '3': 0.0, '4': 1.0}",0.0,R0UaIsfYf
4,公众反馈/举报,"{'1': 0.0, '2': 0.2, '3': 0.1, '4': 0.7}",0.3,QE5SprLzr
1,政务发布,"{'1': 1.0, '2': 0.0, '3': 0.0, '4': 0.0}",0.9,QE4U09wkz
4,公众反馈/举报,"{'1': 0.0, '2': 0.2, '3': 0.0, '4': 0.8}",-0.9,R0SCfoZpu
4,公众反馈/举报,"{'1': 0.0, '2': 0.0, '3': 0.0, '4': 1.0}",0.0,QE16nkDWA
4,公众反馈/举报,"{'1': 0.0, '2': 0.2, '3': 0.1, '4': 0.7}",-0.9,QE4Bi09R5
4,公众反馈/举报,"{'1': 0.0, '2': 0.0, '3': 0.0, '4': 1.0}",0.0,R2jiUsS4e
4,公众反馈/举报,"{'1': 0.0, '2': 0.0, '3': 0.0, '4': 1.0}",0.0,R2gFTtnoh
4,公众反馈/举报,"{'1': 0.0, '2': 0.0, '3': 0.0, '4': 1.0}",-0.8,R2j3EqIuw
4,公众反馈/举报,"{'1': 0.0, '2': 0.6, '3': 0.0, '4': 1.0}",-1.0,R2grysZxE
4,公众反馈/举报,"{'1': 0.0, '2': 0.0, '3': 0.0, '4': 1.0}",-0.8,R2gVq1hqH
4,公众反馈/举报,"{'1': 0.0, '2': 0.0, '3': 0.0, '4': 1.0}",-1.0,R2bmErkwE
3,民生服务,"{'1': 0.3, '2': 0.0, '3': 0.7, '4': 0.0}",0.8,R2eUAuvLI
1,政务发布,"{'1': 1.0, '2': 0.0, '3': 0.0, '4': 0.0}",0.0,R247Js5TZ
4,公众反馈/举报,"{'1': 0.0, '2': 0.0, '3': 0.0, '4': 1.0}",0.2,R24becOVR
1,政务发布,"{'1': 1.0, '2': 0.0, '3': 0.0, '4': 0.0}",0.8,R0WwelEWo
3,民生服务,"{'1': 0.0, '2': 0.0, '3': 1.0, '4': 0.0}",0.0,R0VHpuAie
3,民生服务,"{'1': 0.0, '2': 0.0, '3': 1.0, '4': 0.0}",0.5,R0WriB1Cm
3,民生服务,"{'1': 0.0, '2': 0.0, '3': 1.0, '4': 0.0}",0.0,R0TnjrlLY
1,政务发布,"{'1': 1.0, '2': 0.0, '3': 0.0, '4': 0.0}",0.6,R0VEM7rDE
4,公众反馈/举报,"{'1': 0.0, '2': 0.0, '3': 0.0, '4': 1.0}",0.0,R0R9Uhvi6
1,政务发布,"{'1': 1.0, '2': 0.0, '3': 0.0, '4': 0.0}",0.0,R0VI8gISF
4,公众反馈/举报,"{'1': 0.0, '2': 0.0, '3': 0.0, '4': 1.0}",-0.9,QFXei8Rvw
3,民生服务,"{'1': 0.0, '2': 0.0, '3': 1.0, '4': 0.0}",0.3,R0VN1ElUP
3,民生服务,"{'1': 0.0, '2': 0.0, '3': 1.0, '4': 0.0}",0.3,QFUJoD8PG
3,民生服务,"{'1': 0.0, '2': 0.0, '3': 1.0, '4': 0.0}",0.8,QFTlGdQRM
4,公众反馈/举报,"{'1': 0.0, '2': 0.0, '3': 0.0, '4': 1.0}",-0.8,QFQF9hHg1
3,民生服务,"{'1': 0.0, '2': 0.0, '3': 1.0, '4': 0.0}",0.8,QFX3i97qX
2,城市问题,"{'1': 0.0, '2': 0.8, '3': 0.1, '4': 0.1}",0.2,R00daeAaH
4,公众反馈/举报,"{'1': 0.0, '2': 0.5, '3': 0.0, '4': 0.5}",-0.8,QFWcE9UWr
4,公众反馈/举报,"{'1': 0.0, '2': 0.1, '3': 0.1, '4': 0.8}",-0.8,QFU50mFFY
1,政务发布,"{'1': 1.0, '2': 0.0, '3': 0.0, '4': 0.0}",0.8,QFVMaxncm
2,城市问题,"{'1': 0.0, '2': 1.0, '3': 0.0, '4': 0.0}",-0.8,R00Ly7BIp
4,公众反馈/举报,"{'1': 0.0, '2': 0.0, '3': 0.0, '4': 1.0}",0.8,QFX3QhWmL
4,公众反馈/举报,"{'1': 0.0, '2': 0.0, '3': 0.0, '4': 1.0}",-0.9,QFXei8Rvw
3,民生服务,"{'1': 0.0, '2': 0.0, '3': 1.0, '4': 0.0}",0.3,QFUJoD8PG
1,政务发布,"{'1': 1.0, '2': 0.0, '3': 0.0, '4': 0.0}",0.8,QFTlGdQRM
4,公众反馈/举报,"{'1': 0.0, '2': 0.0, '3': 0.0, '4': 1.0}",-1.0,QFQF9hHg1
4,公众反馈/举报,"{'1': 0.0, '2': 0.0, '3': 0.0, '4': 1.0}",-0.8,QFWcE9UWr
3,民生服务,"{'1': 0.0, '2': 0.0, '3': 1.0, '4': 0.0}",0.8,QFX3i97qX
4,公众反馈/举报,"{'1': 0.0, '2': 0.0, '3': 0.0, '4': 1.0}",0.2,R00daeAaH
4,公众反馈/举报,"{'1': 0.0, '2': 0.2, '3': 0.1, '4': 0.7}",-0.8,QFU50mFFY
3,民生服务,"{'1': 0.2, '2': 0.0, '3': 0.8, '4': 0.0}",0.8,QFVMaxncm
1,政务发布,"{'1': 1.0, '2': 0.0, '3': 0.0, '4': 0.0}",0.9,QFX3QhWmL
2,城市问题,"{'1': 0.0, '2': 1.0, '3': 0.0, '4': 0.0}",-0.6,R00Ly7BIp
1,政务发布,"{'1': 1.0, '2': 0.0, '3': 0.0, '4': 0.0}",-0.3,QFRbpb9KC
4,公众反馈/举报,"{'1': 0.0, '2': 0.0, '3': 0.0, '4': 1.0}",-0.9,QFTOgw4pC
4,公众反馈/举报,"{'1': 0.0, '2': 0.0, '3': 0.0, '4': 1.0}",-1.0,QFWYqnQIw
3,民生服务,"{'1': 0.0, '2': 0.0, '3': 1.0, '4': 0.0}",0.5,QFUQrnukd
4,公众反馈/举报,"{'1': 0.0, '2': 0.0, '3': 0.0, '4': 1.0}",0.0,QFXlZhyEK
1,政务发布,"{'1': 1.0, '2': 0.0, '3': 0.0, '4': 0.0}",0.8,R00eGcBTy
1,政务发布,"{'1': 1.0, '2': 0.0, '3': 0.0, '4': 0.0}",0.9,QFV8GerZq
2,城市问题,"{'1': 0.0, '2': 0.0, '3': 0.0, '4': 1.0}",0.5,R00M7e4gv
4,公众反馈/举报,"{'1': 0.0, '2': 0.0, '3': 0.0, '4': 1.0}",-0.9,QFTOgw4pC
1,政务发布,"{'1': 1.0, '2': 0.0, '3': 0.0, '4': 0.0}",-0.3,QFRbpb9KC
4,公众反馈/举报,"{'1': 0.0, '2': 0.0, '3': 0.0, '4': 1.0}",-1.0,QFWYqnQIw
1,政务发布,"{'1': 1.0, '2': 0.0, '3': 0.0, '4': 0.0}",0.5,QFUQrnukd
1,政务发布,"{'1': 1.0, '2': 0.0, '3': 0.0, '4': 0.0}",0.95,QFV8GerZq
4,公众反馈/举报,"{'1': 0.0, '2': 0.0, '3': 0.0, '4': 1.0}",0.0,QFXlZhyEK
1,政务发布,"{'1': 1.0, '2': 0.0, '3': 0.0, '4': 0.0}",0.8,R00eGcBTy
4,公众反馈/举报,"{'1': 0.0, '2': 0.0, '3': 0.0, '4': 1.0}",0.6,R00M7e4gv
4,公众反馈/举报,"{'1': 0.0, '2': 0.0, '3': 0.0, '4': 1.0}",-0.5,QDXYL3kBr
3,民生服务,"{'1': 0.2, '2': 0.0, '3': 0.8, '4': 0.0}",0.8,QDWKh8Mlf
3,民生服务,"{'1': 0.0, '2': 0.0, '3': 1.0, '4': 0.0}",0.7,QDXFczwRw
2,城市问题,"{'1': 0.0, '2': 1.0, '3': 0.0, '4': 0.0}",0.5,QE0LS3ViB
4,公众反馈/举报,"{'1': 0.0, '2': 0.0, '3': 0.0, '4': 1.0}",0.0,QDZdR4Y5i
4,公众反馈/举报,"{'1': 0.0, '2': 0.0, '3': 0.0, '4': 1.0}",0.0,QDW6zo074
3,民生服务,"{'1': 0.0, '2': 0.0, '3': 1.0, '4': 0.0}",0.8,QFUy6bvL6
2,城市问题,"{'1': 0.0, '2': 1.0, '3': 0.0, '4': 0.0}",0.0,QFXe8EaQW
1,政务发布,"{'1': 1.0, '2': 0.0, '3': 0.0, '4': 0.0}",0.7,QFW4EhuXv
3,民生服务,"{'1': 0.0, '2': 0.0, '3': 1.0, '4': 0.0}",-0.6,QFV3lvFec
1,政务发布,"{'1': 1.0, '2': 0.0, '3': 0.0, '4': 0.0}",0.5,QFVRHsw63
1,政务发布,"{'1': 1.0, '2': 0.0, '3': 0.0, '4': 0.0}",1.0,QFVwCddNA
1,政务发布,"{'1': 1.0, '2': 0.0, '3': 0.0, '4': 0.0}",1.0,R01xQhuz5
4,公众反馈/举报,"{'1': 0.0, '2': 0.1, '3': 0.0, '4': 0.9}",-1.0,R003Ot9Q0
1,政务发布,"{'1': 0.8, '2': 0.0, '3': 0.2, '4': 0.0}",0.3,QFWlze0wg
4,公众反馈/举报,"{'1': 0.0, '2': 0.0, '3': 0.0, '4': 1.0}",0.0,QFTV6txkj
4,公众反馈/举报,"{'1': 0.0, '2': 0.0, '3': 0.0, '4': 1.0}",-1.0,QFSPWo1ot
3,民生服务,"{'1': 0.0, '2': 0.2, '3': 0.8, '4': 0.0}",0.6,QFUy6bvL6
1,政务发布,"{'1': 1.0, '2': 0.0, '3': 0.0, '4': 0.0}",-0.8,QFWyE507C
3,民生服务,"{'1': 0.0, '2': 0.0, '3': 1.0, '4': 0.0}",0.0,QFV3lvFec
4,公众反馈/举报,"{'1': 0.0, '2': 0.0, '3': 0.0, '4': 1.0}",0.0,QFXe8EaQW
1,政务发布,"{'1': 1.0, '2': 0.0, '3': 0.0, '4': 0.0}",0.4,QFVRHsw63
1,政务发布,"{'1': 1.0, '2': 0.0, '3': 0.0, '4': 0.0}",1.0,QFW4EhuXv
4,公众反馈/举报,"{'1': 0.0, '2': 0.2, '3': 0.0, '4': 0.8}",-0.9,R003Ot9Q0
1,政务发布,"{'1': 1.0, '2': 0.0, '3': 0.0, '4': 0.0}",0.5,R01xQhuz5
3,民生服务,"{'1': 0.0, '2': 0.0, '3': 1.0, '4': 0.0}",0.5,QFWlze0wg
4,公众反馈/举报,"{'1': 0.0, '2': 0.0, '3': 0.0, '4': 1.0}",-1.0,QFSPWo1ot
1,政务发布,"{'1': 1.0, '2': 0.0, '3': 0.0, '4': 0.0}",0.8,QFVwCddNA
1,政务发布,"{'1': 1.0, '2': 0.0, '3': 0.0, '4': 0.0}",-0.8,QFWyE507C
1,政务发布,"{'1': 0.9, '2': 0.0, '3': 0.1, '4': 0.0}",0.3,QFTV6txkj
4,公众反馈/举报,"{'1': 0.0, '2': 0.0, '3': 0.0, '4': 1.0}",-1.0,R0SrdgNLX
1,政务发布,"{'1': 1.0, '2': 0.0, '3': 0.0, '4': 0.0}",0.3,R0TRExrTC
4,公众反馈/举报,"{'1': 0.0, '2': 0.0, '3': 0.0, '4': 1.0}",0.0,R0Wtxdt4H
3,民生服务,"{'1': 0.3, '2': 0.0, '3': 0.7, '4': 0.0}",0.0,R0W6vm9R4
4,公众反馈/举报,"{'1': 0.0, '2': 0.0, '3': 0.0, '4': 1.0}",-0.9,R0QYOqrFm
4,公众反馈/举报,"{'1': 0.0, '2': 0.0, '3': 0.0, '4': 1.0}",0.0,R0V9q3PLr
3,民生服务,"{'1': 0.0, '2': 0.0, '3': 1.0, '4': 0.0}",0.8,R0TEDuNQu
3,民生服务,"{'1': 0.0, '2': 0.0, '3': 1.0, '4': 0.0}",0.8,R06PSf7rm
4,公众反馈/举报,"{'1': 0.0, '2': 0.0, '3': 1.0, '4': 0.0}",0.0,R0VGXrpu7
1,政务发布,"{'1': 1.0, '2': 0.0, '3': 0.0, '4': 0.0}",0.8,R06FOs0EX
4,公众反馈/举报,"{'1': 0.0, '2': 0.2, '3': 0.0, '4': 0.8}",-1.0,R07aKr1el
1,政务发布,"{'1': 1.0, '2': 0.0, '3': 0.0, '4': 0.0}",0.9,R07zE9vR1
1,政务发布,"{'1': 1.0, '2': 0.0, '3': 0.0, '4': 0.0}",0.8,R07IruisU
3,民生服务,"{'1': 0.0, '2': 0.0, '3': 1.0, '4': 0.0}",0.9,R07mJvcPF
4,公众反馈/举报,"{'1': 0.0, '2': 0.0, '3': 0.0, '4': 1.0}",-0.8,R05A8chtk
4,公众反馈/举报,"{'1': 0.0, '2': 0.0, '3': 0.0, '4': 1.0}",-0.9,R08azsQpQ
4,公众反馈/举报,"{'1': 0.0, '2': 0.0, '3': 0.0, '4': 1.0}",-0.9,R08ZwlWa1
3,民生服务,"{'1': 0.0, '2': 0.0, '3': 1.0, '4': 0.0}",0.8,R07DYEYVA
4,公众反馈/举报,"{'1': 0.0, '2': 0.0, '3': 0.0, '4': 1.0}",-0.9,R07PRz7Yj
4,公众反馈/举报,"{'1': 0.0, '2': 0.0, '3': 0.0, '4': 1.0}",-0.8,R07PeC8qF
4,公众反馈/举报,"{'1': 0.0, '2': 0.0, '3': 1.0, '4': 0.0}",0.0,QDYp4ntcG
3,民生服务,"{'1': 0.0, '2': 0.0, '3': 1.0, '4': 0.0}",0.8,R096LiDso
4,公众反馈/举报,"{'1': 0.0, '2': 0.0, '3': 0.0, '4': 1.0}",-1.0,QDX04x6aT
4,公众反馈/举报,"{'1': 0.0, '2': 0.0, '3': 0.0, '4': 1.0}",1.0,QDU9skhcX
1,政务发布,"{'1': 1.0, '2': 0.0, '3': 0.0, '4': 0.0}",0.2,QFnofCyjg
1,政务发布,"{'1': 1.0, '2': 0.0, '3': 0.0, '4': 0.0}",0.0,QFjN1tRPz
1,政务发布,"{'1': 1.0, '2': 0.0, '3': 0.0, '4': 0.0}",0.6,QFmzy2bKO
4,公众反馈/举报,"{'1': 0.0, '2': 0.0, '3': 0.0, '4': 1.0}",-0.9,QFl8k7JSN
1,政务发布,"{'1': 1.0, '2': 0.0, '3': 0.0, '4': 0.0}",0.8,QFkTBl8Gx
3,民生服务,"{'1': 0.0, '2': 0.0, '3': 1.0, '4': 0.0}",0.0,QFgBD6nbd
3,民生服务,"{'1': 0.0, '2': 0.0, '3': 1.0, '4': 0.0}",0.5,QFnrsz0kW
1,政务发布,"{'1': 1.0, '2': 0.0, '3': 0.0, '4': 0.0}",0.8,QFlhXgOEA
3,民生服务,"{'1': 0.0, '2': 0.0, '3': 1.0, '4': 0.0}",0.0,QFntWiSmg
4,公众反馈/举报,"{'1': 0.0, '2': 0.0, '3': 0.0, '4': 1.0}",-0.6,QFmVbd5uE
1,政务发布,"{'1': 1.0, '2': 0.0, '3': 0.0, '4': 0.0}",0.0,QFm15x3ss
2,城市问题,"{'1': 0.0, '2': 0.8, '3': 0.0, '4': 0.2}",0.3,QFllUv6oX
4,公众反馈/举报,"{'1': 0.0, '2': 0.4, '3': 0.3, '4': 0.3}",-0.6,QFlK7vy1M
4,公众反馈/举报,"{'1': 0.0, '2': 0.0, '3': 0.0, '4': 1.0}",-0.8,QFlg7frOS
1,政务发布,"{'1': 1.0, '2': 0.0, '3': 0.0, '4': 0.0}",0.0,QFix25eHO
4,公众反馈/举报,"{'1': 0.0, '2': 0.0, '3': 0.0, '4': 1.0}",0.5,R1tDZ1lQH
1,政务发布,"{'1': 0.9, '2': 0.0, '3': 0.1, '4': 0.0}",0.8,R1GdPm74H
4,公众反馈/举报,"{'1': 0.0, '2': 0.0, '3': 0.0, '4': 1.0}",0.0,R1py0ha01
1,政务发布,"{'1': 0.9, '2': 0.0, '3': 0.0, '4': 0.1}",-0.8,R1sHM40WW
4,公众反馈/举报,"{'1': 0.0, '2': 0.0, '3': 0.0, '4': 1.0}",-0.5,R1HDpBqTm
4,公众反馈/举报,"{'1': 0.0, '2': 0.6, '3': 0.1, '4': 0.3}",-0.7,R1FdBzkxi
4,公众反馈/举报,"{'1': 0.0, '2': 0.0, '3': 0.0, '4': 1.0}",0.8,R1HldiwjI
3,民生服务,"{'1': 0.0, '2': 0.0, '3': 1.0, '4': 0.0}",0.8,R1HlIsUFS
3,民生服务,"{'1': 0.0, '2': 0.0, '3': 1.0, '4': 0.0}",0.0,R1zcNrLqv
1,政务发布,"{'1': 1.0, '2': 0.0, '3': 0.0, '4': 0.0}",0.8,R1cQl6BHz
1,政务发布,"{'1': 1.0, '2': 0.0, '3': 0.0, '4': 0.0}",0.8,R1cuZwzxK
1,政务发布,"{'1': 1.0, '2': 0.0, '3': 0.0, '4': 0.0}",0.7,R1eNLmFNC
4,公众反馈/举报,"{'1': 0.0, '2': 0.0, '3': 0.2, '4': 0.8}",-0.8,R0UEmC00l
4,公众反馈/举报,"{'1': 0.1, '2': 0.3, '3': 0.2, '4': 0.4}",0.0,R19kywxvw
1,政务发布,"{'1': 1.0, '2': 0.0, '3': 0.0, '4': 0.0}",0.8,R0RJheYue
4,公众反馈/举报,"{'1': 0.0, '2': 0.0, '3': 0.0, '4': 1.0}",-1.0,R0VBM5Cbj
3,民生服务,"{'1': 0.0, '2': 0.0, '3': 1.0, '4': 0.0}",0.0,R0UW7bO64
3,民生服务,"{'3': 1.0, '1': 0.0, '2': 0.0, '4': 0.0}",0.8,R0TMJgKuc
1,政务发布,"{'1': 1.0, '2': 0.0, '3': 0.0, '4': 0.0}",0.9,QFnpVDkbG
1,政务发布,"{'1': 1.0, '2': 0.0, '3': 0.0, '4': 0.0}",0.0,R0UJwuggv
3,民生服务,"{'1': 0.0, '2': 0.0, '3': 1.0, '4': 0.0}",0.0,R0VHYdVC4
1,政务发布,"{'1': 1.0, '2': 0.0, '3': 0.0, '4': 0.0}",0.8,QFktVewcf
3,民生服务,"{'1': 0.0, '2': 0.0, '3': 1.0, '4': 0.0}",0.5,QFkT81D8z
1,政务发布,"{'1': 1.0, '2': 0.0, '3': 0.0, '4': 0.0}",0.0,QFhabhzoL
1,政务发布,"{'1': 1.0, '2': 0.0, '3': 0.0, '4': 0.0}",0.9,QFkNJB4SD
1,政务发布,"{'1': 1.0, '2': 0.0, '3': 0.0, '4': 0.0}",0.0,QFjiA9k8x
1,政务发布,"{'1': 1.0, '2': 0.0, '3': 0.0, '4': 0.0}",0.9,QFkgHwFZV
4,公众反馈/举报,"{'1': 0.0, '2': 0.3, '3': 0.2, '4': 0.5}",-0.3,QFlbzufi5
1,政务发布,"{'1': 1.0, '2': 0.0, '3': 0.0, '4': 0.0}",0.9,QFhHq3njc
1,政务发布,"{'1': 1.0, '2': 0.0, '3': 0.0, '4': 0.0}",0.8,QFi7Fo8D7
3,民生服务,"{'1': 0.0, '2': 0.0, '3': 1.0, '4': 0.0}",0.0,QFnmR8sgQ
1,政务发布,"{'1': 1.0, '2': 0.0, '3': 0.0, '4': 0.0}",0.9,QFir2mtiw
1,政务发布,"{'1': 1.0, '2': 0.0, '3': 0.0, '4': 0.0}",1.0,QFjESt09s
4,公众反馈/举报,"{'1': 0.0, '2': 0.0, '3': 0.0, '4': 1.0}",0.0,QFkxa2V9o
1,政务发布,"{'1': 1.0, '2': 0.0, '3': 0.0, '4': 0.0}",0.8,QE4ZUDqYv
1,政务发布,"{'1': 1.0, '2': 0.0, '3': 0.0, '4': 0.0}",0.8,QE4QYwdLd
4,公众反馈/举报,"{'1': 0.0, '2': 0.0, '3': 0.0, '4': 1.0}",-1.0,QE4C7tjuh
1,政务发布,"{'1': 1.0, '2': 0.0, '3': 0.0, '4': 0.0}",0.9,QE4DG71xg
1,政务发布,"{'1': 1.0, '2': 0.0, '3': 0.0, '4': 0.0}",0.8,QE968BI3j
1,政务发布,"{'1': 1.0, '2': 0.0, '3': 0.0, '4': 0.0}",0.8,QE5jwAroQ
4,公众反馈/举报,"{'1': 0.0, '2': 0.1, '3': 0.0, '4': 0.9}",-1.0,QFhVnwVp7
1,政务发布,"{'1': 1.0, '2': 0.0, '3': 0.0, '4': 0.0}",0.8,QFkYjv8wc
1,政务发布,"{'1': 1.0, '2': 0.0, '3': 0.0, '4': 0.0}",0.8,QFiqYsCEx
3,民生服务,"{'1': 0.0, '2': 0.0, '3': 1.0, '4': 0.0}",0.0,QFk6cyxal
1,政务发布,"{'1': 1.0, '2': 0.0, '3': 0.0, '4': 0.0}",0.9,QFjrNC0Ip
3,民生服务,"{'1': 0.0, '2': 0.0, '3': 1.0, '4': 0.0}",0.0,QFniNEpmP
4,公众反馈/举报,"{'1': 0.0, '2': 0.0, '3': 0.0, '4': 1.0}",0.1,QFmVuccs2
1,政务发布,"{'1': 1.0, '2': 0.0, '3': 0.0, '4': 0.0}",0.0,QFimBxVDZ
4,公众反馈/举报,"{'1': 0.0, '2': 0.0, '3': 0.0, '4': 1.0}",0.3,QFk6Q1FqM
4,公众反馈/举报,"{'1': 0.0, '2': 0.0, '3': 0.0, '4': 1.0}",-0.3,QFlId7IZ5
3,民生服务,"{'1': 0.0, '2': 0.0, '3': 1.0, '4': 0.0}",0.8,QFlkpsydV
4,公众反馈/举报,"{'1': 0.0, '2': 0.0, '3': 0.0, '4': 1.0}",-1.0,R2iwCleST
1,政务发布,"{'1': 1.0, '2': 0.0, '3': 0.0, '4': 0.0}",0.0,QFhaDExCW
4,公众反馈/举报,"{'1': 0.0, '2': 0.0, '3': 0.0, '4': 1.0}",0.0,QFna4iWLi
1,政务发布,"{'1': 1.0, '2': 0.0, '3': 0.0, '4': 0.0}",0.9,R2fH4c2ms
4,公众反馈/举报,"{'1': 0.0, '2': 0.0, '3': 0.0, '4': 1.0}",-1.0,R2eM42zwO
1,政务发布,"{'1': 1.0, '2': 0.0, '3': 0.0, '4': 0.0}",0.3,R2ejUwWl1
1,政务发布,"{'1': 0.4, '2': 0.0, '3': 0.6, '4': 0.0}",0.0,R2gj1ptJO
3,民生服务,"{'1': 0.0, '2': 0.0, '3': 1.0, '4': 0.0}",0.8,R2ejZCJEF
3,民生服务,"{'1': 0.3, '2': 0.1, '3': 0.6, '4': 0.0}",0.8,R2f6ZmMGC
4,公众反馈/举报,"{'1': 0.0, '2': 0.4, '3': 0.1, '4': 0.5}",-0.9,QFX6B5G5t
1,政务发布,"{'1': 1.0, '2': 0.0, '3': 0.0, '4': 0.0}",0.85,QFW3zrewL
4,公众反馈/举报,"{'1': 0.0, '2': 0.0, '3': 0.0, '4': 1.0}",0.0,QFWJoFpQN
4,公众反馈/举报,"{'1': 0.0, '2': 0.0, '3': 0.0, '4': 1.0}",0.0,R01iMhMJo
4,公众反馈/举报,"{'1': 0.0, '2': 0.0, '3': 0.0, '4': 1.0}",-0.9,QFSJDbkuF
4,公众反馈/举报,"{'1': 0.0, '2': 0.5, '3': 0.0, '4': 0.5}",-0.95,QFWA7iTiB
4,公众反馈/举报,"{'1': 0.0, '2': 0.0, '3': 0.0, '4': 1.0}",-0.8,R01zSzAM5
4,公众反馈/举报,"{'1': 0.0, '2': 0.0, '3': 0.0, '4': 1.0}",-1.0,QFX6B5G5t
2,城市问题,"{'1': 0.2, '2': 0.6, '3': 0.2, '4': 0.0}",0.8,QFW3zrewL
4,公众反馈/举报,"{'1': 0.0, '2': 0.0, '3': 0.0, '4': 1.0}",0.0,QFWJoFpQN
4,公众反馈/举报,"{'1': 0.0, '2': 0.0, '3': 0.0, '4': 1.0}",-1.0,QFSJDbkuF
4,公众反馈/举报,"{'1': 0.0, '2': 0.3, '3': 0.1, '4': 0.6}",-0.9,QFWA7iTiB
3,民生服务,"{'1': 0.2, '2': 0.0, '3': 0.8, '4': 0.0}",0.0,R01iMhMJo
4,公众反馈/举报,"{'1': 0.0, '2': 0.0, '3': 0.0, '4': 1.0}",-0.8,R01zSzAM5
4,公众反馈/举报,"{'1': 0.0, '2': 0.0, '3': 0.0, '4': 1.0}",0.5,R06emmG3k
3,民生服务,"{'1': 0.0, '2': 0.0, '3': 1.0, '4': 0.0}",0.8,R07J13Atn
4,公众反馈/举报,"{'1': 0.0, '2': 0.0, '3': 0.0, '4': 1.0}",0.2,R09lVp4wl
1,政务发布,"{'1': 1.0, '2': 0.0, '3': 0.0, '4': 0.0}",0.9,R08Z8vjnd
4,公众反馈/举报,"{'1': 0.0, '2': 0.0, '3': 0.2, '4': 0.8}",-0.9,R05QsrXA1
4,公众反馈/举报,"{'1': 0.0, '2': 0.0, '3': 0.0, '4': 1.0}",-1.0,R06pFzPCh
4,公众反馈/举报,"{'1': 0.2, '2': 0.0, '3': 0.1, '4': 0.7}",0.8,R07WRbacQ
1,政务发布,"{'1': 1.0, '2': 0.0, '3': 0.0, '4': 0.0}",0.8,QFlc0fYs6
4,公众反馈/举报,"{'1': 0.0, '2': 0.0, '3': 0.0, '4': 1.0}",-0.5,QFnHegzWl
1,政务发布,"{'1': 1.0, '2': 0.0, '3': 0.0, '4': 0.0}",1.0,QFlWuql5o
3,民生服务,"{'1': 0.0, '2': 0.0, '3': 1.0, '4': 0.0}",0.7,QFnzs6tRw
4,公众反馈/举报,"{'1': 0.0, '2': 0.0, '3': 0.0, '4': 1.0}",-0.9,QFkRa4QzS
1,政务发布,"{'1': 1.0, '2': 0.0, '3': 0.0, '4': 0.0}",0.8,QFkFFk1P9
1,政务发布,"{'1': 1.0, '2': 0.0, '3': 0.0, '4': 0.0}",0.8,QFkr6gpxA
1,政务发布,"{'1': 1.0, '2': 0.0, '3': 0.0, '4': 0.0}",0.5,QFlkd0MiZ
3,民生服务,"{'1': 0.0, '2': 0.0, '3': 1.0, '4': 0.0}",0.8,QFgfQhZ1l
4,公众反馈/举报,"{'1': 0.0, '2': 0.0, '3': 0.0, '4': 1.0}",-0.6,QFipl5lIq
4,公众反馈/举报,"{'1': 0.0, '2': 0.0, '3': 0.0, '4': 1.0}",0.5,QFk5N9YKn
1,政务发布,"{'1': 1.0, '2': 0.0, '3': 0.0, '4': 0.0}",0.8,QFi5CpYlB
1,政务发布,"{'1': 1.0, '2': 0.0, '3': 0.0, '4': 0.0}",0.8,QFllouNld
4,公众反馈/举报,"{'1': 0.0, '2': 0.0, '3': 0.0, '4': 1.0}",-1.0,QFlJz1Qwv
1,政务发布,"{'1': 1.0, '2': 0.0, '3': 0.0, '4': 0.0}",0.6,QFi0elGlh
1,政务发布,"{'1': 1.0, '2': 0.0, '3': 0.0, '4': 0.0}",0.5,QFhJgu3nF
4,公众反馈/举报,"{'1': 0.0, '2': 0.3, '3': 0.2, '4': 0.5}",-1.0,QFkxAkIYy
1,政务发布,"{'1': 1.0, '2': 0.0, '3': 0.0, '4': 0.0}",0.9,QFivKyERf
4,公众反馈/举报,"{'1': 0.0, '2': 0.1, '3': 0.0, '4': 0.9}",0.0,QFmpaaAnn
4,公众反馈/举报,"{'1': 0.0, '2': 0.0, '3': 0.0, '4': 1.0}",-0.3,R117qz6LO
4,公众反馈/举报,"{'1': 0.0, '2': 0.0, '3': 0.0, '4': 1.0}",0.0,R10qw4glp
1,政务发布,"{'1': 1.0, '2': 0.0, '3': 0.0, '4': 0.0}",0.9,R10BeACiw
1,政务发布,"{'1': 1.0, '2': 0.0, '3': 0.0, '4': 0.0}",0.0,R15Ar1QEn
1,政务发布,"{'1': 0.9, '2': 0.0, '3': 0.1, '4': 0.0}",0.8,R14eH5e3X
4,公众反馈/举报,"{'1': 0.0, '2': 0.0, '3': 0.0, '4': 1.0}",-0.9,R278t4hRP
4,公众反馈/举报,"{'1': 0.0, '2': 0.0, '3': 0.0, '4': 1.0}",0.6,R29zt4kCA
4,公众反馈/举报,"{'1': 0.0, '2': 0.0, '3': 0.0, '4': 1.0}",0.0,R27y29QuV
1,政务发布,"{'1': 1.0, '2': 0.0, '3': 0.0, '4': 0.0}",0.9,R270wu51a
4,公众反馈/举报,"{'1': 0.0, '2': 0.0, '3': 0.0, '4': 1.0}",0.0,R2iiouIqK
4,公众反馈/举报,"{'1': 0.0, '2': 0.0, '3': 0.0, '4': 1.0}",-0.5,R2gDEiQxE
3,民生服务,"{'1': 0.0, '2': 0.0, '3': 1.0, '4': 0.0}",0.8,R2hwMfajx
1,政务发布,"{'1': 1.0, '2': 0.0, '3': 0.0, '4': 0.0}",0.0,R2fIw6hzC
3,民生服务,"{'1': 0.0, '2': 0.0, '3': 1.0, '4': 0.0}",0.5,QFWin37kM
4,公众反馈/举报,"{'1': 0.0, '2': 0.0, '3': 0.0, '4': 1.0}",-0.3,QFWhjnGQX
3,民生服务,"{'1': 0.3, '2': 0.0, '3': 0.7, '4': 0.0}",0.9,QFTWq34di
1,政务发布,"{'1': 1.0, '2': 0.0, '3': 0.0, '4': 0.0}",0.8,R00UubxHs
4,公众反馈/举报,"{'1': 0.0, '2': 0.0, '3': 0.0, '4': 1.0}",-0.8,R007Vb2oa
4,公众反馈/举报,"{'1': 0.0, '2': 0.0, '3': 0.0, '4': 1.0}",-0.9,R00MOD1ll
1,政务发布,"{'1': 1.0, '2': 0.0, '3': 0.0, '4': 0.0}",0.3,R01fcmRsp
1,政务发布,"{'1': 1.0, '2': 0.0, '3': 0.0, '4': 0.0}",0.8,QFWg3EHlY
1,政务发布,"{'1': 1.0, '2': 0.0, '3': 0.0, '4': 0.0}",0.0,QFWAYu7pf
1,政务发布,"{'1': 1.0, '2': 0.0, '3': 0.0, '4': 0.0}",0.6,QFXjRpH1S
3,民生服务,"{'1': 0.0, '2': 0.0, '3': 1.0, '4': 0.0}",0.5,QFWuUbHjw
4,公众反馈/举报,"{'1': 0.0, '2': 0.2, '3': 0.2, '4': 0.6}",-0.8,R00Wib1Uk
3,民生服务,"{'1': 0.0, '2': 0.2, '3': 0.8, '4': 0.0}",0.7,QFWin37kM
1,政务发布,"{'1': 1.0, '2': 0.0, '3': 0.0, '4': 0.0}",0.9,QFTWq34di
4,公众反馈/举报,"{'1': 0.0, '2': 0.0, '3': 0.0, '4': 1.0}",-0.8,QFWhjnGQX
1,政务发布,"{'1': 1.0, '2': 0.0, '3': 0.0, '4': 0.0}",1.0,R00UubxHs
4,公众反馈/举报,"{'1': 0.0, '2': 0.1, '3': 0.2, '4': 0.7}",-0.9,R00MOD1ll
4,公众反馈/举报,"{'1': 0.0, '2': 0.0, '3': 0.0, '4': 1.0}",-0.5,R007Vb2oa
1,政务发布,"{'1': 1.0, '2': 0.0, '3': 0.0, '4': 0.0}",0.8,QFWg3EHlY
1,政务发布,"{'1': 1.0, '2': 0.0, '3': 0.0, '4': 0.0}",0.8,QFWAYu7pf
1,政务发布,"{'1': 1.0, '2': 0.0, '3': 0.0, '4': 0.0}",0.3,R01fcmRsp
1,政务发布,"{'1': 1.0, '2': 0.0, '3': 0.0, '4': 0.0}",0.5,QFXjRpH1S
1,政务发布,"{'1': 1.0, '2': 0.0, '3': 0.0, '4': 0.0}",0.2,QFWuUbHjw
4,公众反馈/举报,"{'1': 0.0, '2': 0.0, '3': 0.0, '4': 1.0}",0.0,R10E5noH9
4,公众反馈/举报,"{'1': 0.0, '2': 0.3, '3': 0.5, '4': 1.0}",-0.9,R00Wib1Uk
3,民生服务,"{'1': 0.0, '2': 0.0, '3': 1.0, '4': 0.0}",0.0,R10B4xQUn
4,公众反馈/举报,"{'1': 0.0, '2': 0.0, '3': 0.0, '4': 1.0}",0.0,R1u6a9jVA
4,公众反馈/举报,"{'1': 0.0, '2': 0.0, '3': 0.0, '4': 1.0}",0.0,R1td8FJD4
1,政务发布,"{'1': 1.0, '2': 0.0, '3': 0.0, '4': 0.0}",0.8,R1sGszYkD
1,政务发布,"{'1': 1.0, '2': 0.0, '3': 0.0, '4': 0.0}",0.8,R1szrlBb2
1,政务发布,"{'1': 1.0, '2': 0.0, '3': 0.0, '4': 0.0}",0.8,QFWR48sJP
4,公众反馈/举报,"{'1': 0.0, '2': 0.0, '3': 0.0, '4': 1.0}",0.0,R00mH3JPV
1,政务发布,"{'1': 0.9, '2': 0.1, '3': 0.0, '4': 0.0}",0.8,QFW8dlneK
1,政务发布,"{'1': 1.0, '2': 0.0, '3': 0.0, '4': 0.0}",0.0,QFWJqbp3o
1,政务发布,"{'1': 1.0, '2': 0.0, '3': 0.0, '4': 0.0}",0.8,R00XrEgrr
4,公众反馈/举报,"{'1': 0.0, '2': 0.0, '3': 0.0, '4': 1.0}",-1.0,QFUdB3AFL
1,政务发布,"{'1': 1.0, '2': 0.0, '3': 0.0, '4': 0.0}",0.8,QFVCHg4mV
1,政务发布,"{'1': 1.0, '2': 0.0, '3': 0.0, '4': 0.0}",1.0,QFUeMxBec
1,政务发布,"{'1': 1.0, '2': 0.0, '3': 0.0, '4': 0.0}",0.8,QFWonchAa
1,政务发布,"{'1': 1.0, '2': 0.0, '3': 0.0, '4': 0.0}",0.8,QFTTO7hdR
4,公众反馈/举报,"{'1': 0.0, '2': 0.0, '3': 0.0, '4': 1.0}",-1.0,QFTNxf97d
4,公众反馈/举报,"{'1': 0.0, '2': 0.0, '3': 0.0, '4': 1.0}",-0.5,QFWFuiXCp
1,政务发布,"{'1': 1.0, '2': 0.0, '3': 0.0, '4': 0.0}",0.7,R00N4Aptx
3,民生服务,"{'1': 0.0, '2': 0.0, '3': 1.0, '4': 0.0}",0.0,R01HFljmJ
2,城市问题,"{'1': 0.0, '2': 1.0, '3': 0.0, '4': 0.0}",0.0,R00mH3JPV
1,政务发布,"{'1': 1.0, '2': 0.0, '3': 0.0, '4': 0.0}",0.8,QFWR48sJP
1,政务发布,"{'1': 1.0, '2': 0.0, '3': 0.0, '4': 0.0}",1.0,QFW8dlneK
1,政务发布,"{'1': 1.0, '2': 0.0, '3': 0.0, '4': 0.0}",0.0,QFWJqbp3o
1,政务发布,"{'1': 1.0, '2': 0.0, '3': 0.0, '4': 0.0}",0.8,R00XrEgrr
4,公众反馈/举报,"{'1': 0.0, '2': 0.0, '3': 0.0, '4': 1.0}",-0.9,QFUdB3AFL
1,政务发布,"{'1': 1.0, '2': 0.0, '3': 0.0, '4': 0.0}",0.8,QFVCHg4mV
1,政务发布,"{'1': 1.0, '2': 0.0, '3': 0.0, '4': 0.0}",0.7,QFUeMxBec
1,政务发布,"{'1': 1.0, '2': 0.0, '3': 0.0, '4': 0.0}",0.6,QFTTO7hdR
4,公众反馈/举报,"{'1': 0.0, '2': 0.0, '3': 0.0, '4': 1.0}",-1.0,QFTNxf97d
4,公众反馈/举报,"{'1': 0.0, '2': 0.0, '3': 0.0, '4': 1.0}",-0.3,QFWFuiXCp
3,民生服务,"{'1': 0.0, '2': 0.0, '3': 1.0, '4': 0.0}",0.8,QFWonchAa
1,政务发布,"{'1': 1.0, '2': 0.0, '3': 0.0, '4': 0.0}",0.8,R00N4Aptx
2,城市问题,"{'1': 0.0, '2': 0.0, '3': 0.0, '4': 1.0}",0.5,R01HFljmJ
3,民生服务,"{'1': 0.0, '2': 0.0, '3': 1.0, '4': 0.0}",0.8,R2gwY1519
4,公众反馈/举报,"{'1': 0.0, '2': 0.0, '3': 0.0, '4': 1.0}",-1.0,R2jgSmRCZ
1,政务发布,"{'1': 1.0, '2': 0.0, '3': 0.0, '4': 0.0}",1.0,R2gRSD3dq
3,民生服务,"{'1': 0.0, '2': 0.0, '3': 1.0, '4': 0.0}",0.9,R2fIffCrc
1,政务发布,"{'1': 1.0, '2': 0.0, '3': 0.0, '4': 0.0}",0.9,R2gy62YfM
4,公众反馈/举报,"{'1': 0.0, '2': 0.2, '3': 0.0, '4': 0.8}",-0.9,R2eoFvseX
1,政务发布,"{'1': 1.0, '2': 0.0, '3': 0.0, '4': 0.0}",0.5,R2fAHc5Cp
1,政务发布,"{'1': 0.9, '2': 0.0, '3': 0.1, '4': 0.0}",0.6,R2dIspxes
4,公众反馈/举报,"{'1': 0.0, '2': 0.2, '3': 0.0, '4': 0.8}",-0.9,QFmJR3na5
1,政务发布,"{'1': 1.0, '2': 0.0, '3': 0.0, '4': 0.0}",0.7,R2dF0q231
4,公众反馈/举报,"{'1': 0.0, '2': 0.0, '3': 0.0, '4': 1.0}",-0.9,QFmKHCXxY
1,政务发布,"{'1': 1.0, '2': 0.0, '3': 0.0, '4': 0.0}",0.9,QFmarA70d
4,公众反馈/举报,"{'1': 0.0, '2': 0.0, '3': 0.0, '4': 1.0}",-0.5,QFkRH9pki
1,政务发布,"{'1': 1.0, '2': 0.0, '3': 0.0, '4': 0.0}",0.2,QFkd2sGCs
1,政务发布,"{'1': 0.9, '2': 0.0, '3': 0.1, '4': 0.0}",0.8,QFkh64rEE
3,民生服务,"{'1': 0.0, '2': 0.0, '3': 1.0, '4': 0.0}",0.9,QFkzgC1eK
1,政务发布,"{'1': 1.0, '2': 0.0, '3': 0.0, '4': 0.0}",0.8,QFiaraD0Z
1,政务发布,"{'1': 1.0, '2': 0.0, '3': 0.0, '4': 0.0}",0.8,QFipwosLP
1,政务发布,"{'1': 1.0, '2': 0.0, '3': 0.0, '4': 0.0}",0.8,QFhSk0MV6
3,民生服务,"{'1': 0.0, '2': 0.0, '3': 1.0, '4': 0.0}",0.7,QFgPUkAMs
1,政务发布,"{'1': 1.0, '2': 0.0, '3': 0.0, '4': 0.0}",0.8,QFljDBoyE
4,公众反馈/举报,"{'1': 0.0, '2': 0.0, '3': 0.0, '4': 1.0}",-0.9,QFn8KdvCN
3,民生服务,"{'1': 0.0, '2': 0.0, '3': 1.0, '4': 0.0}",1.0,QFUWeyKCu
4,公众反馈/举报,"{'1': 0.0, '2': 0.0, '3': 0.0, '4': 1.0}",-0.7,R00uj7Kdi
2,城市问题,"{'1': 0.0, '2': 1.0, '3': 0.0, '4': 0.0}",0.0,QFlZDrO2m
1,政务发布,"{'1': 1.0, '2': 0.0, '3': 0.0, '4': 0.0}",0.0,QFUAlc9j3
4,公众反馈/举报,"{'1': 0.1, '2': 0.0, '3': 0.1, '4': 0.8}",0.8,QFTrz6xXK
3,民生服务,"{'1': 0.0, '2': 0.0, '3': 1.0, '4': 0.0}",0.5,QFVEIEY3W
4,公众反馈/举报,"{'1': 0.0, '2': 0.0, '3': 0.0, '4': 1.0}",-0.9,QFSPwf1fF
4,公众反馈/举报,"{'1': 0.0, '2': 0.8, '3': 0.0, '4': 1.0}",-0.9,QFVHgx1hR
1,政务发布,"{'1': 1.0, '2': 0.0, '3': 0.0, '4': 0.0}",0.9,QFVs8z4hd
1,政务发布,"{'1': 1.0, '2': 0.0, '3': 0.0, '4': 0.0}",0.8,QFUrPkvq5
1,政务发布,"{'1': 1.0, '2': 0.0, '3': 0.0, '4': 0.0}",0.5,R01alc8l0
1,政务发布,"{'1': 1.0, '2': 0.0, '3': 0.0, '4': 0.0}",0.9,QFWrB5gcK
1,政务发布,"{'1': 1.0, '2': 0.0, '3': 0.0, '4': 0.0}",0.9,R00oOl4yK
4,公众反馈/举报,"{'1': 0.0, '2': 0.0, '3': 0.0, '4': 1.0}",-1.0,R00uj7Kdi
1,政务发布,"{'1': 1.0, '2': 0.0, '3': 0.0, '4': 0.0}",0.0,QFTo0nA55
1,政务发布,"{'1': 1.0, '2': 0.0, '3': 0.0, '4': 0.0}",0.6,QFUAlc9j3
3,民生服务,"{'1': 0.0, '2': 0.0, '3': 1.0, '4': 0.0}",0.8,QFUWeyKCu
4,公众反馈/举报,"{'1': 0.0, '2': 0.0, '3': 0.0, '4': 1.0}",0.0,QFVEIEY3W
1,政务发布,"{'1': 1.0, '2': 0.0, '3': 0.0, '4': 0.0}",0.9,QFTrz6xXK
4,公众反馈/举报,"{'1': 0.0, '2': 0.2, '3': 0.1, '4': 0.7}",-0.9,QFSPwf1fF
1,政务发布,"{'1': 1.0, '2': 0.0, '3': 0.0, '4': 0.0}",0.8,QFVs8z4hd
4,公众反馈/举报,"{'1': 0.0, '2': 0.3, '3': 0.0, '4': 0.7}",-0.9,QFVHgx1hR
1,政务发布,"{'1': 1.0, '2': 0.0, '3': 0.0, '4': 0.0}",0.9,QFUrPkvq5
3,民生服务,"{'1': 0.0, '2': 0.0, '3': 1.0, '4': 0.0}",0.8,QFWrB5gcK
1,政务发布,"{'1': 1.0, '2': 0.0, '3': 0.0, '4': 0.0}",0.0,R01alc8l0
1,政务发布,"{'1': 1.0, '2': 0.0, '3': 0.0, '4': 0.0}",0.8,R00oOl4yK
1,政务发布,"{'1': 1.0, '2': 0.0, '3': 0.0, '4': 0.0}",0.8,QFTo0nA55
3,民生服务,"{'1': 0.0, '2': 0.0, '3': 1.0, '4': 0.0}",0.8,QFWKZiPsh
1,政务发布,"{'1': 1.0, '2': 0.0, '3': 0.0, '4': 0.0}",1.0,R01C3BY8y
3,民生服务,"{'1': 0.0, '2': 0.0, '3': 1.0, '4': 0.0}",0.8,QFWDPyvF9
4,公众反馈/举报,"{'1': 0.0, '2': 0.0, '3': 0.0, '4': 1.0}",-0.5,QFX4wneAJ
4,公众反馈/举报,"{'1': 0.0, '2': 0.0, '3': 0.0, '4': 1.0}",-0.5,QFUMHyBm0
4,公众反馈/举报,"{'1': 0.0, '2': 0.0, '3': 0.0, '4': 1.0}",0.0,QFW8ajFgB
4,公众反馈/举报,"{'1': 0.0, '2': 0.0, '3': 0.0, '4': 1.0}",-1.0,QFSIx4J1I
4,公众反馈/举报,"{'1': 0.0, '2': 0.0, '3': 0.0, '4': 1.0}",0.2,R01DoF3AB
1,政务发布,"{'1': 1.0, '2': 0.0, '3': 0.0, '4': 0.0}",0.7,QFX24s0o7
3,民生服务,"{'1': 0.0, '2': 0.0, '3': 1.0, '4': 0.0}",0.6,QFVGtgKA3
3,民生服务,"{'1': 0.0, '2': 0.1, '3': 0.7, '4': 0.2}",-0.6,QFUJB42ou
3,民生服务,"{'1': 0.2, '2': 0.1, '3': 0.6, '4': 0.1}",0.8,QFWKZiPsh
3,民生服务,"{'1': 0.0, '2': 0.0, '3': 1.0, '4': 0.0}",0.8,QFWDPyvF9
1,政务发布,"{'1': 1.0, '2': 0.0, '3': 0.0, '4': 0.0}",0.8,R01C3BY8y
4,公众反馈/举报,"{'1': 0.0, '2': 0.0, '3': 0.0, '4': 1.0}",-1.0,QFSIx4J1I
4,公众反馈/举报,"{'1': 0.0, '2': 0.0, '3': 0.0, '4': 1.0}",-0.2,QFX4wneAJ
2,城市问题,"{'1': 0.0, '2': 1.0, '3': 0.0, '4': 0.0}",-0.5,QFUMHyBm0
2,城市问题,"{'1': 0.0, '2': 1.0, '3': 0.0, '4': 0.0}",0.5,QFW8ajFgB
4,公众反馈/举报,"{'1': 0.0, '2': 0.0, '3': 0.0, '4': 1.0}",-0.3,R01DoF3AB
4,公众反馈/举报,"{'1': 0.0, '2': 0.0, '3': 0.0, '4': 1.0}",-0.5,QFUJB42ou
1,政务发布,"{'1': 1.0, '2': 0.0, '3': 0.0, '4': 0.0}",0.8,QFX24s0o7
1,政务发布,"{'1': 1.0, '2': 0.0, '3': 0.0, '4': 0.0}",0.0,QFVGtgKA3
1,政务发布,"{'1': 0.9, '2': 0.0, '3': 0.1, '4': 0.0}",0.2,R06fFEmY0
1,政务发布,"{'1': 1.0, '2': 0.0, '3': 0.0, '4': 0.0}",0.8,R07yuAxzo
2,城市问题,"{'1': 0.0, '2': 1.0, '3': 0.0, '4': 0.0}",-0.5,R07VyelWa
1,政务发布,"{'1': 1.0, '2': 0.0, '3': 0.0, '4': 0.0}",0.0,R05WT9FPl
1,政务发布,"{'1': 1.0, '2': 0.0, '3': 0.0, '4': 0.0}",-0.3,R07TDFiWV
4,公众反馈/举报,"{'1': 0.0, '2': 0.0, '3': 0.0, '4': 1.0}",0.0,R07Wmtnun
4,公众反馈/举报,"{'1': 0.0, '2': 0.0, '3': 0.0, '4': 1.0}",-1.0,R06LI0JP0
1,政务发布,"{'1': 0.9, '2': 0.0, '3': 0.1, '4': 0.0}",0.8,R0664tRry
3,民生服务,"{'1': 0.0, '2': 0.0, '3': 1.0, '4': 0.0}",0.9,R07JnoejJ
4,公众反馈/举报,"{'1': 0.0, '2': 0.0, '3': 0.0, '4': 1.0}",-0.8,R06S7pEnR
1,政务发布,"{'1': 1.0, '2': 0.0, '3': 0.0, '4': 0.0}",0.0,R07tbr2i0
3,民生服务,"{'1': 0.0, '2': 0.0, '3': 1.0, '4': 0.0}",0.8,R08PabjJt
4,公众反馈/举报,"{'1': 0.0, '2': 0.0, '3': 0.0, '4': 1.0}",0.0,R06c2cWFb
3,民生服务,"{'1': 0.0, '2': 0.0, '3': 1.0, '4': 0.0}",0.0,QE7KiaaxD
3,民生服务,"{'1': 0.0, '2': 0.0, '3': 1.0, '4': 0.0}",0.8,R065cm5Z6
3,民生服务,"{'1': 0.2, '2': 0.0, '3': 0.8, '4': 0.0}",0.9,QE6JnmDqT
1,政务发布,"{'1': 0.4, '2': 0.0, '3': 0.3, '4': 0.3}",0.5,QE6KV4VeX
1,政务发布,"{'1': 1.0, '2': 0.0, '3': 0.0, '4': 0.0}",0.0,QEa62k0MN
1,政务发布,"{'1': 1.0, '2': 0.0, '3': 0.0, '4': 0.0}",0.5,QE7w5hig6
1,政务发布,"{'1': 1.0, '2': 0.0, '3': 0.0, '4': 0.0}",0.8,R2jiBm4NP
4,公众反馈/举报,"{'1': 0.0, '2': 0.0, '3': 0.0, '4': 1.0}",-1.0,R2iBxmvqE
1,政务发布,"{'1': 1.0, '2': 0.0, '3': 0.0, '4': 0.0}",0.8,R2gUgmPbb
3,民生服务,"{'1': 0.0, '2': 0.0, '3': 1.0, '4': 0.0}",0.0,R2h3Vshtw
1,政务发布,"{'1': 1.0, '2': 0.0, '3': 0.0, '4': 0.0}",0.8,R2gb5pKDK
4,公众反馈/举报,"{'1': 0.0, '2': 0.0, '3': 0.0, '4': 1.0}",-0.9,R2cQ5jqMh
4,公众反馈/举报,"{'1': 0.0, '2': 0.0, '3': 0.0, '4': 1.0}",-1.0,R2gAzsOK3
3,民生服务,"{'1': 0.0, '2': 0.0, '3': 1.0, '4': 0.0}",0.9,R2gTJzRHA
3,民生服务,"{'1': 0.2, '2': 0.0, '3': 0.8, '4': 0.0}",0.9,R2gmf9BsC
4,公众反馈/举报,"{'1': 0.0, '2': 0.0, '3': 0.0, '4': 1.0}",-1.0,R2gzHtRc7
3,民生服务,"{'1': 0.0, '2': 0.0, '3': 1.0, '4': 0.0}",1.0,R2hbh44sA
1,政务发布,"{'1': 1.0, '2': 0.0, '3': 0.0, '4': 0.0}",0.8,R2fZT9gen
1,政务发布,"{'1': 0.8, '2': 0.0, '3': 0.2, '4': 0.0}",0.5,R2j4Hq71P
1,政务发布,"{'1': 1.0, '2': 0.0, '3': 0.0, '4': 0.0}",0.0,R2gFQEQVk
1,政务发布,"{'1': 1.0, '2': 0.0, '3': 0.0, '4': 0.0}",0.9,R2gjl1iHl
4,公众反馈/举报,"{'1': 0.0, '2': 0.0, '3': 0.0, '4': 1.0}",0.6,QE9b2xF46
1,政务发布,"{'1': 1.0, '2': 0.0, '3': 0.0, '4': 0.0}",0.9,QE7WiuGm9
1,政务发布,"{'1': 1.0, '2': 0.0, '3': 0.0, '4': 0.0}",1.0,QE73rp1fd
1,政务发布,"{'1': 1.0, '2': 0.0, '3': 0.0, '4': 0.0}",0.8,QE9hVfdwK
1,政务发布,"{'1': 1.0, '2': 0.0, '3': 0.0, '4': 0.0}",0.9,QE7dN4Sc3
4,公众反馈/举报,"{'1': 0.0, '2': 1.0, '3': 0.0, '4': 1.0}",-0.5,R2jbO3d2G
3,民生服务,"{'1': 0.2, '2': 0.0, '3': 0.8, '4': 0.0}",1.0,R2hKjwqOD
1,政务发布,"{'1': 1.0, '2': 0.0, '3': 0.0, '4': 0.0}",0.8,R2eVFuFqF
4,公众反馈/举报,"{'1': 0.0, '2': 0.0, '3': 0.0, '4': 1.0}",0.0,R2epQwQzF
4,公众反馈/举报,"{'1': 0.0, '2': 0.0, '3': 0.0, '4': 1.0}",0.0,R2d0OvPdn
1,政务发布,"{'1': 1.0, '2': 0.0, '3': 0.0, '4': 0.0}",0.5,R2dKBlDj9
3,民生服务,"{'1': 0.0, '2': 0.0, '3': 1.0, '4': 0.0}",0.3,R2cHT9ap7
4,公众反馈/举报,"{'1': 0.0, '2': 0.0, '3': 0.0, '4': 1.0}",0.0,QFmJvADtS
4,公众反馈/举报,"{'1': 0.0, '2': 0.0, '3': 0.0, '4': 1.0}",-0.9,QFmBQAri2
1,政务发布,"{'1': 1.0, '2': 0.0, '3': 0.0, '4': 0.0}",0.8,QFlrOlqFW
4,公众反馈/举报,"{'1': 0.0, '2': 0.0, '3': 0.0, '4': 1.0}",-0.6,QFmbyvy5J
3,民生服务,"{'1': 0.0, '2': 0.0, '3': 1.0, '4': 0.0}",0.3,QFkT8BV4J
3,民生服务,"{'1': 0.0, '2': 0.0, '3': 1.0, '4': 0.0}",0.8,QFj0k9Jpg
3,民生服务,"{'1': 0.0, '2': 0.0, '3': 0.6, '4': 0.4}",0.3,QFiaC3m8o
4,公众反馈/举报,"{'1': 0.0, '2': 0.0, '3': 0.0, '4': 1.0}",0.0,QFhIRhAuz
4,公众反馈/举报,"{'1': 0.0, '2': 0.0, '3': 0.0, '4': 1.0}",-0.6,QFnnMv80g
1,政务发布,"{'1': 1.0, '2': 0.0, '3': 0.0, '4': 0.0}",0.8,QFj6pqSN0
3,民生服务,"{'1': 0.0, '2': 0.0, '3': 1.0, '4': 0.0}",0.0,QFm7ne1Bt
4,公众反馈/举报,"{'1': 0.0, '2': 0.0, '3': 0.0, '4': 1.0}",0.0,QFljjswGh
1,政务发布,"{'1': 1.0, '2': 0.0, '3': 0.0, '4': 0.0}",0.8,QFjoG5pwC
4,公众反馈/举报,"{'1': 0.0, '2': 0.2, '3': 0.2, '4': 0.8}",-0.8,R12b9dcHo
4,公众反馈/举报,"{'1': 0.0, '2': 0.0, '3': 0.0, '4': 1.0}",-1.0,R0YAkFaTR
1,政务发布,"{'1': 1.0, '2': 0.0, '3': 0.0, '4': 0.0}",0.9,R10uyx8LM
1,政务发布,"{'1': 1.0, '2': 0.0, '3': 0.0, '4': 0.0}",1.0,R12RdcTp0
1,政务发布,"{'1': 1.0, '2': 0.0, '3': 0.0, '4': 0.0}",0.9,R111xuktc
4,公众反馈/举报,"{'1': 0.0, '2': 0.0, '3': 0.0, '4': 1.0}",-0.3,R10LmiGo3
4,公众反馈/举报,"{'1': 0.0, '2': 0.0, '3': 0.0, '4': 1.0}",0.0,R0XeCk2xK
1,政务发布,"{'1': 1.0, '2': 0.0, '3': 0.0, '4': 0.0}",0.0,R00J6wbT6
1,政务发布,"{'1': 1.0, '2': 0.0, '3': 0.0, '4': 0.0}",0.8,R00yd61Jf
1,政务发布,"{'1': 1.0, '2': 0.0, '3': 0.0, '4': 0.0}",0.8,QFWhItzqe
4,公众反馈/举报,"{'1': 0.0, '2': 0.0, '3': 0.0, '4': 1.0}",-1.0,QFUVXqvCt
4,公众反馈/举报,"{'1': 0.0, '2': 0.0, '3': 0.0, '4': 1.0}",-0.6,R01481LUi
4,公众反馈/举报,"{'1': 0.0, '2': 0.0, '3': 0.0, '4': 1.0}",0.8,QFXhy87j4
1,政务发布,"{'1': 1.0, '2': 0.0, '3': 0.0, '4': 0.0}",1.0,QFWbg7k0X
1,政务发布,"{'1': 1.0, '2': 0.0, '3': 0.0, '4': 0.0}",0.0,QFU6thQzI
1,政务发布,"{'1': 1.0, '2': 0.0, '3': 0.0, '4': 0.0}",0.8,QFWy0btwL
1,政务发布,"{'1': 0.9, '2': 0.0, '3': 0.1, '4': 0.0}",0.9,QFX9pum4o
4,公众反馈/举报,"{'1': 0.0, '2': 0.0, '3': 0.0, '4': 1.0}",-0.9,QFU78Ax4V
1,政务发布,"{'1': 1.0, '2': 0.0, '3': 0.0, '4': 0.0}",0.0,R00J6wbT6
1,政务发布,"{'1': 1.0, '2': 0.0, '3': 0.0, '4': 0.0}",0.8,R00yd61Jf
4,公众反馈/举报,"{'1': 0.0, '2': 0.0, '3': 0.0, '4': 1.0}",-0.6,R01481LUi
4,公众反馈/举报,"{'1': 0.0, '2': 0.0, '3': 0.0, '4': 1.0}",-1.0,QFUVXqvCt
1,政务发布,"{'1': 1.0, '2': 0.0, '3': 0.0, '4': 0.0}",0.8,QFWhItzqe
1,政务发布,"{'1': 1.0, '2': 0.0, '3': 0.0, '4': 0.0}",0.8,QFXhy87j4
1,政务发布,"{'1': 1.0, '2': 0.0, '3': 0.0, '4': 0.0}",0.8,QFWbg7k0X
1,政务发布,"{'1': 1.0, '2': 0.0, '3': 0.0, '4': 0.0}",0.5,QFU6thQzI
1,政务发布,"{'1': 1.0, '2': 0.0, '3': 0.0, '4': 0.0}",0.9,QFX9pum4o
1,政务发布,"{'1': 1.0, '2': 0.0, '3': 0.0, '4': 0.0}",0.8,QFWy0btwL
4,公众反馈/举报,"{'1': 0.0, '2': 0.0, '3': 0.0, '4': 1.0}",-0.9,QFU78Ax4V
3,民生服务,"{'1': 0.0, '2': 0.0, '3': 1.0, '4': 0.0}",0.9,R0VEn4UFo
4,公众反馈/举报,"{'1': 0.0, '2': 0.2, '3': 0.0, '4': 1.0}",-1.0,R0VWj02VB
1,政务发布,"{'1': 1.0, '2': 0.0, '3': 0.0, '4': 0.0}",0.8,R0Wetugp2
4,公众反馈/举报,"{'1': 0.0, '2': 0.0, '3': 0.0, '4': 1.0}",0.125,R0V1zsEr9
4,公众反馈/举报,"{'1': 0.0, '2': 0.0, '3': 0.0, '4': 1.0}",-0.9,R0Ud6y1Ll
3,民生服务,"{'1': 0.0, '2': 0.0, '3': 1.0, '4': 0.0}",1.0,R0Un5grB3
2,城市问题,"{'1': 0.0, '2': 0.0, '3': 0.0, '4': 1.0}",-0.9,R0RuKAkyz
4,公众反馈/举报,"{'1': 0.0, '2': 0.3, '3': 0.2, '4': 0.5}",-0.8,R0VIc7h04
1,政务发布,"{'1': 1.0, '2': 0.0, '3': 0.0, '4': 0.0}",1.0,R06mfjwCV
4,公众反馈/举报,"{'1': 0.0, '2': 0.0, '3': 0.0, '4': 1.0}",0.6,R05qGadab
1,政务发布,"{'1': 1.0, '2': 0.0, '3': 0.0, '4': 0.0}",0.8,R05TIvCGK
1,政务发布,"{'1': 1.0, '2': 0.0, '3': 0.0, '4': 0.0}",0.8,R0641aNko
4,公众反馈/举报,"{'1': 0.0, '2': 0.0, '3': 0.0, '4': 1.0}",-0.6,R063gwI4b
1,政务发布,"{'1': 1.0, '2': 0.0, '3': 0.0, '4': 0.0}",0.0,R07rei0n3
1,政务发布,"{'1': 1.0, '2': 0.0, '3': 0.0, '4': 0.0}",0.8,R05GR4fUI
1,政务发布,"{'1': 1.0, '2': 0.0, '3': 0.0, '4': 0.0}",0.8,R00jWnGlj
1,政务发布,"{'1': 1.0, '2': 0.0, '3': 0.0, '4': 0.0}",0.0,QFVM6vOKQ
1,政务发布,"{'1': 1.0, '2': 0.0, '3': 0.0, '4': 0.0}",0.9,R003cm6LD
2,城市问题,"{'1': 0.0, '2': 1.0, '3': 0.0, '4': 0.0}",0.3,QFWRnxZye
1,政务发布,"{'1': 1.0, '2': 0.0, '3': 0.0, '4': 0.0}",0.3,QFUvsC1kc
1,政务发布,"{'1': 1.0, '2': 0.0, '3': 0.0, '4': 0.0}",0.8,QFX0R1E4M
4,公众反馈/举报,"{'1': 0.0, '2': 0.2, '3': 0.3, '4': 0.5}",-0.8,R00h1cgCp
1,政务发布,"{'1': 1.0, '2': 0.0, '3': 0.0, '4': 0.0}",0.9,QFWImcbwf
4,公众反馈/举报,"{'1': 0.0, '2': 0.2, '3': 0.3, '4': 0.5}",-0.2,R00mDvUjB
4,公众反馈/举报,"{'1': 0.0, '2': 0.1, '3': 0.1, '4': 0.8}",-0.9,R006nqyKg
1,政务发布,"{'1': 1.0, '2': 0.0, '3': 0.0, '4': 0.0}",1.0,QFWG4rqxp
1,政务发布,"{'1': 1.0, '2': 0.0, '3': 0.0, '4': 0.0}",0.2,QFVM6vOKQ
1,政务发布,"{'1': 1.0, '2': 0.0, '3': 0.0, '4': 0.0}",0.6,QFUJYpCw6
4,公众反馈/举报,"{'1': 0.0, '2': 0.0, '3': 0.0, '4': 1.0}",0.6,QFTsXDWro
1,政务发布,"{'1': 1.0, '2': 0.0, '3': 0.0, '4': 0.0}",0.5,R00jWnGlj
1,政务发布,"{'1': 1.0, '2': 0.0, '3': 0.0, '4': 0.0}",0.0,QFUvsC1kc
2,城市问题,"{'1': 0.0, '2': 0.8, '3': 0.1, '4': 0.1}",0.2,QFWRnxZye
1,政务发布,"{'1': 1.0, '2': 0.0, '3': 0.0, '4': 0.0}",1.0,R003cm6LD
4,公众反馈/举报,"{'1': 0.0, '2': 0.0, '3': 0.0, '4': 1.0}",-0.3,R00mDvUjB
1,政务发布,"{'1': 1.0, '2': 0.0, '3': 0.0, '4': 0.0}",1.0,QFX0R1E4M
1,政务发布,"{'1': 1.0, '2': 0.0, '3': 0.0, '4': 0.0}",0.9,QFWImcbwf
4,公众反馈/举报,"{'1': 0.0, '2': 0.0, '3': 0.0, '4': 1.0}",-0.6,R00h1cgCp
4,公众反馈/举报,"{'1': 0.0, '2': 0.0, '3': 0.0, '4': 1.0}",-1.0,R006nqyKg
1,政务发布,"{'1': 1.0, '2': 0.0, '3': 0.0, '4': 0.0}",0.8,QFUJYpCw6
1,政务发布,"{'1': 1.0, '2': 0.0, '3': 0.0, '4': 0.0}",0.9,QFWG4rqxp
1,政务发布,"{'1': 1.0, '2': 0.0, '3': 0.0, '4': 0.0}",0.5,QFTsXDWro
4,公众反馈/举报,"{'1': 0.0, '2': 0.0, '3': 0.0, '4': 1.0}",0.6,QE0Alg8ny
4,公众反馈/举报,"{'1': 0.0, '2': 0.0, '3': 0.0, '4': 1.0}",0.5,QDV6lgjJh
4,公众反馈/举报,"{'1': 0.0, '2': 0.0, '3': 0.0, '4': 1.0}",-1.0,QE0gUwKL1
4,公众反馈/举报,"{'1': 0.0, '2': 0.0, '3': 0.0, '4': 1.0}",-0.8,QDXDubYmZ
1,政务发布,"{'1': 1.0, '2': 0.0, '3': 0.0, '4': 0.0}",0.8,R1CVToEDs
1,政务发布,"{'1': 1.0, '2': 0.0, '3': 0.0, '4': 0.0}",1.0,R1DfvutXY
1,政务发布,"{'1': 1.0, '2': 0.0, '3': 0.0, '4': 0.0}",0.2,R07VTuLHQ
1,政务发布,"{'1': 1.0, '2': 0.0, '3': 0.0, '4': 0.0}",0.8,R06oivYr2
4,公众反馈/举报,"{'1': 0.0, '2': 0.0, '3': 0.0, '4': 1.0}",0.0,R1E38bvV6
3,民生服务,"{'1': 0.2, '2': 0.1, '3': 0.6, '4': 0.1}",0.5,R076O4SA2
4,公众反馈/举报,"{'1': 0.0, '2': 0.0, '3': 0.0, '4': 1.0}",0.0,R05ExtJTm
3,民生服务,"{'1': 0.0, '2': 0.0, '3': 1.0, '4': 0.0}",0.5,R07LtpdgB
3,民生服务,"{'1': 0.0, '2': 0.0, '3': 1.0, '4': 0.0}",0.7,R06gwwUiA
1,政务发布,"{'1': 1.0, '2': 0.0, '3': 0.0, '4': 0.0}",0.8,R07IApya1
1,政务发布,"{'1': 1.0, '2': 0.0, '3': 0.0, '4': 0.0}",1.0,R08ztqIRP
4,公众反馈/举报,"{'1': 0.0, '2': 0.1, '3': 0.2, '4': 0.7}",-0.9,R07cngbUA
3,民生服务,"{'1': 0.0, '2': 0.0, '3': 1.0, '4': 0.0}",0.8,R07LujxJZ
1,政务发布,"{'1': 1.0, '2': 0.0, '3': 0.0, '4': 0.0}",0.0,QFlcycFWX
2,城市问题,"{'1': 0.0, '2': 1.0, '3': 0.0, '4': 0.0}",0.5,QFhIYvR1n
1,政务发布,"{'1': 1.0, '2': 0.0, '3': 0.0, '4': 0.0}",0.6,QFkkDkJtd
1,政务发布,"{'1': 1.0, '2': 0.0, '3': 0.0, '4': 0.0}",0.9,QFkT270cJ
1,政务发布,"{'1': 1.0, '2': 0.0, '3': 0.0, '4': 0.0}",0.9,QFkpAgcUG
4,公众反馈/举报,"{'1': 0.0, '2': 0.0, '3': 0.0, '4': 1.0}",-1.0,QFlkIomvY
4,公众反馈/举报,"{'1': 0.0, '2': 0.0, '3': 0.0, '4': 1.0}",0.8,QFnkZ47l6
1,政务发布,"{'1': 1.0, '2': 0.0, '3': 0.0, '4': 0.0}",0.9,QEz1G8A6N
1,政务发布,"{'1': 1.0, '2': 0.0, '3': 0.0, '4': 0.0}",0.9,QEBPK58rD
4,公众反馈/举报,"{'1': 0.0, '2': 0.0, '3': 0.0, '4': 1.0}",0.0,QEA81ftXF
4,公众反馈/举报,"{'1': 0.0, '2': 0.0, '3': 0.0, '4': 1.0}",-0.8,QEAjaASze
1,政务发布,"{'1': 1.0, '2': 0.0, '3': 0.0, '4': 0.0}",1.0,R2isQB2wt
4,公众反馈/举报,"{'1': 0.0, '2': 0.2, '3': 0.1, '4': 0.7}",-0.9,R2iwwuZ35
1,政务发布,"{'1': 1.0, '2': 0.0, '3': 0.0, '4': 0.0}",0.5,R2hn7A6NH
1,政务发布,"{'1': 1.0, '2': 0.0, '3': 0.0, '4': 0.0}",0.0,R2gMiAGrM
4,公众反馈/举报,"{'1': 0.0, '2': 0.0, '3': 0.0, '4': 1.0}",-0.3,R2iUK8aIx
1,政务发布,"{'1': 1.0, '2': 0.0, '3': 0.0, '4': 0.0}",0.5,R2gE17q25
4,公众反馈/举报,"{'1': 0.0, '2': 0.0, '3': 0.0, '4': 1.0}",-0.6,R2eXGyF8L
1,政务发布,"{'1': 1.0, '2': 0.0, '3': 0.0, '4': 0.0}",0.8,R2ekpzCO9
1,政务发布,"{'1': 1.0, '2': 0.0, '3': 0.0, '4': 0.0}",0.9,QFndoBmeT
4,公众反馈/举报,"{'1': 0.1, '2': 0.2, '3': 0.3, '4': 0.4}",0.2,QFlMs1w0h
1,政务发布,"{'1': 1.0, '2': 0.0, '3': 0.0, '4': 0.0}",1.0,R2dZWuHcL
3,民生服务,"{'1': 0.0, '2': 0.0, '3': 1.0, '4': 0.0}",0.8,QFkFqwlZR
4,公众反馈/举报,"{'1': 0.0, '2': 0.0, '3': 0.0, '4': 1.0}",0.0,QFnBo6T8F
1,政务发布,"{'1': 1.0, '2': 0.0, '3': 0.0, '4': 0.0}",0.9,QFjoFtMH4
4,公众反馈/举报,"{'1': 0.0, '2': 0.0, '3': 0.0, '4': 1.0}",-0.3,QFfLwcP6I
4,公众反馈/举报,"{'1': 0.0, '2': 0.1, '3': 0.1, '4': 0.8}",-0.8,QFeVftHtI
1,政务发布,"{'1': 1.0, '2': 0.0, '3': 0.0, '4': 0.0}",0.8,QFlijb3ID
4,公众反馈/举报,"{'1': 0.0, '2': 0.0, '3': 0.0, '4': 1.0}",-1.0,QFhBIdj6G
1,政务发布,"{'1': 1.0, '2': 0.0, '3': 0.0, '4': 0.0}",0.95,R2ji9maiM
1,政务发布,"{'1': 1.0, '2': 0.0, '3': 0.0, '4': 0.0}",0.0,QFlF7oshj
3,民生服务,"{'1': 0.8, '2': 0.0, '3': 1.0, '4': 0.0}",0.8,R2i3O0S1y
3,民生服务,"{'1': 0.0, '2': 0.0, '3': 1.0, '4': 0.0}",1.0,R2hdRfANR
4,公众反馈/举报,"{'1': 0.0, '2': 0.0, '3': 0.0, '4': 1.0}",-0.8,R2it7ETuv
1,政务发布,"{'1': 1.0, '2': 0.0, '3': 0.0, '4': 0.0}",0.6,R2fvNlDOm
3,民生服务,"{'1': 0.0, '2': 0.0, '3': 1.0, '4': 0.0}",0.8,R2fuu51Ms
4,公众反馈/举报,"{'1': 0.0, '2': 0.0, '3': 0.0, '4': 1.0}",-0.9,R2fmanxMD
1,政务发布,"{'1': 1.0, '2': 0.0, '3': 0.0, '4': 0.0}",0.8,R2dSbeX2b
1,政务发布,"{'1': 1.0, '2': 0.0, '3': 0.0, '4': 0.0}",1.0,QFUgXzYig
3,民生服务,"{'1': 0.0, '2': 0.0, '3': 1.0, '4': 0.0}",0.7,QFUdSq8TH
4,公众反馈/举报,"{'1': 0.0, '2': 0.0, '3': 0.0, '4': 1.0}",0.0,R01ahmFcW
4,公众反馈/举报,"{'1': 0.0, '2': 0.0, '3': 0.0, '4': 1.0}",0.9,QFUmFzWgR
3,民生服务,"{'1': 0.0, '2': 0.0, '3': 1.0, '4': 0.0}",0.8,QFX06j8R7
1,政务发布,"{'1': 1.0, '2': 0.0, '3': 0.0, '4': 0.0}",0.8,QFUf48Gxl
1,政务发布,"{'1': 1.0, '2': 0.0, '3': 0.0, '4': 0.0}",0.0,QFTrXxt3H
1,政务发布,"{'1': 1.0, '2': 0.0, '3': 0.0, '4': 0.0}",0.1,QFUdSq8TH
4,公众反馈/举报,"{'1': 0.0, '2': 0.0, '3': 0.0, '4': 1.0}",-0.5,R01ahmFcW
1,政务发布,"{'1': 1.0, '2': 0.0, '3': 0.0, '4': 0.0}",0.8,QFUgXzYig
3,民生服务,"{'1': 0.1, '2': 0.1, '3': 0.8, '4': 0.0}",0.8,QFUmFzWgR
3,民生服务,"{'1': 0.0, '2': 0.0, '3': 1.0, '4': 0.0}",0.8,QFX06j8R7
1,政务发布,"{'1': 1.0, '2': 0.0, '3': 0.0, '4': 0.0}",0.8,QFTrXxt3H
3,民生服务,"{'1': 0.0, '2': 0.0, '3': 1.0, '4': 0.0}",0.8,QFUf48Gxl
1,政务发布,"{'1': 1.0, '2': 0.0, '3': 0.0, '4': 0.0}",0.9,QFU5D5lZa
4,公众反馈/举报,"{'1': 0.0, '2': 0.0, '3': 0.0, '4': 1.0}",0.5,QFWSD5ZnI
1,政务发布,"{'1': 1.0, '2': 0.0, '3': 0.0, '4': 0.0}",0.8,R0007BzUA
4,公众反馈/举报,"{'1': 0.0, '2': 0.2, '3': 0.3, '4': 0.5}",-0.8,QFW2eDxVN
1,政务发布,"{'1': 1.0, '2': 0.0, '3': 0.0, '4': 0.0}",0.9,R01wyjpVO
3,民生服务,"{'1': 0.0, '2': 0.0, '3': 0.0, '4': 0.0}",0.8,QFmBnu6am
1,政务发布,"{'1': 1.0, '2': 0.0, '3': 0.0, '4': 0.0}",1.0,QFlImgaEF
1,政务发布,"{'1': 1.0, '2': 0.0, '3': 0.0, '4': 0.0}",1.0,QFi9XAo6G
4,公众反馈/举报,"{'1': 0.0, '2': 0.0, '3': 0.0, '4': 1.0}",0.0,QFlhme02p
3,民生服务,"{'1': 0.0, '2': 0.0, '3': 1.0, '4': 0.0}",0.0,QFnrMhsG3
4,公众反馈/举报,"{'1': 0.0, '2': 0.0, '3': 0.0, '4': 1.0}",0.0,QFhvdrRLN
4,公众反馈/举报,"{'1': 0.0, '2': 0.0, '3': 0.0, '4': 1.0}",0.9,QFl9AD7l6
3,民生服务,"{'1': 0.0, '2': 0.0, '3': 1.0, '4': 0.0}",1.0,QFiq5x6Zo
1,政务发布,"{'1': 1.0, '2': 0.0, '3': 0.0, '4': 0.0}",0.5,QFmoA4jjt
4,公众反馈/举报,"{'1': 0.0, '2': 0.0, '3': 0.0, '4': 1.0}",0.5,QEHED6Mx8
4,公众反馈/举报,"{'1': 0.0, '2': 0.0, '3': 0.0, '4': 1.0}",-0.8,QFm0AsaIs
4,公众反馈/举报,"{'1': 0.0, '2': 0.0, '3': 0.0, '4': 1.0}",0.8,QEJnciOMN
1,政务发布,"{'1': 1.0, '2': 0.0, '3': 0.0, '4': 0.0}",0.9,QEIWayAC2
1,政务发布,"{'1': 1.0, '2': 0.0, '3': 0.0, '4': 0.0}",0.8,QFWFRlP78
3,民生服务,"{'1': 0.0, '2': 0.0, '3': 1.0, '4': 0.0}",0.5,QELR6wFxS
4,公众反馈/举报,"{'1': 0.0, '2': 0.0, '3': 0.0, '4': 1.0}",-0.9,R00N5tEcd
1,政务发布,"{'1': 1.0, '2': 0.0, '3': 0.0, '4': 0.0}",0.8,QFWR6i2Ld
1,政务发布,"{'1': 1.0, '2': 0.0, '3': 0.0, '4': 0.0}",1.0,R01IO286u
1,政务发布,"{'1': 1.0, '2': 0.0, '3': 0.0, '4': 0.0}",0.8,QFT9KBNmF
1,政务发布,"{'1': 1.0, '2': 0.0, '3': 0.0, '4': 0.0}",0.0,QFWikCNFd
1,政务发布,"{'1': 1.0, '2': 0.0, '3': 0.0, '4': 0.0}",0.0,QFVpntJ1U
4,公众反馈/举报,"{'1': 0.0, '2': 0.0, '3': 0.0, '4': 1.0}",0.0,R01fQbZZi
3,民生服务,"{'1': 0.0, '2': 0.0, '3': 1.0, '4': 0.0}",0.8,QFTVBBIyf
1,政务发布,"{'1': 1.0, '2': 0.0, '3': 0.0, '4': 0.0}",0.8,QFU7M1sTt
4,公众反馈/举报,"{'1': 0.0, '2': 0.0, '3': 0.0, '4': 1.0}",-1.0,QFVi8CuXY
4,公众反馈/举报,"{'1': 0.0, '2': 0.2, '3': 0.0, '4': 0.8}",-0.9,QFQAmB6Cx
4,公众反馈/举报,"{'1': 0.0, '2': 0.3, '3': 0.1, '4': 0.6}",-0.9,R00N5tEcd
1,政务发布,"{'1': 1.0, '2': 0.0, '3': 0.0, '4': 0.0}",0.9,QFWFRlP78
1,政务发布,"{'1': 1.0, '2': 0.0, '3': 0.0, '4': 0.0}",0.0,QFWR6i2Ld
1,政务发布,"{'1': 1.0, '2': 0.0, '3': 0.0, '4': 0.0}",0.5,R01IO286u
1,政务发布,"{'1': 1.0, '2': 0.0, '3': 0.0, '4': 0.0}",0.9,QFT9KBNmF
1,政务发布,"{'1': 1.0, '2': 0.0, '3': 0.0, '4': 0.0}",-0.5,QFWikCNFd
1,政务发布,"{'1': 1.0, '2': 0.0, '3': 0.0, '4': 0.0}",0.5,QFVpntJ1U
4,公众反馈/举报,"{'1': 0.0, '2': 0.0, '3': 0.0, '4': 1.0}",-1.0,QFVi8CuXY
4,公众反馈/举报,"{'1': 0.0, '2': 0.0, '3': 0.0, '4': 1.0}",0.0,R01fQbZZi
3,民生服务,"{'1': 0.2, '2': 0.0, '3': 0.8, '4': 0.0}",0.8,QFTVBBIyf
1,政务发布,"{'1': 1.0, '2': 0.0, '3': 0.0, '4': 0.0}",0.8,QFU7M1sTt
4,公众反馈/举报,"{'1': 0.0, '2': 0.0, '3': 0.0, '4': 1.0}",-1.0,QFQAmB6Cx
3,民生服务,"{'1': 0.0, '2': 0.0, '3': 1.0, '4': 0.0}",0.8,R2cJg218H
4,公众反馈/举报,"{'1': 0.0, '2': 0.0, '3': 0.1, '4': 0.9}",-0.3,R2fXWzq1i
1,政务发布,"{'1': 1.0, '2': 0.0, '3': 0.0, '4': 0.0}",0.8,R2fWT8x2k
3,民生服务,"{'1': 0.0, '2': 0.0, '3': 1.0, '4': 0.0}",0.8,R2hA3kPGA
4,公众反馈/举报,"{'1': 0.0, '2': 0.1, '3': 0.0, '4': 0.9}",-1.0,QFSJy18Zm
4,公众反馈/举报,"{'1': 0.0, '2': 0.0, '3': 0.0, '4': 1.0}",-0.8,QFXfemABt
1,政务发布,"{'1': 1.0, '2': 0.0, '3': 0.0, '4': 0.0}",0.2,QFVmTkw9h
1,政务发布,"{'1': 1.0, '2': 0.0, '3': 0.0, '4': 0.0}",0.8,QFWR4dYHI
1,政务发布,"{'1': 1.0, '2': 0.0, '3': 0.0, '4': 0.0}",0.5,QFW9WzYtc
1,政务发布,"{'1': 1.0, '2': 0.0, '3': 0.0, '4': 0.0}",0.9,QFUOPryZu
1,政务发布,"{'1': 1.0, '2': 0.0, '3': 0.0, '4': 0.0}",0.9,QFTNbEHD3
4,公众反馈/举报,"{'1': 0.0, '2': 0.2, '3': 0.0, '4': 0.8}",-0.9,QFSJy18Zm
3,民生服务,"{'1': 0.0, '2': 0.0, '3': 1.0, '4': 0.0}",0.5,QFXfemABt
1,政务发布,"{'1': 0.9, '2': 0.0, '3': 0.05, '4': 0.05}",0.2,QFVmTkw9h
2,城市问题,"{'1': 0.0, '2': 1.0, '3': 0.0, '4': 0.0}",0.8,QFWR4dYHI
1,政务发布,"{'1': 1.0, '2': 0.0, '3': 0.0, '4': 0.0}",0.9,QFUOPryZu
1,政务发布,"{'1': 1.0, '2': 0.0, '3': 0.0, '4': 0.0}",0.8,QFW9WzYtc
3,民生服务,"{'1': 0.0, '2': 0.0, '3': 1.0, '4': 0.0}",0.9,QFTNbEHD3
1,政务发布,"{'1': 1.0, '2': 0.0, '3': 0.0, '4': 0.0}",0.6,R07oZnYs1
1,政务发布,"{'1': 1.0, '2': 0.0, '3': 0.0, '4': 0.0}",0.8,R06od4c7s
3,民生服务,"{'1': 0.7, '2': 0.0, '3': 0.3, '4': 0.0}",0.8,R05TFgGWb
2,城市问题,"{'1': 0.1, '2': 0.8, '3': 0.1, '4': 0.0}",-0.7,R06kvxFUi
3,民生服务,"{'1': 0.0, '2': 0.0, '3': 1.0, '4': 0.0}",0.5,R06b5gZh7
1,政务发布,"{'1': 1.0, '2': 0.0, '3': 0.0, '4': 0.0}",1.0,R05Tn37Fr
1,政务发布,"{'1': 1.0, '2': 0.0, '3': 0.0, '4': 0.0}",0.9,R08EGo0Qs
1,政务发布,"{'1': 1.0, '2': 0.0, '3': 0.0, '4': 0.0}",0.0,R05NYfswB
1,政务发布,"{'1': 1.0, '2': 0.0, '3': 0.0, '4': 0.0}",0.5,R08VmjDry
4,公众反馈/举报,"{'1': 0.0, '2': 0.0, '3': 0.0, '4': 1.0}",-0.5,R09ac40ho
3,民生服务,"{'1': 0.0, '2': 0.0, '3': 1.0, '4': 0.0}",0.8,QEzcmdLwI
4,公众反馈/举报,"{'1': 0.0, '2': 0.0, '3': 0.0, '4': 1.0}",-0.8,QEBnwbXHU
4,公众反馈/举报,"{'1': 0.0, '2': 0.0, '3': 0.0, '4': 1.0}",1.0,QEC2XbkM6
3,民生服务,"{'1': 0.0, '2': 0.0, '3': 1.0, '4': 0.0}",0.8,QECtD3yju
1,政务发布,"{'1': 1.0, '2': 0.0, '3': 0.0, '4': 0.0}",0.9,QEBo0Fdwv
4,公众反馈/举报,"{'1': 0.0, '2': 0.0, '3': 0.0, '4': 1.0}",0.1,QEC5Jrwj9
4,公众反馈/举报,"{'1': 0.0, '2': 0.0, '3': 0.0, '4': 1.0}",-0.5,R00IZwdfy
3,民生服务,"{'1': 0.2, '2': 0.0, '3': 0.8, '4': 0.0}",0.6,QFWhBo4Ha
3,民生服务,"{'1': 0.0, '2': 0.0, '3': 1.0, '4': 0.0}",0.8,R00RvurN9
1,政务发布,"{'1': 1.0, '2': 0.0, '3': 0.0, '4': 0.0}",0.8,QFUsEa3se
3,民生服务,"{'1': 0.0, '2': 0.0, '3': 1.0, '4': 0.0}",0.8,QFUbPrYdQ
3,民生服务,"{'1': 0.0, '2': 0.0, '3': 1.0, '4': 0.0}",0.9,QFU6cvBqy
1,政务发布,"{'1': 1.0, '2': 0.0, '3': 0.0, '4': 0.0}",0.8,QFUgSE54d
4,公众反馈/举报,"{'1': 0.0, '2': 0.0, '3': 0.0, '4': 1.0}",-1.0,QFSNHeAJa
4,公众反馈/举报,"{'1': 0.0, '2': 0.0, '3': 0.0, '4': 1.0}",0.2,R00GkcH0K
1,政务发布,"{'1': 1.0, '2': 0.0, '3': 0.0, '4': 0.0}",0.8,QFW7FE4El
1,政务发布,"{'1': 1.0, '2': 0.0, '3': 0.0, '4': 0.0}",0.8,QFVmgj7bH
1,政务发布,"{'1': 1.0, '2': 0.0, '3': 0.0, '4': 0.0}",0.9,QFTNtnvol
4,公众反馈/举报,"{'1': 0.0, '2': 0.0, '3': 0.0, '4': 1.0}",-0.3,R00IZwdfy
3,民生服务,"{'1': 0.2, '2': 0.1, '3': 0.6, '4': 0.1}",0.7,QFWhBo4Ha
4,公众反馈/举报,"{'1': 0.0, '2': 0.0, '3': 0.0, '4': 1.0}",0.8,R00RvurN9
1,政务发布,"{'1': 1.0, '2': 0.0, '3': 0.0, '4': 0.0}",0.6,QFUbPrYdQ
1,政务发布,"{'1': 0.8, '2': 0.0, '3': 0.1, '4': 0.1}",0.9,QFUsEa3se
1,政务发布,"{'1': 1.0, '2': 0.0, '3': 0.0, '4': 0.0}",1.0,QFU6cvBqy
1,政务发布,"{'1': 1.0, '2': 0.0, '3': 0.0, '4': 0.0}",1.0,QFUgSE54d
4,公众反馈/举报,"{'1': 0.0, '2': 0.0, '3': 0.0, '4': 1.0}",0.3,R00GkcH0K
1,政务发布,"{'1': 1.0, '2': 0.0, '3': 0.0, '4': 0.0}",0.8,QFVmgj7bH
4,公众反馈/举报,"{'1': 0.0, '2': 0.0, '3': 0.0, '4': 1.0}",-1.0,QFSNHeAJa
1,政务发布,"{'1': 1.0, '2': 0.0, '3': 0.0, '4': 0.0}",0.8,QFW7FE4El
1,政务发布,"{'1': 1.0, '2': 0.0, '3': 0.0, '4': 0.0}",0.9,QFTNtnvol
4,公众反馈/举报,"{'1': 0.0, '2': 0.0, '3': 0.0, '4': 1.0}",-0.8,QFXjwaomN
1,政务发布,"{'1': 0.9, '2': 0.0, '3': 0.1, '4': 0.0}",0.8,R000g387t
1,政务发布,"{'1': 1.0, '2': 0.0, '3': 0.0, '4': 0.0}",0.0,QFXkec5t6
4,公众反馈/举报,"{'1': 0.0, '2': 0.0, '3': 0.3, '4': 0.7}",-0.6,QFSNTpRab
3,民生服务,"{'1': 0.0, '2': 0.0, '3': 1.0, '4': 0.0}",0.8,QFTko9c4q
3,民生服务,"{'1': 0.0, '2': 0.0, '3': 1.0, '4': 0.0}",0.8,QFTsa63Vg
4,公众反馈/举报,"{'1': 0.0, '2': 0.6, '3': 0.0, '4': 1.0}",-0.8,QFULShy0D
2,城市问题,"{'1': 0.0, '2': 1.0, '3': 0.0, '4': 0.0}",0.0,R00ewpcTm
1,政务发布,"{'1': 1.0, '2': 0.0, '3': 0.0, '4': 0.0}",0.0,QFXkfmUI0
1,政务发布,"{'1': 1.0, '2': 0.0, '3': 0.0, '4': 0.0}",0.5,R00Yu8QQM
3,民生服务,"{'1': 0.0, '2': 0.0, '3': 1.0, '4': 0.0}",0.5,R018sBD8a
1,政务发布,"{'1': 1.0, '2': 0.0, '3': 0.0, '4': 0.0}",0.8,QFWSfqmWi
3,民生服务,"{'1': 0.0, '2': 0.0, '3': 1.0, '4': 0.0}",0.9,QFT6TeItG
3,民生服务,"{'1': 0.0, '2': 0.0, '3': 1.0, '4': 0.0}",0.8,R000g387t
4,公众反馈/举报,"{'1': 0.0, '2': 0.0, '3': 0.0, '4': 1.0}",-0.5,QFXjwaomN
4,公众反馈/举报,"{'1': 0.0, '2': 0.0, '3': 0.0, '4': 1.0}",-0.3,QFSNTpRab
1,政务发布,"{'1': 1.0, '2': 0.0, '3': 0.0, '4': 0.0}",0.8,QFTsa63Vg
3,民生服务,"{'3': 1.0, '1': 0.0, '2': 0.0, '4': 0.0}",0.8,QFTko9c4q
3,民生服务,"{'1': 0.0, '2': 0.0, '3': 1.0, '4': 0.0}",0.8,R00Yu8QQM
1,政务发布,"{'1': 1.0, '2': 0.0, '3': 0.0, '4': 0.0}",0.0,QFXkec5t6
2,城市问题,"{'1': 0.0, '2': 1.0, '3': 0.0, '4': 0.0}",0.0,R00ewpcTm
2,城市问题,"{'1': 0.0, '2': 1.0, '3': 0.0, '4': 0.0}",-0.8,QFULShy0D
4,公众反馈/举报,"{'1': 0.0, '2': 0.0, '3': 0.2, '4': 0.8}",0.3,R018sBD8a
1,政务发布,"{'1': 1.0, '2': 0.0, '3': 0.0, '4': 0.0}",0.0,QFXkfmUI0
1,政务发布,"{'1': 1.0, '2': 0.0, '3': 0.0, '4': 0.0}",0.9,QFWSfqmWi
3,民生服务,"{'1': 0.0, '2': 0.0, '3': 1.0, '4': 0.0}",0.9,QFT6TeItG
1,政务发布,"{'1': 1.0, '2': 0.0, '3': 0.0, '4': 0.0}",0.8,R28JGkKhU
4,公众反馈/举报,"{'1': 0.0, '2': 0.0, '3': 0.0, '4': 1.0}",0.0,R25Ob9CmR
4,公众反馈/举报,"{'1': 0.0, '2': 0.0, '3': 0.0, '4': 1.0}",0.3,R24bOfNnE
4,公众反馈/举报,"{'1': 0.0, '2': 0.0, '3': 0.0, '4': 1.0}",0.5,R29KCmpI0
1,政务发布,"{'1': 1.0, '2': 0.0, '3': 0.0, '4': 0.0}",1.0,R27BsyYb8
3,民生服务,"{'1': 0.0, '2': 0.0, '3': 1.0, '4': 0.0}",1.0,R23TijT5e
4,公众反馈/举报,"{'1': 0.0, '2': 0.0, '3': 0.0, '4': 1.0}",0.0,R24fCur8b
1,政务发布,"{'1': 1.0, '2': 0.0, '3': 0.0, '4': 0.0}",0.8,QFmAs3262
3,民生服务,"{'1': 0.0, '2': 0.0, '3': 1.0, '4': 0.0}",1.0,QFnzpeGgt
1,政务发布,"{'1': 1.0, '2': 0.0, '3': 0.0, '4': 0.0}",0.75,QFkO9z51V
1,政务发布,"{'1': 1.0, '2': 0.0, '3': 0.0, '4': 0.0}",0.0,QFm99AV5C
4,公众反馈/举报,"{'1': 0.0, '2': 0.0, '3': 0.7, '4': 0.3}",0.8,QFlmrCXIx
1,政务发布,"{'1': 1.0, '2': 0.0, '3': 0.0, '4': 0.0}",1.0,QFiGHDhI3
4,公众反馈/举报,"{'1': 0.0, '2': 0.0, '3': 0.0, '4': 1.0}",0.0,QFm7a2UfP
1,政务发布,"{'1': 1.0, '2': 0.0, '3': 0.0, '4': 0.0}",0.8,QFkbnorYn
1,政务发布,"{'1': 1.0, '2': 0.0, '3': 0.0, '4': 0.0}",0.2,QFiq8lDto
1,政务发布,"{'1': 1.0, '2': 0.0, '3': 0.0, '4': 0.0}",0.8,QFhQvysb1
1,政务发布,"{'1': 1.0, '2': 0.0, '3': 0.0, '4': 0.0}",0.9,R07IadfqC
4,公众反馈/举报,"{'1': 0.0, '2': 0.0, '3': 0.0, '4': 1.0}",-1.0,QFlFihaDW
4,公众反馈/举报,"{'1': 0.0, '2': 0.0, '3': 0.0, '4': 1.0}",0.0,R05jserYI
1,政务发布,"{'1': 1.0, '2': 0.0, '3': 0.0, '4': 0.0}",0.8,R07i4A7Eb
4,公众反馈/举报,"{'1': 0.0, '2': 0.0, '3': 0.0, '4': 1.0}",0.6,R06D62mMu
4,公众反馈/举报,"{'1': 0.0, '2': 0.0, '3': 0.0, '4': 1.0}",-0.9,R084Sm7BJ
1,政务发布,"{'1': 1.0, '2': 0.0, '3': 0.0, '4': 0.0}",0.0,R08W02aQs
4,公众反馈/举报,"{'1': 0.0, '2': 0.0, '3': 0.0, '4': 1.0}",0.6,R08ZUwlCt
1,政务发布,"{'1': 1.0, '2': 0.0, '3': 0.0, '4': 0.0}",0.8,R06l6bcyc
3,民生服务,"{'1': 0.0, '2': 0.0, '3': 1.0, '4': 0.0}",0.8,R07slpxFA
1,政务发布,"{'1': 1.0, '2': 0.0, '3': 0.0, '4': 0.0}",0.5,R07RlfRPw
3,民生服务,"{'1': 0.0, '2': 0.0, '3': 1.0, '4': 0.0}",-0.3,R064xnelp
1,政务发布,"{'1': 1.0, '2': 0.0, '3': 0.0, '4': 0.0}",0.0,R07GT1P4B
1,政务发布,"{'1': 1.0, '2': 0.0, '3': 0.0, '4': 0.0}",0.8,R05e5ftYH
3,民生服务,"{'1': 0.0, '2': 0.0, '3': 1.0, '4': 0.0}",0.9,R05jcqWf2
1,政务发布,"{'1': 1.0, '2': 0.0, '3': 0.0, '4': 0.0}",0.0,R07S0xr3p
4,公众反馈/举报,"{'1': 0.0, '2': 0.0, '3': 0.0, '4': 1.0}",0.1,R07OCeAie
2,城市问题,"{'1': 0.0, '2': 1.0, '3': 0.0, '4': 0.0}",0.8,R05lXwi2Q
4,公众反馈/举报,"{'1': 0.0, '2': 0.0, '3': 0.0, '4': 1.0}",-0.3,R08VKDYey
4,公众反馈/举报,"{'1': 0.0, '2': 0.0, '3': 0.0, '4': 1.0}",0.0,R08RCaWW0
1,政务发布,"{'1': 1.0, '2': 0.0, '3': 0.0, '4': 0.0}",1.0,R08spdVY9
1,政务发布,"{'1': 1.0, '2': 0.0, '3': 0.0, '4': 0.0}",0.0,R067ewx4X
3,民生服务,"{'1': 0.0, '2': 0.0, '3': 1.0, '4': 0.0}",0.8,R06dulvqe
4,公众反馈/举报,"{'1': 0.0, '2': 0.0, '3': 0.0, '4': 1.0}",-1.0,R06zk0Br5
3,民生服务,"{'1': 0.0, '2': 0.0, '3': 1.0, '4': 0.0}",1.0,R07mKfE0c
4,公众反馈/举报,"{'1': 0.0, '2': 0.0, '3': 0.0, '4': 1.0}",-1.0,R05rTxidg
2,城市问题,"{'1': 0.0, '2': 1.0, '3': 0.0, '4': 0.0}",-0.3,R08zTh1dI
1,政务发布,"{'1': 1.0, '2': 0.0, '3': 0.0, '4': 0.0}",0.8,R08Ng0Io0
4,公众反馈/举报,"{'1': 0.0, '2': 0.0, '3': 0.0, '4': 1.0}",0.0,R07zLg4Hr
4,公众反馈/举报,"{'1': 0.0, '2': 0.0, '3': 0.0, '4': 1.0}",-1.0,R04tZFVEL
3,民生服务,"{'1': 0.0, '2': 0.0, '3': 1.0, '4': 0.0}",0.8,R070LFiD6
1,政务发布,"{'1': 1.0, '2': 0.0, '3': 0.0, '4': 0.0}",0.0,R056WzolZ
4,公众反馈/举报,"{'1': 0.0, '2': 0.0, '3': 0.0, '4': 1.0}",-0.8,R05GmFamd
4,公众反馈/举报,"{'1': 0.0, '2': 0.2, '3': 0.1, '4': 0.7}",-0.9,R06iOhDTg
1,政务发布,"{'1': 1.0, '2': 0.0, '3': 0.0, '4': 0.0}",0.0,R07TKtawU
3,民生服务,"{'1': 0.2, '2': 0.0, '3': 0.8, '4': 0.0}",0.6,R06i7u69f
3,民生服务,"{'1': 0.0, '2': 0.0, '3': 1.0, '4': 0.0}",0.8,R06hWhzF1
3,民生服务,"{'1': 0.3, '2': 0.0, '3': 0.7, '4': 0.0}",0.9,R08mDu0KC
4,公众反馈/举报,"{'1': 0.0, '2': 0.0, '3': 0.0, '4': 1.0}",0.2,R098JkUzR
1,政务发布,"{'1': 1.0, '2': 0.0, '3': 0.0, '4': 0.0}",0.5,R07EM4hZw
1,政务发布,"{'1': 1.0, '2': 0.0, '3': 0.0, '4': 0.0}",0.0,R07rfdqRp
1,政务发布,"{'1': 1.0, '2': 0.0, '3': 0.0, '4': 0.0}",0.0,R07sR3RD8
2,城市问题,"{'1': 0.0, '2': 1.0, '3': 0.0, '4': 0.0}",-0.4,R07Rt94sQ
4,公众反馈/举报,"{'1': 0.0, '2': 0.2, '3': 0.0, '4': 1.0}",-1.0,R079P29mp
4,公众反馈/举报,"{'1': 0.0, '2': 0.0, '3': 0.0, '4': 1.0}",0.0,R07POF6I5
3,民生服务,"{'1': 0.0, '2': 0.0, '3': 1.0, '4': 0.0}",0.0,R05135iZB
4,公众反馈/举报,"{'1': 0.0, '2': 0.0, '3': 0.0, '4': 1.0}",0.0,R07Oh2zDO
4,公众反馈/举报,"{'1': 0.0, '2': 0.0, '3': 0.0, '4': 1.0}",0.0,R06dcCHPW
1,政务发布,"{'1': 1.0, '2': 0.0, '3': 0.0, '4': 0.0}",0.8,R07rMi08t
1,政务发布,"{'1': 1.0, '2': 0.0, '3': 0.0, '4': 0.0}",-0.5,R074PpSc3
4,公众反馈/举报,"{'1': 0.0, '2': 0.0, '3': 0.0, '4': 1.0}",0.8,R05NGbMe1
4,公众反馈/举报,"{'1': 0.0, '2': 0.0, '3': 0.0, '4': 1.0}",-0.6,R07VtEtvK
4,公众反馈/举报,"{'1': 0.0, '2': 0.0, '3': 0.0, '4': 1.0}",0.8,R025T555u
1,政务发布,"{'1': 1.0, '2': 0.0, '3': 0.0, '4': 0.0}",1.0,R05wk5k93
3,民生服务,"{'1': 0.2, '2': 0.1, '3': 0.6, '4': 0.1}",0.8,R07DZl1OY
4,公众反馈/举报,"{'1': 0.0, '2': 0.0, '3': 0.0, '4': 1.0}",-0.9,R05mDciln
3,民生服务,"{'1': 0.0, '2': 0.0, '3': 1.0, '4': 0.0}",0.8,R05A9iIWY
1,政务发布,"{'1': 1.0, '2': 0.0, '3': 0.0, '4': 0.0}",0.5,R07J9zhHL
4,公众反馈/举报,"{'1': 0.0, '2': 0.0, '3': 0.0, '4': 1.0}",-0.9,R09h2F34K
4,公众反馈/举报,"{'1': 0.0, '2': 0.0, '3': 0.0, '4': 1.0}",0.0,R06i0ke94
4,公众反馈/举报,"{'1': 0.0, '2': 0.0, '3': 0.0, '4': 1.0}",-0.8,R091JghwJ
1,政务发布,"{'1': 1.0, '2': 0.0, '3': 0.0, '4': 0.0}",0.9,R05uhi9PG
3,民生服务,"{'1': 0.0, '2': 0.0, '3': 1.0, '4': 0.0}",0.9,R08z5bUZV
4,公众反馈/举报,"{'1': 0.0, '2': 0.0, '3': 0.0, '4': 1.0}",-0.3,R06ohDQgG
1,政务发布,"{'1': 1.0, '2': 0.0, '3': 0.0, '4': 0.0}",0.8,R08aH03fp
1,政务发布,"{'1': 1.0, '2': 0.0, '3': 0.0, '4': 0.0}",0.5,R08Pe8tUf
1,政务发布,"{'1': 1.0, '2': 0.0, '3': 0.0, '4': 0.0}",0.8,R089fCNcd
4,公众反馈/举报,"{'1': 0.0, '2': 0.0, '3': 0.0, '4': 1.0}",0.3,R07TSntwL
3,民生服务,"{'1': 0.1, '2': 0.0, '3': 0.9, '4': 0.0}",0.2,R07RsoD1D
1,政务发布,"{'1': 1.0, '2': 0.0, '3': 0.0, '4': 0.0}",0.9,R07Iwe56V
3,民生服务,"{'1': 0.2, '2': 0.0, '3': 0.8, '4': 0.0}",-0.2,R08za05Ve
1,政务发布,"{'1': 0.9, '2': 0.0, '3': 0.1, '4': 0.0}",0.9,R26Tn1BKS
4,公众反馈/举报,"{'1': 0.0, '2': 0.0, '3': 0.0, '4': 1.0}",0.0,R282TA4mm
4,公众反馈/举报,"{'1': 0.0, '2': 0.0, '3': 0.0, '4': 1.0}",-0.5,R0U5jrpMq
4,公众反馈/举报,"{'1': 0.0, '2': 0.0, '3': 0.0, '4': 1.0}",-0.8,R0RIQnJjn
1,政务发布,"{'1': 1.0, '2': 0.0, '3': 0.0, '4': 0.0}",0.8,R0SQ0yvaB
1,政务发布,"{'1': 1.0, '2': 0.0, '3': 0.0, '4': 0.0}",0.8,R0TqT1lC0
4,公众反馈/举报,"{'1': 0.0, '2': 0.0, '3': 0.0, '4': 1.0}",-1.0,R01kWs0et
3,民生服务,"{'1': 0.0, '2': 0.0, '3': 1.0, '4': 0.0}",0.0,R0UVqCz0v
4,公众反馈/举报,"{'1': 0.0, '2': 0.0, '3': 0.0, '4': 1.0}",0.0,R016Yq89r
3,民生服务,"{'1': 0.0, '2': 0.0, '3': 1.0, '4': 0.0}",0.0,QFWQrdG4R
4,公众反馈/举报,"{'1': 0.0, '2': 0.0, '3': 0.0, '4': 1.0}",-1.0,QFSItuFSP
1,政务发布,"{'1': 1.0, '2': 0.0, '3': 0.0, '4': 0.0}",0.5,QFWwQ8O2C
1,政务发布,"{'1': 0.8, '2': 0.0, '3': 0.2, '4': 0.0}",0.7,QFWGJ8IhR
1,政务发布,"{'1': 1.0, '2': 0.0, '3': 0.0, '4': 0.0}",0.0,QFVPCwSZZ
4,公众反馈/举报,"{'1': 0.0, '2': 0.0, '3': 0.0, '4': 1.0}",0.9,QFVTpnuBZ
1,政务发布,"{'1': 1.0, '2': 0.0, '3': 0.0, '4': 0.0}",0.5,QFUvjpbzU
1,政务发布,"{'1': 1.0, '2': 0.0, '3': 0.0, '4': 0.0}",0.5,QFTS8vLWA
4,公众反馈/举报,"{'1': 0.0, '2': 0.0, '3': 0.0, '4': 1.0}",-0.9,R01kWs0et
4,公众反馈/举报,"{'1': 0.0, '2': 0.0, '3': 0.0, '4': 1.0}",0.2,R01d18ofg
4,公众反馈/举报,"{'1': 0.0, '2': 0.0, '3': 0.0, '4': 1.0}",-0.3,R016Yq89r
3,民生服务,"{'1': 0.0, '2': 0.0, '3': 1.0, '4': 0.0}",0.0,QFWQrdG4R
4,公众反馈/举报,"{'1': 0.0, '2': 0.0, '3': 0.0, '4': 1.0}",-1.0,QFSItuFSP
1,政务发布,"{'1': 1.0, '2': 0.0, '3': 0.0, '4': 0.0}",0.5,QFVPCwSZZ
1,政务发布,"{'1': 1.0, '2': 0.0, '3': 0.0, '4': 0.0}",0.5,QFWwQ8O2C
1,政务发布,"{'1': 1.0, '2': 0.0, '3': 0.0, '4': 0.0}",0.8,QFWGJ8IhR
3,民生服务,"{'1': 0.0, '2': 0.0, '3': 1.0, '4': 0.0}",0.8,QFVTpnuBZ
1,政务发布,"{'1': 1.0, '2': 0.0, '3': 0.0, '4': 0.0}",0.0,QFUvjpbzU
1,政务发布,"{'1': 1.0, '2': 0.0, '3': 0.0, '4': 0.0}",0.0,QFTS8vLWA
4,公众反馈/举报,"{'1': 0.0, '2': 0.1, '3': 0.2, '4': 0.7}",0.6,R01d18ofg
1,政务发布,"{'1': 1.0, '2': 0.0, '3': 0.0, '4': 0.0}",0.8,R2iD4D43N
1,政务发布,"{'1': 1.0, '2': 0.0, '3': 0.0, '4': 0.0}",0.5,R2hIdyJUq
1,政务发布,"{'1': 1.0, '2': 0.0, '3': 0.0, '4': 0.0}",0.8,R2i5N0Mtj
1,政务发布,"{'1': 1.0, '2': 0.0, '3': 0.0, '4': 0.0}",0.8,R2hfllCdt
1,政务发布,"{'1': 1.0, '2': 0.0, '3': 0.0, '4': 0.0}",0.6,R2hIbaQyC
4,公众反馈/举报,"{'1': 0.0, '2': 0.0, '3': 0.0, '4': 1.0}",-0.8,R2fiblGLL
3,民生服务,"{'1': 0.0, '2': 0.0, '3': 1.0, '4': 0.0}",0.9,R2dvGunSM
4,公众反馈/举报,"{'1': 0.0, '2': 0.0, '3': 0.0, '4': 1.0}",-1.0,R2bDiAudD
1,政务发布,"{'1': 1.0, '2': 0.0, '3': 0.0, '4': 0.0}",0.8,R2efk0L7E
4,公众反馈/举报,"{'1': 0.0, '2': 0.0, '3': 0.0, '4': 1.0}",-0.2,QFLZUB7Oa
4,公众反馈/举报,"{'1': 0.0, '2': 0.2, '3': 0.1, '4': 0.7}",-0.9,QFGIprwH5
3,民生服务,"{'1': 0.0, '2': 0.0, '3': 1.0, '4': 0.0}",0.8,QFXkdokoC
3,民生服务,"{'1': 0.0, '2': 0.0, '3': 1.0, '4': 0.0}",0.9,R01awu8LJ
3,民生服务,"{'1': 0.0, '2': 0.0, '3': 1.0, '4': 0.0}",0.5,QFWKbviWx
1,政务发布,"{'1': 1.0, '2': 0.0, '3': 0.0, '4': 0.0}",0.8,R00f71DgF
4,公众反馈/举报,"{'1': 0.0, '2': 1.0, '3': 0.0, '4': 0.0}",-1.0,R00yS2GFE
3,民生服务,"{'1': 0.0, '2': 0.0, '3': 1.0, '4': 0.0}",0.8,QFUdjDvPv
2,城市问题,"{'1': 0.2, '2': 0.8, '3': 0.0, '4': 0.0}",0.2,QFXnCydyX
1,政务发布,"{'1': 1.0, '2': 0.0, '3': 0.0, '4': 0.0}",1.0,QFUiXpPz0
1,政务发布,"{'1': 1.0, '2': 0.0, '3': 0.0, '4': 0.0}",0.6,QFTrZ5Ea1
1,政务发布,"{'1': 1.0, '2': 0.0, '3': 0.0, '4': 0.0}",1.0,QFWbG9Iwx
1,政务发布,"{'1': 1.0, '2': 0.0, '3': 0.0, '4': 0.0}",0.0,QFWvW1mCL
3,民生服务,"{'1': 0.1, '2': 0.0, '3': 0.85, '4': 0.05}",0.85,QFXkdokoC
1,政务发布,"{'1': 1.0, '2': 0.0, '3': 0.0, '4': 0.0}",0.8,QFWeNpO0V
3,民生服务,"{'1': 0.0, '2': 0.0, '3': 1.0, '4': 0.0}",0.5,QFWKbviWx
3,民生服务,"{'1': 0.0, '2': 0.0, '3': 1.0, '4': 0.0}",0.8,R01awu8LJ
4,公众反馈/举报,"{'1': 0.0, '2': 0.0, '3': 0.0, '4': 1.0}",-1.0,R00yS2GFE
1,政务发布,"{'1': 1.0, '2': 0.0, '3': 0.0, '4': 0.0}",0.0,QFXnCydyX
1,政务发布,"{'1': 1.0, '2': 0.0, '3': 0.0, '4': 0.0}",0.8,R00f71DgF
1,政务发布,"{'1': 1.0, '2': 0.0, '3': 0.0, '4': 0.0}",0.8,QFUdjDvPv
1,政务发布,"{'1': 1.0, '2': 0.0, '3': 0.0, '4': 0.0}",0.8,QFUiXpPz0
1,政务发布,"{'1': 1.0, '2': 0.0, '3': 0.0, '4': 0.0}",0.0,QFWvW1mCL
1,政务发布,"{'1': 1.0, '2': 0.0, '3': 0.0, '4': 0.0}",0.8,QFWeNpO0V
3,民生服务,"{'1': 0.0, '2': 0.0, '3': 1.0, '4': 0.0}",0.9,QFWbG9Iwx
1,政务发布,"{'1': 1.0, '2': 0.0, '3': 0.0, '4': 0.0}",0.2,QFTrZ5Ea1
1,政务发布,"{'1': 1.0, '2': 0.0, '3': 0.0, '4': 0.0}",0.5,R0Tip2MPS
4,公众反馈/举报,"{'1': 0.0, '2': 0.0, '3': 0.0, '4': 1.0}",0.0,R0We8Dbeu
1,政务发布,"{'1': 1.0, '2': 0.0, '3': 0.0, '4': 0.0}",-0.6,R0W4J96sM
4,公众反馈/举报,"{'1': 0.0, '2': 0.0, '3': 0.0, '4': 1.0}",-0.8,R0UrcBVMY
4,公众反馈/举报,"{'1': 0.0, '2': 0.0, '3': 0.7, '4': 0.3}",0.0,R0T7LxAn1
4,公众反馈/举报,"{'1': 0.0, '2': 0.0, '3': 0.0, '4': 1.0}",-0.5,R0UvZz00E
3,民生服务,"{'1': 0.0, '2': 0.0, '3': 1.0, '4': 0.0}",0.8,QFnjRc72T
4,公众反馈/举报,"{'1': 0.0, '2': 0.0, '3': 0.0, '4': 1.0}",0.4,R0UYZEebX
1,政务发布,"{'1': 1.0, '2': 0.0, '3': 0.0, '4': 0.0}",0.8,QFmWtyfFH
1,政务发布,"{'1': 1.0, '2': 0.0, '3': 0.0, '4': 0.0}",0.9,QFmfvkxEC
4,公众反馈/举报,"{'1': 0.0, '2': 0.0, '3': 0.0, '4': 1.0}",0.5,QFnF2dfzf
4,公众反馈/举报,"{'1': 0.0, '2': 0.1, '3': 0.0, '4': 0.9}",-0.6,QFnEakSiU
4,公众反馈/举报,"{'1': 0.0, '2': 0.0, '3': 0.0, '4': 1.0}",-1.0,QFhV2hCZE
3,民生服务,"{'1': 0.0, '2': 0.0, '3': 1.0, '4': 0.0}",0.8,QFlJRn7o6
1,政务发布,"{'1': 1.0, '2': 0.0, '3': 0.0, '4': 0.0}",0.8,QFkx50qnG
1,政务发布,"{'1': 1.0, '2': 0.0, '3': 0.0, '4': 0.0}",1.0,QFixso7P8
1,政务发布,"{'1': 1.0, '2': 0.0, '3': 0.0, '4': 0.0}",0.8,QFlh1p5G2
3,民生服务,"{'1': 0.0, '2': 0.0, '3': 1.0, '4': 0.0}",0.3,QFnoLwhoH
1,政务发布,"{'1': 1.0, '2': 0.0, '3': 0.0, '4': 0.0}",0.3,QFnwOkTAs
3,民生服务,"{'1': 0.0, '2': 0.0, '3': 1.0, '4': 0.0}",0.0,QFlF6wk3X
1,政务发布,"{'1': 1.0, '2': 0.0, '3': 0.0, '4': 0.0}",0.8,QFlzIbvY3
3,民生服务,"{'1': 0.0, '2': 0.0, '3': 1.0, '4': 0.0}",0.5,QFmdC8DJ9
4,公众反馈/举报,"{'1': 0.0, '2': 0.0, '3': 0.0, '4': 1.0}",0.0,QFlZbCVO1
1,政务发布,"{'1': 1.0, '2': 0.0, '3': 0.0, '4': 0.0}",0.8,QFirOqO31
4,公众反馈/举报,"{'1': 0.0, '2': 0.0, '3': 0.0, '4': 1.0}",0.2,QFhvAlWbT
1,政务发布,"{'1': 1.0, '2': 0.0, '3': 0.0, '4': 0.0}",1.0,QFiau7WIU
4,公众反馈/举报,"{'1': 0.0, '2': 0.0, '3': 0.0, '4': 1.0}",-0.8,QFnnPjDTD
4,公众反馈/举报,"{'1': 0.0, '2': 0.0, '3': 0.0, '4': 1.0}",0.5,QFiXLmfnp
1,政务发布,"{'1': 1.0, '2': 0.0, '3': 0.0, '4': 0.0}",0.0,QFldcg6qL
1,政务发布,"{'1': 1.0, '2': 0.0, '3': 0.0, '4': 0.0}",0.8,QFi7eecep
3,民生服务,"{'1': 0.0, '2': 0.0, '3': 1.0, '4': 0.0}",0.0,QFiKWcbcB
1,政务发布,"{'1': 1.0, '2': 0.0, '3': 0.0, '4': 0.0}",0.8,QFm2Q02qy
1,政务发布,"{'1': 1.0, '2': 0.0, '3': 0.0, '4': 0.0}",0.9,QFiHVuiPs
1,政务发布,"{'1': 0.9, '2': 0.0, '3': 0.1, '4': 0.0}",0.8,QFiDYtdYR
4,公众反馈/举报,"{'1': 0.0, '2': 0.3, '3': 0.0, '4': 1.0}",-0.9,R002pfIwR
4,公众反馈/举报,"{'1': 0.0, '2': 0.0, '3': 0.0, '4': 1.0}",-0.8,R002vE3su
3,民生服务,"{'1': 0.0, '2': 0.0, '3': 1.0, '4': 0.0}",1.0,QFXkBdRFC
1,政务发布,"{'1': 1.0, '2': 0.0, '3': 0.0, '4': 0.0}",0.8,QFVjaayn6
1,政务发布,"{'1': 1.0, '2': 0.0, '3': 0.0, '4': 0.0}",0.0,QFV6mj1pS
1,政务发布,"{'1': 0.9, '2': 0.0, '3': 0.1, '4': 0.0}",0.0,QFX6kFqt9
1,政务发布,"{'1': 1.0, '2': 0.0, '3': 0.0, '4': 0.0}",0.9,QFUdr6jcB
3,民生服务,"{'1': 0.3, '2': 0.0, '3': 0.5, '4': 0.2}",0.9,QFTFFqX8J
4,公众反馈/举报,"{'1': 0.0, '2': 0.0, '3': 0.0, '4': 1.0}",-1.0,R01JJie79
4,公众反馈/举报,"{'1': 0.0, '2': 0.0, '3': 0.0, '4': 1.0}",0.3,R01yNDPYp
3,民生服务,"{'1': 0.0, '2': 0.0, '3': 1.0, '4': 0.0}",1.0,QFWR6i2WZ
1,政务发布,"{'1': 1.0, '2': 0.0, '3': 0.0, '4': 0.0}",0.9,QFWBy4vo8
4,公众反馈/举报,"{'1': 0.0, '2': 0.0, '3': 0.0, '4': 1.0}",-1.0,R002pfIwR
2,城市问题,"{'1': 0.0, '2': 0.9, '3': 0.1, '4': 0.0}",-0.6,R002vE3su
3,民生服务,"{'1': 0.0, '2': 0.0, '3': 1.0, '4': 0.0}",0.8,QFXkBdRFC
1,政务发布,"{'1': 1.0, '2': 0.0, '3': 0.0, '4': 0.0}",1.0,QFVjaayn6
1,政务发布,"{'1': 1.0, '2': 0.0, '3': 0.0, '4': 0.0}",0.0,QFV6mj1pS
1,政务发布,"{'1': 1.0, '2': 0.0, '3': 0.0, '4': 0.0}",0.9,QFUdr6jcB
1,政务发布,"{'1': 1.0, '2': 0.0, '3': 0.0, '4': 0.0}",0.0,QFX6kFqt9
1,政务发布,"{'1': 1.0, '2': 0.0, '3': 0.0, '4': 0.0}",0.8,QFTFFqX8J
4,公众反馈/举报,"{'1': 0.0, '2': 0.0, '3': 0.0, '4': 1.0}",-1.0,R01JJie79
4,公众反馈/举报,"{'1': 0.0, '2': 0.0, '3': 0.0, '4': 1.0}",0.0,R01yNDPYp
1,政务发布,"{'1': 1.0, '2': 0.0, '3': 0.0, '4': 0.0}",0.9,QFWBy4vo8
1,政务发布,"{'1': 1.0, '2': 0.0, '3': 0.0, '4': 0.0}",0.9,R05Hraxtf
1,政务发布,"{'1': 0.9, '2': 0.0, '3': 0.1, '4': 0.0}",0.8,QFWR6i2WZ
3,民生服务,"{'1': 0.1, '2': 0.0, '3': 0.9, '4': 0.0}",0.6,R06Gu3CPM
3,民生服务,"{'1': 0.0, '2': 0.0, '3': 1.0, '4': 0.0}",0.9,R07SssTtc
3,民生服务,"{'1': 0.0, '2': 0.0, '3': 1.0, '4': 0.0}",0.8,R07o1save
1,政务发布,"{'1': 1.0, '2': 0.0, '3': 0.0, '4': 0.0}",0.8,R07Rx41Tu
1,政务发布,"{'1': 1.0, '2': 0.0, '3': 0.0, '4': 0.0}",0.0,R05TmtENs
1,政务发布,"{'1': 1.0, '2': 0.0, '3': 0.0, '4': 0.0}",0.0,R08JVuREc
1,政务发布,"{'1': 1.0, '2': 0.0, '3': 0.0, '4': 0.0}",0.9,R07ItgM7O
3,民生服务,"{'1': 0.0, '2': 0.0, '3': 1.0, '4': 0.0}",0.8,R07WrCtKN
2,城市问题,"{'1': 0.0, '2': 1.0, '3': 0.0, '4': 0.0}",-0.8,R07qSr3lP
4,公众反馈/举报,"{'1': 0.0, '2': 0.0, '3': 0.0, '4': 1.0}",0.0,R06DSsIwQ
4,公众反馈/举报,"{'1': 0.0, '2': 0.0, '3': 0.0, '4': 1.0}",-1.0,R08wcqymy
4,公众反馈/举报,"{'1': 0.0, '2': 0.0, '3': 0.0, '4': 1.0}",-0.8,R09cqfNWA
3,民生服务,"{'1': 0.0, '2': 0.0, '3': 1.0, '4': 0.0}",0.9,R08jD2Ts8
3,民生服务,"{'1': 0.0, '2': 0.1, '3': 1.0, '4': 0.0}",0.8,R07Ls1a8O
4,公众反馈/举报,"{'1': 0.0, '2': 0.0, '3': 0.1, '4': 0.9}",0.2,R07ORzgwk
4,公众反馈/举报,"{'1': 0.0, '2': 0.0, '3': 0.3, '4': 0.7}",-0.6,R07UHlP1P
1,政务发布,"{'1': 1.0, '2': 0.0, '3': 0.0, '4': 0.0}",0.5,R08MmvKY2
1,政务发布,"{'1': 1.0, '2': 0.0, '3': 0.0, '4': 0.0}",0.5,R09eDhQi2
2,城市问题,"{'1': 0.0, '2': 1.0, '3': 0.0, '4': 0.0}",0.0,R06cYrMiX
1,政务发布,"{'1': 1.0, '2': 0.0, '3': 0.0, '4': 0.0}",0.8,R09124xgt
1,政务发布,"{'1': 1.0, '2': 0.0, '3': 0.0, '4': 0.0}",0.0,R05ZDEtyf
1,政务发布,"{'1': 1.0, '2': 0.0, '3': 0.0, '4': 0.0}",0.8,R07Rewnyq
4,公众反馈/举报,"{'1': 0.0, '2': 0.3, '3': 0.2, '4': 0.5}",0.0,R03NrCjcI
1,政务发布,"{'1': 1.0, '2': 0.0, '3': 0.0, '4': 0.0}",0.5,R07rzABB8
4,公众反馈/举报,"{'1': 0.0, '2': 0.4, '3': 0.1, '4': 0.5}",-0.9,R05ytcroO
4,公众反馈/举报,"{'1': 0.0, '2': 0.3, '3': 0.2, '4': 0.5}",-0.9,R05rsiXbn
4,公众反馈/举报,"{'1': 0.0, '2': 0.0, '3': 0.0, '4': 1.0}",0.6,R25YThLFD
4,公众反馈/举报,"{'1': 0.0, '2': 0.0, '3': 0.0, '4': 1.0}",0.3,R269liCqK
1,政务发布,"{'1': 1.0, '2': 0.0, '3': 0.0, '4': 0.0}",1.0,R08ukniop
3,民生服务,"{'1': 0.0, '2': 0.0, '3': 1.0, '4': 0.0}",0.9,R254tAAPa
3,民生服务,"{'1': 0.0, '2': 0.0, '3': 1.0, '4': 0.0}",1.0,R24ajrx7H
3,民生服务,"{'1': 0.0, '2': 0.0, '3': 1.0, '4': 0.0}",0.9,R25ALtJhB
3,民生服务,"{'1': 0.0, '2': 0.0, '3': 1.0, '4': 0.0}",0.8,R0fsua7Uq
4,公众反馈/举报,"{'1': 0.0, '2': 0.0, '3': 0.0, '4': 1.0}",0.0,R0hH03irH
1,政务发布,"{'1': 1.0, '2': 0.0, '3': 0.0, '4': 0.0}",0.8,R0f62hn9M
1,政务发布,"{'1': 1.0, '2': 0.0, '3': 0.0, '4': 0.0}",0.8,R0fP77GNr
1,政务发布,"{'1': 1.0, '2': 0.0, '3': 0.0, '4': 0.0}",0.5,R0h8IyAY7
4,公众反馈/举报,"{'1': 0.0, '2': 0.0, '3': 0.0, '4': 1.0}",-1.0,R0fyMmY8u
1,政务发布,"{'1': 1.0, '2': 0.0, '3': 0.0, '4': 0.0}",0.0,R0eSanjsq
3,民生服务,"{'1': 0.0, '2': 0.0, '3': 1.0, '4': 0.0}",0.8,R0hAP80tl
1,政务发布,"{'1': 1.0, '2': 0.0, '3': 0.0, '4': 0.0}",0.8,R0f62hn9M
3,民生服务,"{'1': 0.0, '2': 0.0, '3': 1.0, '4': 0.0}",0.0,R0hH03irH
3,民生服务,"{'1': 0.0, '2': 0.0, '3': 1.0, '4': 0.0}",0.8,R0fsua7Uq
1,政务发布,"{'1': 1.0, '2': 0.0, '3': 0.0, '4': 0.0}",0.8,R0h8IyAY7
4,公众反馈/举报,"{'1': 0.0, '2': 0.2, '3': 0.1, '4': 0.7}",0.0,R0eUw9B6b
1,政务发布,"{'1': 1.0, '2': 0.0, '3': 0.0, '4': 0.0}",0.9,R0fP77GNr
4,公众反馈/举报,"{'1': 0.0, '2': 0.0, '3': 0.0, '4': 1.0}",-1.0,R0fyMmY8u
1,政务发布,"{'1': 1.0, '2': 0.0, '3': 0.0, '4': 0.0}",0.0,R0eSanjsq
3,民生服务,"{'1': 0.0, '2': 0.0, '3': 1.0, '4': 0.0}",0.8,R0hAP80tl
4,公众反馈/举报,"{'1': 0.0, '2': 0.0, '3': 0.0, '4': 1.0}",0.0,R0eUw9B6b
4,公众反馈/举报,"{'1': 0.0, '2': 0.0, '3': 0.0, '4': 1.0}",-0.9,R00bsmV6y
3,民生服务,"{'1': 0.0, '2': 0.0, '3': 1.0, '4': 0.0}",0.5,QFWMKdisg
4,公众反馈/举报,"{'1': 0.0, '2': 0.0, '3': 0.0, '4': 1.0}",-1.0,R009W8qQg
1,政务发布,"{'1': 1.0, '2': 0.0, '3': 0.0, '4': 0.0}",0.8,R018HodSR
1,政务发布,"{'1': 1.0, '2': 0.0, '3': 0.0, '4': 0.0}",0.5,QFUkX5M47
1,政务发布,"{'1': 1.0, '2': 0.0, '3': 0.0, '4': 0.0}",1.0,QFTFmeC4B
1,政务发布,"{'1': 1.0, '2': 0.0, '3': 0.0, '4': 0.0}",1.0,QFWr3xPVP
1,政务发布,"{'1': 1.0, '2': 0.0, '3': 0.0, '4': 0.0}",0.8,QFW6Fs5B0
1,政务发布,"{'1': 1.0, '2': 0.0, '3': 0.0, '4': 0.0}",0.9,QFWcQdtaO
1,政务发布,"{'1': 1.0, '2': 0.0, '3': 0.0, '4': 0.0}",0.8,QFVkRtSwe
4,公众反馈/举报,"{'1': 0.0, '2': 0.0, '3': 0.0, '4': 1.0}",0.0,QFUUDzlTv
1,政务发布,"{'1': 1.0, '2': 0.0, '3': 0.0, '4': 0.0}",0.0,QFV64wVAS
4,公众反馈/举报,"{'1': 0.0, '2': 0.0, '3': 0.0, '4': 1.0}",-1.0,QFU7G3xjF
4,公众反馈/举报,"{'1': 0.0, '2': 0.0, '3': 0.0, '4': 1.0}",-0.9,R00bsmV6y
4,公众反馈/举报,"{'1': 0.0, '2': 0.0, '3': 0.0, '4': 1.0}",-0.3,R009W8qQg
3,民生服务,"{'1': 0.0, '2': 0.0, '3': 1.0, '4': 0.0}",-0.5,QFWMKdisg
1,政务发布,"{'1': 1.0, '2': 0.0, '3': 0.0, '4': 0.0}",0.8,R018HodSR
1,政务发布,"{'1': 1.0, '2': 0.0, '3': 0.0, '4': 0.0}",0.8,QFUkX5M47
3,民生服务,"{'1': 0.0, '2': 0.0, '3': 1.0, '4': 0.0}",0.8,QFTFmeC4B
1,政务发布,"{'1': 1.0, '2': 0.0, '3': 0.0, '4': 0.0}",0.8,QFWr3xPVP
3,民生服务,"{'1': 0.0, '2': 0.0, '3': 1.0, '4': 0.0}",0.8,QFWcQdtaO
1,政务发布,"{'1': 1.0, '2': 0.0, '3': 0.0, '4': 0.0}",0.9,QFW6Fs5B0
1,政务发布,"{'1': 1.0, '2': 0.0, '3': 0.0, '4': 0.0}",0.0,QFV64wVAS
2,城市问题,"{'1': 0.0, '2': 0.0, '3': 0.0, '4': 0.0}",0.0,QFUUDzlTv
1,政务发布,"{'1': 1.0, '2': 0.0, '3': 0.0, '4': 0.0}",0.9,QFVkRtSwe
3,民生服务,"{'1': 0.0, '2': 0.0, '3': 1.0, '4': 0.0}",0.9,QEo2Zmxmx
4,公众反馈/举报,"{'1': 0.0, '2': 0.0, '3': 0.0, '4': 1.0}",-0.3,QEpeo0GBG
4,公众反馈/举报,"{'1': 0.0, '2': 0.0, '3': 0.0, '4': 1.0}",-0.8,QFU7G3xjF
1,政务发布,"{'1': 1.0, '2': 0.0, '3': 0.0, '4': 0.0}",0.8,QEosoiIlt
1,政务发布,"{'1': 1.0, '2': 0.0, '3': 0.0, '4': 0.0}",0.5,QEngiEVd5
4,公众反馈/举报,"{'1': 0.0, '2': 0.1, '3': 0.0, '4': 0.9}",-0.8,QEjK5eWtR
3,民生服务,"{'1': 0.0, '2': 0.0, '3': 1.0, '4': 0.0}",1.0,QEmPKokBA
4,公众反馈/举报,"{'1': 0.0, '2': 0.0, '3': 0.0, '4': 1.0}",0.0,QEsW5EefL
1,政务发布,"{'1': 1.0, '2': 0.0, '3': 0.0, '4': 0.0}",0.9,R0S98iIJQ
4,公众反馈/举报,"{'1': 0.0, '2': 0.2, '3': 0.1, '4': 0.7}",0.0,R0SSA8CnL
1,政务发布,"{'1': 1.0, '2': 0.0, '3': 0.0, '4': 0.0}",0.0,QFmJGaENZ
1,政务发布,"{'1': 1.0, '2': 0.0, '3': 0.0, '4': 0.0}",0.8,QFmD9gIy2
4,公众反馈/举报,"{'1': 0.0, '2': 0.0, '3': 0.0, '4': 1.0}",-0.9,QFmJ3u9XY
4,公众反馈/举报,"{'1': 0.0, '2': 0.0, '3': 0.0, '4': 1.0}",0.5,R0TYyzLfI
4,公众反馈/举报,"{'1': 0.0, '2': 0.0, '3': 0.0, '4': 1.0}",0.0,QFlyqEX9u
1,政务发布,"{'1': 1.0, '2': 0.0, '3': 0.0, '4': 0.0}",1.0,QFi5nChYD
1,政务发布,"{'1': 1.0, '2': 0.0, '3': 0.0, '4': 0.0}",1.0,QFijHdyMe
1,政务发布,"{'1': 1.0, '2': 0.0, '3': 0.0, '4': 0.0}",0.9,QFk0Pv9WX
1,政务发布,"{'1': 1.0, '2': 0.0, '3': 0.0, '4': 0.0}",0.0,QFhMNw2FI
4,公众反馈/举报,"{'1': 0.0, '2': 0.2, '3': 0.3, '4': 0.5}",-0.3,QFlHE2nBe
4,公众反馈/举报,"{'1': 0.0, '2': 0.0, '3': 0.0, '4': 1.0}",-0.3,QFk6pcCTu
1,政务发布,"{'1': 1.0, '2': 0.0, '3': 0.0, '4': 0.0}",0.0,QFn94u5tv
1,政务发布,"{'1': 1.0, '2': 0.0, '3': 0.0, '4': 0.0}",0.9,QFjM0pKfJ
4,公众反馈/举报,"{'1': 0.0, '2': 0.0, '3': 0.0, '4': 1.0}",-0.8,QFljv4B6Y
4,公众反馈/举报,"{'1': 0.0, '2': 0.0, '3': 0.0, '4': 1.0}",-1.0,R06MObK6z
1,政务发布,"{'1': 1.0, '2': 0.0, '3': 0.0, '4': 0.0}",0.8,R07aV4mft
1,政务发布,"{'1': 1.0, '2': 0.0, '3': 0.0, '4': 0.0}",0.8,R05PCoh8Q
1,政务发布,"{'1': 1.0, '2': 0.0, '3': 0.0, '4': 0.0}",0.3,R07zpfeoS
1,政务发布,"{'1': 0.9, '2': 0.0, '3': 0.1, '4': 0.0}",0.0,R05LOhldJ
1,政务发布,"{'1': 0.9, '2': 0.0, '3': 0.1, '4': 0.0}",0.2,R08uCoNly
1,政务发布,"{'1': 1.0, '2': 0.0, '3': 0.0, '4': 0.0}",0.8,R06hsCVeZ
4,公众反馈/举报,"{'1': 0.0, '2': 0.2, '3': 0.1, '4': 0.7}",-0.6,R07Vu2UEd
3,民生服务,"{'1': 0.2, '2': 0.1, '3': 0.7, '4': 0.0}",0.9,R06wMq9pl
4,公众反馈/举报,"{'1': 0.0, '2': 0.0, '3': 0.0, '4': 1.0}",-0.3,R06LR0nFM
4,公众反馈/举报,"{'1': 0.0, '2': 0.0, '3': 0.0, '4': 1.0}",0.5,R07xDAjhD
1,政务发布,"{'1': 1.0, '2': 0.0, '3': 0.0, '4': 0.0}",0.6,R05IAx9w5
4,公众反馈/举报,"{'1': 0.0, '2': 0.0, '3': 0.0, '4': 1.0}",0.0,R07sTiWWX
1,政务发布,"{'1': 1.0, '2': 0.0, '3': 0.0, '4': 0.0}",0.0,R0912ne7Y
4,公众反馈/举报,"{'1': 0.0, '2': 0.0, '3': 0.0, '4': 1.0}",0.9,R08pktqQk
4,公众反馈/举报,"{'1': 0.0, '2': 0.0, '3': 0.0, '4': 1.0}",-1.0,R06NY3pgn
4,公众反馈/举报,"{'1': 0.0, '2': 0.0, '3': 0.0, '4': 1.0}",-0.5,R06oJ3qI8
1,政务发布,"{'1': 1.0, '2': 0.0, '3': 0.0, '4': 0.0}",0.5,R07nznTmy
1,政务发布,"{'1': 0.8, '2': 0.0, '3': 0.2, '4': 0.0}",0.0,R074PpR3f
3,民生服务,"{'1': 0.0, '2': 0.0, '3': 1.0, '4': 0.0}",0.0,R042RrQXj
4,公众反馈/举报,"{'1': 0.0, '2': 0.0, '3': 0.0, '4': 1.0}",-0.8,R07Ee7Bil
3,民生服务,"{'1': 0.0, '2': 0.3, '3': 0.5, '4': 0.2}",0.2,R08UXyG3Y
3,民生服务,"{'1': 0.0, '2': 0.0, '3': 1.0, '4': 0.0}",0.8,R06yHzvh5
4,公众反馈/举报,"{'1': 0.0, '2': 0.0, '3': 0.0, '4': 1.0}",0.0,R06rroESM
2,城市问题,"{'1': 0.0, '2': 0.3, '3': 0.7, '4': 0.0}",1.0,R06XDzgHs
3,民生服务,"{'1': 0.0, '2': 0.0, '3': 1.0, '4': 0.0}",0.0,R072Ie2Fj
4,公众反馈/举报,"{'1': 0.0, '2': 0.0, '3': 0.0, '4': 1.0}",0.0,R0SuhpFwB
3,民生服务,"{'1': 0.0, '2': 0.0, '3': 1.0, '4': 0.0}",0.9,R0Su4pyTz
1,政务发布,"{'1': 1.0, '2': 0.0, '3': 0.0, '4': 0.0}",0.8,R05zlmotY
4,公众反馈/举报,"{'1': 0.0, '2': 0.0, '3': 0.0, '4': 1.0}",0.5,QFVDdroJR
1,政务发布,"{'1': 1.0, '2': 0.0, '3': 0.0, '4': 0.0}",0.8,R27ISfB4k
1,政务发布,"{'1': 1.0, '2': 0.0, '3': 0.0, '4': 0.0}",1.0,R27Hz6GGq
4,公众反馈/举报,"{'1': 0.0, '2': 0.0, '3': 0.0, '4': 1.0}",0.0,R29FXkKp9
4,公众反馈/举报,"{'1': 0.0, '2': 0.4, '3': 0.0, '4': 1.0}",-0.8,R000nmSXR
4,公众反馈/举报,"{'1': 0.0, '2': 0.0, '3': 0.0, '4': 1.0}",-1.0,QFVkso1Xn
1,政务发布,"{'1': 1.0, '2': 0.0, '3': 0.0, '4': 0.0}",0.8,R0005fUbF
1,政务发布,"{'1': 1.0, '2': 0.0, '3': 0.0, '4': 0.0}",0.5,QFUDbfApc
4,公众反馈/举报,"{'1': 0.0, '2': 0.0, '3': 0.0, '4': 1.0}",-1.0,QFQ2wsHA9
4,公众反馈/举报,"{'1': 0.0, '2': 0.0, '3': 0.0, '4': 1.0}",0.0,R01aGBkOj
1,政务发布,"{'1': 1.0, '2': 0.0, '3': 0.0, '4': 0.0}",0.3,QFX4vpAGN
4,公众反馈/举报,"{'1': 0.0, '2': 0.1, '3': 0.2, '4': 0.7}",-0.8,R000nmSXR
3,民生服务,"{'1': 0.0, '2': 0.0, '3': 1.0, '4': 0.0}",0.8,R0005fUbF
4,公众反馈/举报,"{'1': 0.0, '2': 0.0, '3': 0.0, '4': 1.0}",-0.9,QFVkso1Xn
4,公众反馈/举报,"{'1': 0.0, '2': 0.0, '3': 0.0, '4': 1.0}",-1.0,QFQ2wsHA9
1,政务发布,"{'1': 1.0, '2': 0.0, '3': 0.0, '4': 0.0}",0.8,QFUDbfApc
4,公众反馈/举报,"{'1': 0.0, '2': 0.0, '3': 0.0, '4': 1.0}",0.0,R01aGBkOj
3,民生服务,"{'1': 0.0, '2': 0.0, '3': 1.0, '4': 0.0}",0.8,QDZUDgd9g
3,民生服务,"{'1': 0.0, '2': 0.0, '3': 1.0, '4': 0.0}",0.0,QDYbgokDD
1,政务发布,"{'1': 1.0, '2': 0.0, '3': 0.0, '4': 0.0}",0.0,QFX4vpAGN
2,城市问题,"{'1': 0.0, '2': 1.0, '3': 0.0, '4': 0.0}",-0.9,QDZGlCs0n
1,政务发布,"{'1': 1.0, '2': 0.0, '3': 0.0, '4': 0.0}",0.8,QDZWRxu86
1,政务发布,"{'1': 0.9, '2': 0.0, '3': 0.05, '4': 0.05}",0.8,QDYdNx4eS
4,公众反馈/举报,"{'1': 0.0, '2': 0.0, '3': 0.0, '4': 1.0}",0.0,QDX3Iz3iY
4,公众反馈/举报,"{'1': 0.0, '2': 0.0, '3': 0.0, '4': 1.0}",1.0,QE0LedHpM
1,政务发布,"{'1': 1.0, '2': 0.0, '3': 0.0, '4': 0.0}",0.8,QDZnn1YB0
4,公众反馈/举报,"{'1': 0.0, '2': 0.0, '3': 0.0, '4': 1.0}",-1.0,QDWft8sjs
1,政务发布,"{'1': 1.0, '2': 0.0, '3': 0.0, '4': 0.0}",0.9,QDYcNpus6
3,民生服务,"{'1': 0.0, '2': 0.0, '3': 1.0, '4': 0.0}",0.8,QDWOYyki2
1,政务发布,"{'1': 1.0, '2': 0.0, '3': 0.0, '4': 0.0}",0.9,QDVDgxX8b
4,公众反馈/举报,"{'1': 0.0, '2': 0.0, '3': 0.0, '4': 1.0}",-0.9,QFW3Rdk65
4,公众反馈/举报,"{'1': 0.0, '2': 0.2, '3': 0.3, '4': 0.5}",0.8,R01uo9aX7
4,公众反馈/举报,"{'1': 0.0, '2': 0.0, '3': 0.0, '4': 1.0}",0.0,QFX85q1mH
4,公众反馈/举报,"{'1': 0.0, '2': 0.2, '3': 0.0, '4': 0.8}",-0.9,R01KYCMVm
4,公众反馈/举报,"{'1': 0.0, '2': 0.0, '3': 0.0, '4': 1.0}",-0.8,QFU7R3WsW
1,政务发布,"{'1': 1.0, '2': 0.0, '3': 0.0, '4': 0.0}",0.5,R01HbcXwn
1,政务发布,"{'1': 1.0, '2': 0.0, '3': 0.0, '4': 0.0}",-0.9,QFWDKyd9e
2,城市问题,"{'1': 0.0, '2': 0.8, '3': 0.0, '4': 0.2}",-0.8,R01bhfWey
1,政务发布,"{'1': 1.0, '2': 0.0, '3': 0.0, '4': 0.0}",0.5,QFSk6hyGk
1,政务发布,"{'1': 1.0, '2': 0.0, '3': 0.0, '4': 0.0}",0.8,QFWCHdV5T
4,公众反馈/举报,"{'1': 0.0, '2': 0.0, '3': 0.0, '4': 1.0}",0.0,QFX85q1mH
4,公众反馈/举报,"{'1': 0.0, '2': 0.2, '3': 0.0, '4': 0.8}",-0.9,QFW3Rdk65
4,公众反馈/举报,"{'1': 0.0, '2': 0.0, '3': 0.0, '4': 1.0}",-0.9,QFU7R3WsW
4,公众反馈/举报,"{'1': 0.0, '2': 0.2, '3': 0.0, '4': 0.8}",-0.9,R01KYCMVm
4,公众反馈/举报,"{'1': 0.0, '2': 0.2, '3': 0.3, '4': 0.5}",0.8,R01uo9aX7
1,政务发布,"{'1': 1.0, '2': 0.0, '3': 0.0, '4': 0.0}",0.5,R01HbcXwn
1,政务发布,"{'1': 1.0, '2': 0.0, '3': 0.0, '4': 0.0}",0.0,QFWDKyd9e
1,政务发布,"{'1': 1.0, '2': 0.0, '3': 0.0, '4': 0.0}",0.5,QFSk6hyGk
1,政务发布,"{'1': 1.0, '2': 0.0, '3': 0.0, '4': 0.0}",0.8,QFWCHdV5T
4,公众反馈/举报,"{'1': 0.0, '2': 0.0, '3': 0.0, '4': 1.0}",-0.8,R01bhfWey
4,公众反馈/举报,"{'1': 0.0, '2': 0.2, '3': 0.1, '4': 0.7}",-0.9,R259mbO9Q
2,城市问题,"{'1': 0.0, '2': 1.0, '3': 0.0, '4': 0.0}",0.0,R24cvFQNI
1,政务发布,"{'1': 1.0, '2': 0.0, '3': 0.0, '4': 0.0}",0.8,R24qWh32h
4,公众反馈/举报,"{'1': 0.0, '2': 0.0, '3': 0.0, '4': 1.0}",-0.6,R29KDEY2f
1,政务发布,"{'1': 1.0, '2': 0.0, '3': 0.0, '4': 0.0}",0.8,R06Ew1kYa
4,公众反馈/举报,"{'1': 0.0, '2': 0.0, '3': 0.0, '4': 1.0}",-0.2,R069h8Hes
1,政务发布,"{'1': 1.0, '2': 0.0, '3': 0.0, '4': 0.0}",0.0,R08Ggvgh6
4,公众反馈/举报,"{'1': 0.0, '2': 0.0, '3': 0.0, '4': 1.0}",0.5,R05Cs5uwo
1,政务发布,"{'1': 1.0, '2': 0.0, '3': 0.0, '4': 0.0}",0.9,R06OzyOTY
1,政务发布,"{'1': 1.0, '2': 0.0, '3': 0.0, '4': 0.0}",0.0,R05Bj2FMp
99,其他,"{'1': 0.0, '2': 0.0, '3': 0.0, '4': 0.0}",0.0,R07OfxGIU
3,民生服务,"{'1': 0.0, '2': 0.0, '3': 1.0, '4': 0.0}",0.8,R08Px26NC
4,公众反馈/举报,"{'1': 0.0, '2': 0.0, '3': 0.0, '4': 1.0}",0.6,R097Q5Cma
1,政务发布,"{'1': 1.0, '2': 0.0, '3': 0.0, '4': 0.0}",0.0,R08PcCvF1
2,城市问题,"{'1': 0.0, '2': 0.8, '3': 0.2, '4': 0.0}",-0.5,R06kqvaYY
4,公众反馈/举报,"{'1': 0.0, '2': 0.0, '3': 0.0, '4': 1.0}",-0.3,R07P7f4tc
3,民生服务,"{'1': 0.0, '2': 0.0, '3': 1.0, '4': 0.0}",0.0,QFnHKu6eP
4,公众反馈/举报,"{'1': 0.2, '2': 0.0, '3': 0.3, '4': 0.5}",0.9,R08z3ceHf
1,政务发布,"{'1': 1.0, '2': 0.0, '3': 0.0, '4': 0.0}",0.9,R07Ze2NQG
4,公众反馈/举报,"{'1': 0.0, '2': 0.0, '3': 0.0, '4': 1.0}",-0.8,QFnDMugc9
3,民生服务,"{'1': 0.0, '2': 0.0, '3': 1.0, '4': 0.0}",0.0,QFnBX1dSC
4,公众反馈/举报,"{'1': 0.0, '2': 0.0, '3': 0.0, '4': 1.0}",-0.8,QFk2z8cvO
3,民生服务,"{'1': 0.0, '2': 0.0, '3': 1.0, '4': 0.0}",0.9,QFkyb5WNU
1,政务发布,"{'1': 1.0, '2': 0.0, '3': 0.0, '4': 0.0}",0.5,QFnsu1xeh
4,公众反馈/举报,"{'1': 0.0, '2': 0.2, '3': 0.4, '4': 0.4}",0.3,QFieZylmd
1,政务发布,"{'1': 1.0, '2': 0.0, '3': 0.0, '4': 0.0}",0.5,QFhHMlP9K
1,政务发布,"{'1': 1.0, '2': 0.0, '3': 0.0, '4': 0.0}",0.9,QFkzDchff
4,公众反馈/举报,"{'1': 0.0, '2': 0.0, '3': 0.0, '4': 1.0}",-1.0,QFjs6vEyW
4,公众反馈/举报,"{'1': 0.0, '2': 0.0, '3': 0.0, '4': 1.0}",0.0,QFk6owBdv
1,政务发布,"{'1': 1.0, '2': 0.0, '3': 0.0, '4': 0.0}",0.8,QFmF3bWcw
1,政务发布,"{'1': 1.0, '2': 0.0, '3': 0.0, '4': 0.0}",0.9,QFiqooxfl
1,政务发布,"{'1': 1.0, '2': 0.0, '3': 0.0, '4': 0.0}",0.8,QFljTyNZo
3,民生服务,"{'1': 0.0, '2': 0.0, '3': 1.0, '4': 0.0}",0.8,QFiT1qSg6
1,政务发布,"{'1': 1.0, '2': 0.0, '3': 0.0, '4': 0.0}",0.9,QFj1XocAl
4,公众反馈/举报,"{'1': 0.0, '2': 0.0, '3': 0.0, '4': 1.0}",-1.0,QFg5l2elM
1,政务发布,"{'1': 1.0, '2': 0.0, '3': 0.0, '4': 0.0}",-0.6,QFkxmiAvn
1,政务发布,"{'1': 1.0, '2': 0.0, '3': 0.0, '4': 0.0}",0.9,QFjd3DtUp
1,政务发布,"{'1': 1.0, '2': 0.0, '3': 0.0, '4': 0.0}",0.2,QFhriuQGP
4,公众反馈/举报,"{'1': 0.0, '2': 0.0, '3': 0.3, '4': 0.7}",0.8,QFifgoZAc
4,公众反馈/举报,"{'1': 0.0, '2': 0.0, '3': 0.0, '4': 1.0}",-0.8,QFnfYCZP4
1,政务发布,"{'1': 1.0, '2': 0.0, '3': 0.0, '4': 0.0}",0.8,QFhI0f9CU
3,民生服务,"{'1': 0.0, '2': 0.0, '3': 1.0, '4': 0.0}",1.0,QFiv63K8E
4,公众反馈/举报,"{'1': 0.0, '2': 0.0, '3': 0.0, '4': 1.0}",-1.0,R1BFzAqyx
4,公众反馈/举报,"{'1': 0.0, '2': 0.0, '3': 0.0, '4': 1.0}",0.0,QFkzJmjED
4,公众反馈/举报,"{'1': 0.0, '2': 0.0, '3': 0.0, '4': 1.0}",0.0,R1E3z4XKO
4,公众反馈/举报,"{'1': 0.0, '2': 0.0, '3': 0.0, '4': 1.0}",0.8,R1GhDzEMu
1,政务发布,"{'1': 1.0, '2': 0.0, '3': 0.0, '4': 0.0}",0.0,R1GeolWM1
4,公众反馈/举报,"{'1': 0.0, '2': 0.0, '3': 0.0, '4': 1.0}",-0.3,R1F3ehbH3
4,公众反馈/举报,"{'1': 0.0, '2': 0.0, '3': 0.0, '4': 1.0}",0.0,R07vdtM2Z
1,政务发布,"{'1': 1.0, '2': 0.0, '3': 0.0, '4': 0.0}",0.5,R05POcqpE
4,公众反馈/举报,"{'1': 0.0, '2': 0.0, '3': 0.0, '4': 1.0}",-0.9,R07s65XYm
3,民生服务,"{'1': 0.0, '2': 0.0, '3': 1.0, '4': 0.0}",0.8,R06FrEwvu
4,公众反馈/举报,"{'1': 0.0, '2': 0.0, '3': 0.0, '4': 1.0}",-0.8,R05TDD0ZX
4,公众反馈/举报,"{'1': 0.0, '2': 0.3, '3': 0.0, '4': 0.7}",-0.6,R068agy4S
3,民生服务,"{'1': 0.0, '2': 0.0, '3': 1.0, '4': 0.0}",0.8,R07GtzIGS
4,公众反馈/举报,"{'1': 0.2, '2': 0.0, '3': 0.0, '4': 0.8}",-0.4,R07OkqhQc
2,城市问题,"{'1': 0.0, '2': 1.0, '3': 0.0, '4': 0.0}",0.8,R08ZgCOgM
4,公众反馈/举报,"{'1': 0.0, '2': 0.0, '3': 0.0, '4': 1.0}",-0.3,R07TKeRZc
4,公众反馈/举报,"{'1': 0.0, '2': 0.0, '3': 0.0, '4': 1.0}",-0.8,R08GRdbql
1,政务发布,"{'1': 1.0, '2': 0.0, '3': 0.0, '4': 0.0}",0.8,R097xAaEz
4,公众反馈/举报,"{'1': 0.0, '2': 0.0, '3': 0.0, '4': 1.0}",-1.0,R0eE48obP
4,公众反馈/举报,"{'1': 0.0, '2': 0.0, '3': 0.0, '4': 1.0}",0.0,R0h5RdIyw
2,城市问题,"{'1': 0.0, '2': 1.0, '3': 0.0, '4': 0.0}",0.0,R0dAZwCTI
1,政务发布,"{'1': 1.0, '2': 0.0, '3': 0.0, '4': 0.0}",1.0,R0eQ4dvMq
4,公众反馈/举报,"{'1': 0.0, '2': 0.0, '3': 0.0, '4': 1.0}",-0.8,R0g1hhNg9
3,民生服务,"{'1': 0.0, '2': 0.0, '3': 1.0, '4': 0.0}",1.0,R0ghja0PF
4,公众反馈/举报,"{'1': 0.0, '2': 0.0, '3': 0.0, '4': 1.0}",-0.8,R0fW3kGkc
4,公众反馈/举报,"{'1': 0.0, '2': 0.2, '3': 0.1, '4': 0.7}",0.0,R0dAZwCTI
1,政务发布,"{'1': 1.0, '2': 0.0, '3': 0.0, '4': 0.0}",1.0,R0eQ4dvMq
4,公众反馈/举报,"{'1': 0.0, '2': 0.0, '3': 0.0, '4': 1.0}",0.2,R0h5RdIyw
4,公众反馈/举报,"{'1': 0.0, '2': 0.0, '3': 0.0, '4': 1.0}",-1.0,R0eE48obP
4,公众反馈/举报,"{'1': 0.0, '2': 0.0, '3': 0.0, '4': 1.0}",-0.8,R0g1hhNg9
3,民生服务,"{'1': 0.0, '2': 0.0, '3': 1.0, '4': 0.0}",0.8,R0ghja0PF
1,政务发布,"{'1': 1.0, '2': 0.0, '3': 0.0, '4': 0.0}",-0.3,QFW76pWca
1,政务发布,"{'1': 1.0, '2': 0.0, '3': 0.0, '4': 0.0}",0.8,QFWC0FM8Z
4,公众反馈/举报,"{'1': 0.0, '2': 0.0, '3': 0.0, '4': 1.0}",-0.8,R0fW3kGkc
1,政务发布,"{'1': 1.0, '2': 0.0, '3': 0.0, '4': 0.0}",0.8,QFWN2cAEX
1,政务发布,"{'1': 1.0, '2': 0.0, '3': 0.0, '4': 0.0}",1.0,QFW1SsOoA
1,政务发布,"{'1': 0.9, '2': 0.0, '3': 0.1, '4': 0.0}",0.8,QFW8bxNuu
3,民生服务,"{'1': 0.1, '2': 0.0, '3': 0.8, '4': 0.1}",0.6,QFUksyZ96
4,公众反馈/举报,"{'1': 0.0, '2': 0.0, '3': 0.0, '4': 1.0}",-1.0,QFXqHb3oy
4,公众反馈/举报,"{'1': 0.0, '2': 0.8, '3': 0.2, '4': 1.0}",-0.9,R01h25wLn
1,政务发布,"{'1': 0.8, '2': 0.0, '3': 0.2, '4': 0.0}",0.9,QFUp72yF2
1,政务发布,"{'1': 1.0, '2': 0.0, '3': 0.0, '4': 0.0}",-0.7,QFW76pWca
1,政务发布,"{'1': 1.0, '2': 0.0, '3': 0.0, '4': 0.0}",0.5,QFWC0FM8Z
1,政务发布,"{'1': 1.0, '2': 0.0, '3': 0.0, '4': 0.0}",0.8,QFWN2cAEX
1,政务发布,"{'1': 1.0, '2': 0.0, '3': 0.0, '4': 0.0}",1.0,QFW1SsOoA
1,政务发布,"{'1': 1.0, '2': 0.0, '3': 0.0, '4': 0.0}",1.0,QFW8bxNuu
3,民生服务,"{'1': 0.0, '2': 0.0, '3': 1.0, '4': 0.0}",0.8,QFUksyZ96
4,公众反馈/举报,"{'1': 0.0, '2': 0.0, '3': 0.0, '4': 1.0}",-1.0,QFXqHb3oy
1,政务发布,"{'1': 1.0, '2': 0.0, '3': 0.0, '4': 0.0}",0.8,QFUp72yF2
2,城市问题,"{'1': 0.0, '2': 1.0, '3': 0.0, '4': 0.0}",0.0,R1zab19Oz
4,公众反馈/举报,"{'1': 0.0, '2': 0.0, '3': 0.0, '4': 1.0}",-0.9,R01h25wLn
1,政务发布,"{'1': 1.0, '2': 0.0, '3': 0.0, '4': 0.0}",0.5,R1ErU0MxG
1,政务发布,"{'1': 1.0, '2': 0.0, '3': 0.0, '4': 0.0}",0.8,R1GXIrsKt
3,民生服务,"{'1': 0.2, '2': 0.1, '3': 0.5, '4': 0.2}",0.0,R0Pkn3NHH
1,政务发布,"{'1': 1.0, '2': 0.0, '3': 0.0, '4': 0.0}",0.7,R0Vj00bR3
4,公众反馈/举报,"{'1': 0.0, '2': 0.0, '3': 0.0, '4': 1.0}",0.0,R0NRHnUoA
4,公众反馈/举报,"{'1': 0.0, '2': 0.0, '3': 0.0, '4': 1.0}",-1.0,R0RGG5OAK
1,政务发布,"{'1': 1.0, '2': 0.0, '3': 0.0, '4': 0.0}",0.8,R0TR8tP9T
3,民生服务,"{'1': 0.0, '2': 0.0, '3': 1.0, '4': 0.0}",0.0,R0ST2sixl
4,公众反馈/举报,"{'1': 0.0, '2': 0.0, '3': 0.0, '4': 1.0}",0.0,R0VSYeMgN
3,民生服务,"{'1': 0.0, '2': 0.0, '3': 1.0, '4': 0.0}",0.3,R0WtiFbDi
3,民生服务,"{'1': 0.0, '2': 0.0, '3': 1.0, '4': 0.0}",0.0,R0UWDjPnJ
4,公众反馈/举报,"{'1': 0.0, '2': 0.0, '3': 0.0, '4': 1.0}",0.0,R0TQlxlzI
1,政务发布,"{'1': 1.0, '2': 0.0, '3': 0.0, '4': 0.0}",0.3,R0Uyp8ySO
1,政务发布,"{'1': 1.0, '2': 0.0, '3': 0.0, '4': 0.0}",1.0,R0Wu4bqdn
4,公众反馈/举报,"{'1': 0.0, '2': 0.1, '3': 0.1, '4': 0.8}",-0.9,R0WtExe1k
1,政务发布,"{'1': 1.0, '2': 0.0, '3': 0.0, '4': 0.0}",0.9,R0URZj5u1
4,公众反馈/举报,"{'1': 0.0, '2': 0.0, '3': 0.0, '4': 1.0}",0.0,R06i7vd19
3,民生服务,"{'1': 0.0, '2': 0.0, '3': 1.0, '4': 0.0}",0.8,R07o4gGfS
4,公众反馈/举报,"{'1': 0.0, '2': 0.2, '3': 0.0, '4': 0.8}",-0.9,R0QZedrai
4,公众反馈/举报,"{'1': 0.0, '2': 0.0, '3': 0.0, '4': 1.0}",-0.8,R05eT30lg
4,公众反馈/举报,"{'1': 0.0, '2': 0.0, '3': 0.0, '4': 1.0}",-1.0,R07UzEIpd
3,民生服务,"{'1': 0.2, '2': 0.0, '3': 0.6, '4': 0.2}",0.9,R06Fh2xtG
1,政务发布,"{'1': 0.9, '2': 0.0, '3': 0.1, '4': 0.0}",0.8,R06rzfFkX
1,政务发布,"{'1': 1.0, '2': 0.0, '3': 0.0, '4': 0.0}",1.0,R07wx4p33
1,政务发布,"{'1': 1.0, '2': 0.0, '3': 0.0, '4': 0.0}",0.8,R08S074U9
1,政务发布,"{'1': 1.0, '2': 0.0, '3': 0.0, '4': 0.0}",0.8,R05z2cgTn
3,民生服务,"{'1': 0.0, '2': 0.0, '3': 1.0, '4': 0.0}",0.5,QEStBAoQG
3,民生服务,"{'1': 0.0, '2': 0.0, '3': 1.0, '4': 0.0}",0.0,R08xgkh3f
1,政务发布,"{'1': 0.5, '2': 0.0, '3': 0.0, '4': 0.5}",0.8,R08AJivzW
4,公众反馈/举报,"{'1': 0.0, '2': 0.0, '3': 0.0, '4': 1.0}",0.3,QEVabonl9
1,政务发布,"{'1': 1.0, '2': 0.0, '3': 0.0, '4': 0.0}",0.8,QERjOmidW
4,公众反馈/举报,"{'1': 0.0, '2': 0.1, '3': 0.0, '4': 0.9}",-0.9,R29Dr347Q
1,政务发布,"{'1': 0.0, '2': 0.0, '3': 0.0, '4': 0.0}",0.0,R23Soyryr
3,民生服务,"{'1': 0.0, '2': 0.0, '3': 1.0, '4': 0.0}",0.9,R2jiZD43u
4,公众反馈/举报,"{'1': 0.0, '2': 0.0, '3': 0.0, '4': 1.0}",-0.5,R2iW0d8Ic
1,政务发布,"{'1': 1.0, '2': 0.0, '3': 0.0, '4': 0.0}",0.0,R2hJwbKpp
3,民生服务,"{'1': 0.2, '2': 0.0, '3': 0.8, '4': 0.0}",0.8,R2iUOkHDs
4,公众反馈/举报,"{'1': 0.0, '2': 0.0, '3': 0.0, '4': 1.0}",-0.8,R2ixo0g9W
1,政务发布,"{'1': 1.0, '2': 0.0, '3': 0.0, '4': 0.0}",0.7,R2hMNp7Vm
1,政务发布,"{'1': 1.0, '2': 0.0, '3': 0.0, '4': 0.0}",0.8,R2heftj9j
1,政务发布,"{'1': 1.0, '2': 0.0, '3': 0.0, '4': 0.0}",0.5,R2hhWfo4P
1,政务发布,"{'1': 1.0, '2': 0.0, '3': 0.0, '4': 0.0}",0.5,R2dRxjdru
1,政务发布,"{'1': 1.0, '2': 0.0, '3': 0.0, '4': 0.0}",0.8,R2fVgeX6n
4,公众反馈/举报,"{'1': 0.0, '2': 0.0, '3': 0.0, '4': 1.0}",-0.8,R2d32g6uv
1,政务发布,"{'1': 0.9, '2': 0.0, '3': 0.1, '4': 0.0}",0.8,R2gI4ixJD
1,政务发布,"{'1': 0.9, '2': 0.0, '3': 0.1, '4': 0.0}",0.8,R2dP6kwH0
1,政务发布,"{'1': 1.0, '2': 0.0, '3': 0.0, '4': 0.0}",0.0,R0Vj2uFMt
4,公众反馈/举报,"{'1': 0.0, '2': 0.0, '3': 0.0, '4': 1.0}",0.0,R0UWVpIie
1,政务发布,"{'1': 1.0, '2': 0.0, '3': 0.0, '4': 0.0}",0.8,R0U0XdR68
1,政务发布,"{'1': 1.0, '2': 0.0, '3': 0.0, '4': 0.0}",0.8,R0SNYBgkg
3,民生服务,"{'1': 0.1, '2': 0.0, '3': 0.9, '4': 0.0}",0.9,R0S060mfU
2,城市问题,"{'1': 0.0, '2': 0.0, '3': 0.0, '4': 1.0}",0.8,R0TEngTKg
4,公众反馈/举报,"{'1': 0.0, '2': 0.0, '3': 0.0, '4': 1.0}",0.8,R0Tuvk9bL
3,民生服务,"{'1': 0.0, '2': 0.0, '3': 1.0, '4': 0.0}",0.0,R0VIr2DUB
4,公众反馈/举报,"{'1': 0.0, '2': 0.0, '3': 0.0, '4': 1.0}",-0.9,R1Nm2r0pc
4,公众反馈/举报,"{'1': 0.0, '2': 0.0, '3': 0.0, '4': 1.0}",0.5,R0VkQczjk
1,政务发布,"{'1': 1.0, '2': 0.0, '3': 0.0, '4': 0.0}",1.0,R1NUrb3C8
4,公众反馈/举报,"{'1': 0.0, '2': 0.0, '3': 0.0, '4': 1.0}",0.0,R1PJ1DOEN
1,政务发布,"{'1': 1.0, '2': 0.0, '3': 0.0, '4': 0.0}",1.0,R1PdvBOe4
1,政务发布,"{'1': 1.0, '2': 0.0, '3': 0.0, '4': 0.0}",1.0,QFU38nR1t
1,政务发布,"{'1': 1.0, '2': 0.0, '3': 0.0, '4': 0.0}",0.8,QFUu1Fq4F
1,政务发布,"{'1': 1.0, '2': 0.0, '3': 0.0, '4': 0.0}",0.3,QFW6ZeXi8
1,政务发布,"{'1': 1.0, '2': 0.0, '3': 0.0, '4': 0.0}",0.8,R01dngVy4
1,政务发布,"{'1': 0.8, '2': 0.1, '3': 0.1, '4': 0.0}",0.8,R00qrael5
4,公众反馈/举报,"{'1': 0.0, '2': 0.0, '3': 0.0, '4': 1.0}",-0.5,R00VYzbbF
3,民生服务,"{'1': 0.0, '2': 0.0, '3': 1.0, '4': 0.0}",0.0,QFXhJaJw4
1,政务发布,"{'1': 1.0, '2': 0.0, '3': 0.0, '4': 0.0}",0.9,QFU38nR1t
1,政务发布,"{'1': 1.0, '2': 0.0, '3': 0.0, '4': 0.0}",0.8,QFUu1Fq4F
1,政务发布,"{'1': 1.0, '2': 0.0, '3': 0.0, '4': 0.0}",0.9,QFWsNz5T3
4,公众反馈/举报,"{'1': 0.0, '2': 0.0, '3': 0.0, '4': 1.0}",-1.0,R00cqzf6h
1,政务发布,"{'1': 1.0, '2': 0.0, '3': 0.0, '4': 0.0}",0.0,R01dngVy4
3,民生服务,"{'1': 0.1, '2': 0.3, '3': 0.6, '4': 0.0}",0.8,R00qrael5
1,政务发布,"{'1': 1.0, '2': 0.0, '3': 0.0, '4': 0.0}",0.5,QFW6ZeXi8
4,公众反馈/举报,"{'1': 0.0, '2': 0.0, '3': 0.0, '4': 1.0}",-1.0,R00cqzf6h
4,公众反馈/举报,"{'1': 0.0, '2': 0.0, '3': 0.0, '4': 1.0}",-0.2,R00VYzbbF
3,民生服务,"{'1': 0.1, '2': 0.0, '3': 0.9, '4': 0.0}",0.8,QFWsNz5T3
1,政务发布,"{'1': 1.0, '2': 0.0, '3': 0.0, '4': 0.0}",0.8,R07EOAZ65
4,公众反馈/举报,"{'1': 0.0, '2': 0.0, '3': 0.0, '4': 1.0}",0.0,R27NYcVbD
1,政务发布,"{'1': 1.0, '2': 0.0, '3': 0.0, '4': 0.0}",0.8,R05WUlB3u
1,政务发布,"{'1': 1.0, '2': 0.0, '3': 0.0, '4': 0.0}",0.5,R07pP7Rsr
4,公众反馈/举报,"{'1': 0.0, '2': 0.0, '3': 0.0, '4': 1.0}",0.0,QFXhJaJw4
4,公众反馈/举报,"{'1': 0.0, '2': 0.2, '3': 0.3, '4': 0.5}",-0.9,R06tReHJi
1,政务发布,"{'1': 1.0, '2': 0.0, '3': 0.0, '4': 0.0}",0.0,R05EKrDAY
4,公众反馈/举报,"{'1': 0.0, '2': 0.8, '3': 0.0, '4': 1.0}",-0.9,R08Fvj3Pd
4,公众反馈/举报,"{'1': 0.1, '2': 0.0, '3': 0.0, '4': 0.9}",0.0,R05ixvmm4
1,政务发布,"{'1': 1.0, '2': 0.0, '3': 0.0, '4': 0.0}",0.0,R07REvucs
3,民生服务,"{'1': 0.0, '2': 0.0, '3': 1.0, '4': 0.0}",0.5,R07FRkYOR
3,民生服务,"{'1': 0.0, '2': 0.0, '3': 1.0, '4': 0.0}",0.0,R072Uqoek
4,公众反馈/举报,"{'1': 0.0, '2': 0.0, '3': 0.0, '4': 1.0}",-0.8,R08DvyIpq
3,民生服务,"{'1': 0.0, '2': 0.0, '3': 1.0, '4': 0.0}",0.9,R2j923vVM
1,政务发布,"{'1': 1.0, '2': 0.0, '3': 0.0, '4': 0.0}",0.8,R08BLoF31
1,政务发布,"{'1': 1.0, '2': 0.0, '3': 0.0, '4': 0.0}",0.9,R2gEL157s
3,民生服务,"{'1': 0.2, '2': 0.0, '3': 0.8, '4': 0.0}",0.8,R2fEKgC4l
1,政务发布,"{'1': 0.9, '2': 0.0, '3': 0.1, '4': 0.0}",0.8,R2fCQ1Au2
1,政务发布,"{'1': 1.0, '2': 0.0, '3': 0.0, '4': 0.0}",0.8,R2edLn2EA
4,公众反馈/举报,"{'1': 0.0, '2': 0.0, '3': 0.0, '4': 1.0}",0.8,R2fuso3rP
4,公众反馈/举报,"{'1': 0.0, '2': 0.2, '3': 0.3, '4': 0.5}",0.0,R2eFr6jif
1,政务发布,"{'1': 1.0, '2': 0.0, '3': 0.0, '4': 0.0}",0.8,R2gfNpQII
1,政务发布,"{'1': 1.0, '2': 0.0, '3': 0.0, '4': 0.0}",0.8,R2gnOqTIg
1,政务发布,"{'1': 1.0, '2': 0.0, '3': 0.0, '4': 0.0}",0.8,R2g7f2DkL
4,公众反馈/举报,"{'1': 0.0, '2': 0.0, '3': 0.0, '4': 1.0}",-0.5,R2dB7jUdP
4,公众反馈/举报,"{'1': 0.0, '2': 0.0, '3': 0.0, '4': 1.0}",-0.3,R0TXOlbuu
4,公众反馈/举报,"{'1': 0.0, '2': 0.1, '3': 0.1, '4': 0.8}",-0.9,R0R0A9L9H
4,公众反馈/举报,"{'1': 0.0, '2': 0.0, '3': 0.0, '4': 1.0}",0.5,R0Tuw6M09
4,公众反馈/举报,"{'1': 0.0, '2': 0.0, '3': 0.0, '4': 1.0}",-1.0,R0TjWax4K
4,公众反馈/举报,"{'1': 0.0, '2': 0.0, '3': 0.0, '4': 1.0}",0.5,R0UUHhehF
3,民生服务,"{'1': 0.0, '2': 0.0, '3': 1.0, '4': 0.0}",0.5,R0T4QgEAw
0,其他,"{'1': 0.0, '2': 0.0, '3': 0.0, '4': 0.0}",0.5,R0UGfpGJG
4,公众反馈/举报,"{'1': 0.0, '2': 0.0, '3': 0.0, '4': 1.0}",-0.9,QFX01hKvO
1,政务发布,"{'1': 1.0, '2': 0.0, '3': 0.0, '4': 0.0}",0.5,QFW53ylUY
1,政务发布,"{'1': 1.0, '2': 0.0, '3': 0.0, '4': 0.0}",0.9,QFV3botAb
1,政务发布,"{'1': 1.0, '2': 0.0, '3': 0.0, '4': 0.0}",0.9,QFUEgBKZH
1,政务发布,"{'1': 1.0, '2': 0.0, '3': 0.0, '4': 0.0}",0.8,QFVYeu9E4
4,公众反馈/举报,"{'1': 0.0, '2': 0.0, '3': 0.0, '4': 1.0}",-0.9,R00FR5h0E
3,民生服务,"{'1': 0.0, '2': 0.0, '3': 1.0, '4': 0.0}",0.0,QFWW93KAS
4,公众反馈/举报,"{'1': 0.0, '2': 0.0, '3': 0.0, '4': 1.0}",-1.0,QFX01hKvO
1,政务发布,"{'1': 1.0, '2': 0.0, '3': 0.0, '4': 0.0}",0.0,QFW53ylUY
1,政务发布,"{'1': 1.0, '2': 0.0, '3': 0.0, '4': 0.0}",0.8,QFV3botAb
4,公众反馈/举报,"{'1': 0.0, '2': 0.2, '3': 0.3, '4': 0.9}",-0.9,R00FR5h0E
1,政务发布,"{'1': 1.0, '2': 0.0, '3': 0.0, '4': 0.0}",1.0,QFVYeu9E4
4,公众反馈/举报,"{'1': 0.0, '2': 0.0, '3': 0.0, '4': 1.0}",-0.3,QFWW93KAS
1,政务发布,"{'1': 1.0, '2': 0.0, '3': 0.0, '4': 0.0}",0.9,QFUEgBKZH
1,政务发布,"{'1': 1.0, '2': 0.0, '3': 0.0, '4': 0.0}",0.3,QFkG1lXmN
1,政务发布,"{'1': 1.0, '2': 0.0, '3': 0.0, '4': 0.0}",0.5,QFkMXnWmd
1,政务发布,"{'1': 1.0, '2': 0.0, '3': 0.0, '4': 0.0}",0.8,QFiWyztCn
1,政务发布,"{'1': 1.0, '2': 0.0, '3': 0.0, '4': 0.0}",0.5,QFiFbvnOa
1,政务发布,"{'1': 1.0, '2': 0.0, '3': 0.0, '4': 0.0}",0.8,QFli46SNm
3,民生服务,"{'1': 0.0, '2': 0.0, '3': 1.0, '4': 0.0}",0.7,QFinGc7ce
3,民生服务,"{'1': 0.0, '2': 0.0, '3': 1.0, '4': 0.0}",0.0,QFm6I1Wnd
1,政务发布,"{'1': 1.0, '2': 0.0, '3': 0.0, '4': 0.0}",0.7,QFj0juNS7
4,公众反馈/举报,"{'1': 0.1, '2': 0.2, '3': 0.1, '4': 0.6}",-0.2,QFC1jayPK
2,城市问题,"{'1': 0.0, '2': 0.0, '3': 0.0, '4': 1.0}",0.0,R1kRfcbKJ
4,公众反馈/举报,"{'1': 0.0, '2': 0.0, '3': 0.0, '4': 1.0}",-0.4,R1xFpgYCZ
4,公众反馈/举报,"{'1': 0.0, '2': 0.0, '3': 0.0, '4': 1.0}",0.0,R1vrOrMKW
4,公众反馈/举报,"{'1': 0.0, '2': 1.0, '3': 0.0, '4': 1.0}",-1.0,R1wqZ7tbO
4,公众反馈/举报,"{'1': 0.0, '2': 0.0, '3': 0.0, '4': 1.0}",0.0,R1uav9OE9
2,城市问题,"{'1': 0.0, '2': 0.3, '3': 0.0, '4': 0.7}",0.0,R24hlBlop
1,政务发布,"{'1': 1.0, '2': 0.0, '3': 0.0, '4': 0.0}",0.9,R24Exg50c
1,政务发布,"{'1': 1.0, '2': 0.0, '3': 0.0, '4': 0.0}",1.0,R26O5vxbX
3,民生服务,"{'1': 0.0, '2': 0.0, '3': 1.0, '4': 0.0}",0.8,R0V457PVH
4,公众反馈/举报,"{'1': 0.0, '2': 0.1, '3': 0.0, '4': 0.9}",-0.9,R0UgjimCE
3,民生服务,"{'1': 0.0, '2': 0.0, '3': 1.0, '4': 0.0}",0.9,R0Wtxxghq
1,政务发布,"{'1': 1.0, '2': 0.0, '3': 0.0, '4': 0.0}",0.5,R0Sy0oCOW
4,公众反馈/举报,"{'1': 0.0, '2': 0.0, '3': 0.0, '4': 1.0}",-0.9,R0QZEnwTh
4,公众反馈/举报,"{'1': 0.0, '2': 0.0, '3': 0.0, '4': 1.0}",-0.8,R0UgXbT0r
1,政务发布,"{'1': 1.0, '2': 0.0, '3': 0.0, '4': 0.0}",0.8,R0RY8bgut
4,公众反馈/举报,"{'1': 0.0, '2': 0.3, '3': 0.2, '4': 0.5}",-0.8,R0TpA3rwI
4,公众反馈/举报,"{'1': 0.0, '2': 0.0, '3': 0.0, '4': 1.0}",0.0,R0WalrF3Q
4,公众反馈/举报,"{'1': 0.0, '2': 0.0, '3': 0.0, '4': 1.0}",0.5,R0VjpxxVb
4,公众反馈/举报,"{'1': 0.0, '2': 0.0, '3': 0.0, '4': 1.0}",-0.2,R0RoyqUoq
4,公众反馈/举报,"{'1': 0.3, '2': 0.2, '3': 0.1, '4': 0.4}",0.3,QFN3efXTC
3,民生服务,"{'1': 0.0, '2': 0.0, '3': 1.0, '4': 0.0}",0.8,R0hz1CdEt
1,政务发布,"{'1': 1.0, '2': 0.0, '3': 0.0, '4': 0.0}",0.0,R0hdsztf4
4,公众反馈/举报,"{'1': 0.0, '2': 0.0, '3': 0.0, '4': 1.0}",0.3,QFMjPcm9F
1,政务发布,"{'1': 0.9, '2': 0.0, '3': 0.1, '4': 0.0}",0.8,R0gW4ilIt
1,政务发布,"{'1': 1.0, '2': 0.0, '3': 0.0, '4': 0.0}",1.0,R0hRuzHYH
1,政务发布,"{'1': 1.0, '2': 0.0, '3': 0.0, '4': 0.0}",0.8,R0hABrS1b
1,政务发布,"{'1': 1.0, '2': 0.0, '3': 0.0, '4': 0.0}",0.8,R0hmjkqiw
1,政务发布,"{'1': 1.0, '2': 0.0, '3': 0.0, '4': 0.0}",0.9,R0guYtg2g
1,政务发布,"{'1': 1.0, '2': 0.0, '3': 0.0, '4': 0.0}",0.9,R0gpeCpPe
1,政务发布,"{'1': 1.0, '2': 0.0, '3': 0.0, '4': 0.0}",0.0,R0hdsztf4
1,政务发布,"{'1': 1.0, '2': 0.0, '3': 0.0, '4': 0.0}",0.8,R0hz1CdEt
1,政务发布,"{'1': 1.0, '2': 0.0, '3': 0.0, '4': 0.0}",0.8,R0hRuzHYH
1,政务发布,"{'1': 1.0, '2': 0.0, '3': 0.0, '4': 0.0}",0.8,R0hABrS1b
1,政务发布,"{'1': 0.9, '2': 0.05, '3': 0.05, '4': 0.0}",0.7,R0gW4ilIt
1,政务发布,"{'1': 1.0, '2': 0.0, '3': 0.0, '4': 0.0}",0.5,R0guYtg2g
4,公众反馈/举报,"{'1': 0.2, '2': 0.2, '3': 0.2, '4': 0.6}",0.8,R0hmjkqiw
4,公众反馈/举报,"{'1': 0.0, '2': 0.2, '3': 0.0, '4': 0.8}",-0.9,R2iwNlDQq
1,政务发布,"{'1': 1.0, '2': 0.0, '3': 0.0, '4': 0.0}",1.0,R0gpeCpPe
4,公众反馈/举报,"{'1': 0.0, '2': 0.0, '3': 0.0, '4': 1.0}",0.8,R2iRryHcr
1,政务发布,"{'1': 1.0, '2': 0.0, '3': 0.0, '4': 0.0}",0.5,R2icPwAVt
4,公众反馈/举报,"{'1': 0.0, '2': 0.0, '3': 0.2, '4': 0.8}",-0.9,R2eKKbrba
4,公众反馈/举报,"{'1': 0.1, '2': 0.1, '3': 0.3, '4': 0.5}",0.0,R2hYV0lw5
1,政务发布,"{'1': 1.0, '2': 0.0, '3': 0.0, '4': 0.0}",0.0,R2jkrCOi5
4,公众反馈/举报,"{'1': 0.0, '2': 0.0, '3': 0.0, '4': 1.0}",0.8,R2gfC8Wn0
1,政务发布,"{'1': 1.0, '2': 0.0, '3': 0.0, '4': 0.0}",0.8,R2fDbzAQ4
4,公众反馈/举报,"{'1': 0.0, '2': 0.2, '3': 0.1, '4': 0.7}",-0.8,R24CksiLk
1,政务发布,"{'1': 1.0, '2': 0.0, '3': 0.0, '4': 0.0}",1.0,R2dMjqvl2
1,政务发布,"{'1': 1.0, '2': 0.0, '3': 0.0, '4': 0.0}",0.9,R28qclleR
1,政务发布,"{'1': 1.0, '2': 0.0, '3': 0.0, '4': 0.0}",0.9,R28rkm80K
1,政务发布,"{'1': 1.0, '2': 0.0, '3': 0.0, '4': 0.0}",0.7,R22Ds9cHO
4,公众反馈/举报,"{'1': 0.0, '2': 0.0, '3': 0.0, '4': 1.0}",0.0,R24ituq0U
1,政务发布,"{'1': 1.0, '2': 0.0, '3': 0.0, '4': 0.0}",0.7,R2f4anANR
1,政务发布,"{'1': 1.0, '2': 0.0, '3': 0.0, '4': 0.0}",0.8,R2gO7uvGh
1,政务发布,"{'1': 1.0, '2': 0.0, '3': 0.0, '4': 0.0}",1.0,R2gcRabnm
1,政务发布,"{'1': 1.0, '2': 0.0, '3': 0.0, '4': 0.0}",0.8,R2gHLsdQ5
4,公众反馈/举报,"{'1': 0.0, '2': 0.0, '3': 0.0, '4': 1.0}",0.6,R2g8L2PPG
1,政务发布,"{'1': 1.0, '2': 0.0, '3': 0.0, '4': 0.0}",0.8,R2hi6ib7m
1,政务发布,"{'1': 1.0, '2': 0.0, '3': 0.0, '4': 0.0}",0.5,R2euSgvDT
1,政务发布,"{'1': 1.0, '2': 0.0, '3': 0.0, '4': 0.0}",1.0,R2ejvvtMd
1,政务发布,"{'1': 1.0, '2': 0.0, '3': 0.0, '4': 0.0}",0.8,R2edhj5ek
4,公众反馈/举报,"{'1': 0.0, '2': 0.3, '3': 0.0, '4': 0.7}",-0.9,R2ejIwGeo
1,政务发布,"{'1': 1.0, '2': 0.0, '3': 0.0, '4': 0.0}",0.8,R2gAlnnST
1,政务发布,"{'1': 1.0, '2': 0.0, '3': 0.0, '4': 0.0}",0.8,R2e6ksgrN
1,政务发布,"{'1': 1.0, '2': 0.0, '3': 0.0, '4': 0.0}",1.0,R1ExYjf82
3,民生服务,"{'1': 0.2, '2': 0.0, '3': 0.8, '4': 0.0}",0.9,R1FkJ2n7W
4,公众反馈/举报,"{'1': 0.0, '2': 0.0, '3': 0.0, '4': 1.0}",-0.5,R1CpbmwGi
1,政务发布,"{'1': 1.0, '2': 0.0, '3': 0.0, '4': 0.0}",0.8,R1E3Wb953
4,公众反馈/举报,"{'1': 0.0, '2': 0.0, '3': 0.0, '4': 1.0}",0.0,R1yMKigfs
1,政务发布,"{'1': 1.0, '2': 0.0, '3': 0.0, '4': 0.0}",0.0,R1CbtrXoH
3,民生服务,"{'1': 0.0, '2': 0.0, '3': 1.0, '4': 0.0}",0.9,R1EtSwKYc
3,民生服务,"{'1': 0.2, '2': 0.0, '3': 0.8, '4': 0.0}",0.5,R1yNI8yFE
4,公众反馈/举报,"{'1': 0.0, '2': 0.0, '3': 0.0, '4': 1.0}",-1.0,R04ch8eMB
4,公众反馈/举报,"{'1': 0.0, '2': 0.0, '3': 0.0, '4': 1.0}",-1.0,R04jyoqkz
1,政务发布,"{'1': 1.0, '2': 0.0, '3': 0.0, '4': 0.0}",0.7,R07lHgfqA
4,公众反馈/举报,"{'1': 0.0, '2': 0.0, '3': 0.0, '4': 1.0}",0.0,R020x9hpS
1,政务发布,"{'1': 1.0, '2': 0.0, '3': 0.0, '4': 0.0}",0.8,R07mAEmMP
3,民生服务,"{'1': 0.0, '2': 0.0, '3': 1.0, '4': 0.0}",0.0,R07sGa2XV
1,政务发布,"{'1': 1.0, '2': 0.0, '3': 0.0, '4': 0.0}",0.8,R06Afl5Cv
1,政务发布,"{'1': 1.0, '2': 0.0, '3': 0.0, '4': 0.0}",0.8,R08fr20VU
3,民生服务,"{'1': 0.0, '2': 0.0, '3': 1.0, '4': 0.0}",-0.5,R06DUe5wc
4,公众反馈/举报,"{'1': 0.0, '2': 0.0, '3': 0.0, '4': 1.0}",1.0,R07IqB4ik
1,政务发布,"{'1': 1.0, '2': 0.0, '3': 0.0, '4': 0.0}",0.9,R07IowYq1
1,政务发布,"{'1': 1.0, '2': 0.0, '3': 0.0, '4': 0.0}",0.8,R07RgAsv1
3,民生服务,"{'1': 0.0, '2': 0.0, '3': 1.0, '4': 0.0}",0.8,R06FUlxq0
4,公众反馈/举报,"{'1': 0.0, '2': 0.0, '3': 0.0, '4': 1.0}",-0.6,R07qyBZ9I
4,公众反馈/举报,"{'1': 0.0, '2': 0.0, '3': 0.0, '4': 1.0}",0.8,QFVqVwU9m
3,民生服务,"{'1': 0.0, '2': 0.0, '3': 1.0, '4': 0.0}",0.9,QFUgBwVm7
1,政务发布,"{'1': 1.0, '2': 0.0, '3': 0.0, '4': 0.0}",0.8,QFVSgttM5
1,政务发布,"{'1': 1.0, '2': 0.0, '3': 0.0, '4': 0.0}",0.7,QFUYWpcqB
1,政务发布,"{'1': 1.0, '2': 0.0, '3': 0.0, '4': 0.0}",0.8,R01xzywdP
4,公众反馈/举报,"{'1': 0.0, '2': 0.0, '3': 0.0, '4': 1.0}",-1.0,R00GGcqXc
1,政务发布,"{'1': 1.0, '2': 0.0, '3': 0.0, '4': 0.0}",0.9,QFUgBwVm7
3,民生服务,"{'1': 0.0, '2': 0.0, '3': 1.0, '4': 0.0}",0.9,QFVqVwU9m
1,政务发布,"{'1': 1.0, '2': 0.0, '3': 0.0, '4': 0.0}",0.8,QFVSgttM5
1,政务发布,"{'1': 1.0, '2': 0.0, '3': 0.0, '4': 0.0}",0.8,QFUYWpcqB
1,政务发布,"{'1': 1.0, '2': 0.0, '3': 0.0, '4': 0.0}",0.8,R01xzywdP
1,政务发布,"{'1': 1.0, '2': 0.0, '3': 0.0, '4': 0.0}",1.0,R24MFoM5o
4,公众反馈/举报,"{'1': 0.0, '2': 0.0, '3': 0.0, '4': 1.0}",-1.0,R00GGcqXc
4,公众反馈/举报,"{'1': 0.2, '2': 0.1, '3': 0.1, '4': 0.6}",0.3,R243zs0gI
1,政务发布,"{'1': 1.0, '2': 0.0, '3': 0.0, '4': 0.0}",0.9,R24oGrACw
1,政务发布,"{'1': 1.0, '2': 0.0, '3': 0.0, '4': 0.0}",0.8,R23gXt4Xr
3,民生服务,"{'1': 0.0, '2': 0.0, '3': 1.0, '4': 0.0}",0.5,R26yZBERX
4,公众反馈/举报,"{'1': 0.0, '2': 0.0, '3': 0.0, '4': 1.0}",0.0,R1j0a6iWj
1,政务发布,"{'1': 1.0, '2': 0.0, '3': 0.0, '4': 0.0}",0.0,R24OEdH8r
3,民生服务,"{'1': 0.0, '2': 0.0, '3': 1.0, '4': 0.0}",1.0,R0hGfEAh1
4,公众反馈/举报,"{'1': 0.0, '2': 0.2, '3': 0.0, '4': 0.8}",-0.9,R0ey1rexB
3,民生服务,"{'1': 0.2, '2': 0.1, '3': 0.7, '4': 0.0}",0.9,R0ewJfX4G
1,政务发布,"{'1': 1.0, '2': 0.0, '3': 0.0, '4': 0.0}",0.9,R0gW29Tuc
1,政务发布,"{'1': 1.0, '2': 0.0, '3': 0.0, '4': 0.0}",1.0,R0f44wGzf
1,政务发布,"{'1': 1.0, '2': 0.0, '3': 0.0, '4': 0.0}",0.0,R0ft57rxi
3,民生服务,"{'1': 0.0, '2': 0.0, '3': 1.0, '4': 0.0}",0.9,R0hGfEAh1
4,公众反馈/举报,"{'1': 0.0, '2': 0.5, '3': 0.0, '4': 1.0}",-0.9,R0ey1rexB
1,政务发布,"{'1': 1.0, '2': 0.0, '3': 0.0, '4': 0.0}",0.5,R0gW29Tuc
1,政务发布,"{'1': 1.0, '2': 0.0, '3': 0.0, '4': 0.0}",0.8,R0f44wGzf
1,政务发布,"{'1': 1.0, '2': 0.0, '3': 0.0, '4': 0.0}",0.0,R0ft57rxi
3,民生服务,"{'1': 0.0, '2': 0.0, '3': 1.0, '4': 0.0}",0.8,R0ewJfX4G
4,公众反馈/举报,"{'1': 0.0, '2': 0.0, '3': 0.0, '4': 1.0}",0.0,QFm6T5FSA
1,政务发布,"{'1': 0.6, '2': 0.0, '3': 0.2, '4': 0.2}",-0.6,QFlODltRM
3,民生服务,"{'1': 0.0, '2': 0.0, '3': 1.0, '4': 0.0}",1.0,QFnyex4yt
1,政务发布,"{'1': 1.0, '2': 0.0, '3': 0.0, '4': 0.0}",0.8,QFhvsb8zZ
1,政务发布,"{'1': 1.0, '2': 0.0, '3': 0.0, '4': 0.0}",0.8,QFkbnrJIn
4,公众反馈/举报,"{'1': 0.0, '2': 0.0, '3': 0.0, '4': 1.0}",-0.5,QFkQ1p7Le
1,政务发布,"{'1': 1.0, '2': 0.0, '3': 0.0, '4': 0.0}",1.0,QFidJg93h
3,民生服务,"{'1': 0.8, '2': 0.0, '3': 0.9, '4': 0.0}",0.9,QFigUq5PY
1,政务发布,"{'1': 1.0, '2': 0.0, '3': 0.0, '4': 0.0}",-0.3,QFk6pvklW
4,公众反馈/举报,"{'1': 0.0, '2': 0.0, '3': 0.0, '4': 1.0}",-0.9,QFhCphmMN
4,公众反馈/举报,"{'1': 0.0, '2': 0.6, '3': 0.0, '4': 0.4}",-0.9,QFf8SEtRR
1,政务发布,"{'1': 1.0, '2': 0.0, '3': 0.0, '4': 0.0}",0.0,QFnaC5LCW
4,公众反馈/举报,"{'1': 0.0, '2': 0.0, '3': 0.0, '4': 1.0}",-0.9,QFmn0hXrs
4,公众反馈/举报,"{'1': 0.0, '2': 0.1, '3': 0.0, '4': 0.9}",-0.8,QEURW5X08
2,城市问题,"{'1': 0.0, '2': 1.0, '3': 0.0, '4': 0.0}",0.0,QETNnFKEe
1,政务发布,"{'1': 1.0, '2': 0.0, '3': 0.0, '4': 0.0}",0.9,QEVlxwF4a
4,公众反馈/举报,"{'1': 0.0, '2': 0.0, '3': 0.0, '4': 1.0}",0.2,QES0dgmPb
1,政务发布,"{'1': 1.0, '2': 0.0, '3': 0.0, '4': 0.0}",0.9,QEUEqavCo
1,政务发布,"{'1': 0.8, '2': 0.0, '3': 0.2, '4': 0.0}",0.9,QESwT6IAI
1,政务发布,"{'1': 1.0, '2': 0.0, '3': 0.0, '4': 0.0}",-0.5,R0W6A5Vxt
4,公众反馈/举报,"{'1': 0.0, '2': 0.2, '3': 0.3, '4': 0.5}",0.0,R0VFT1NTD
4,公众反馈/举报,"{'1': 0.0, '2': 0.0, '3': 0.0, '4': 1.0}",-0.6,R0RIV37o5
4,公众反馈/举报,"{'1': 0.0, '2': 0.0, '3': 0.0, '4': 1.0}",0.8,R0SHKFms2
4,公众反馈/举报,"{'1': 0.0, '2': 0.0, '3': 0.0, '4': 1.0}",0.0,R0TcKyeuM
1,政务发布,"{'1': 1.0, '2': 0.0, '3': 0.0, '4': 0.0}",0.8,R0ViApiiC
1,政务发布,"{'1': 1.0, '2': 0.0, '3': 0.0, '4': 0.0}",0.8,QDXOt5gUM
1,政务发布,"{'1': 1.0, '2': 0.0, '3': 0.0, '4': 0.0}",0.8,QDXAArSIr
1,政务发布,"{'1': 1.0, '2': 0.0, '3': 0.0, '4': 0.0}",0.0,QDZJR5oo2
1,政务发布,"{'1': 1.0, '2': 0.0, '3': 0.0, '4': 0.0}",0.5,QDYDNerVJ
4,公众反馈/举报,"{'1': 0.1, '2': 0.0, '3': 0.0, '4': 0.9}",0.0,QDVX9kvGD
4,公众反馈/举报,"{'1': 0.0, '2': 0.0, '3': 0.0, '4': 1.0}",-0.9,QDWnKbk0I
3,民生服务,"{'1': 0.0, '2': 0.0, '3': 1.0, '4': 0.0}",0.2,QFnB8kuAf
4,公众反馈/举报,"{'1': 0.0, '2': 0.0, '3': 0.0, '4': 1.0}",0.0,QDXNS5MM2
3,民生服务,"{'1': 0.0, '2': 0.0, '3': 1.0, '4': 0.0}",0.8,QFkErwj8E
4,公众反馈/举报,"{'1': 0.0, '2': 0.0, '3': 0.0, '4': 1.0}",-0.3,QFkaByo1C
2,城市问题,"{'1': 0.0, '2': 0.9, '3': 0.0, '4': 0.1}",-0.6,QFnuIiOo0
4,公众反馈/举报,"{'1': 0.0, '2': 0.0, '3': 0.0, '4': 1.0}",0.2,QFkbnoqG8
1,政务发布,"{'1': 1.0, '2': 0.0, '3': 0.0, '4': 0.0}",1.0,QFiI3eHP6
1,政务发布,"{'1': 1.0, '2': 0.0, '3': 0.0, '4': 0.0}",-0.2,QFlIT9ICq
3,民生服务,"{'1': 0.0, '2': 0.0, '3': 1.0, '4': 0.0}",0.0,QFgmPCb7q
1,政务发布,"{'1': 1.0, '2': 0.0, '3': 0.0, '4': 0.0}",0.0,QFkuTmqjG
2,城市问题,"{'1': 0.0, '2': 1.0, '3': 0.0, '4': 0.0}",-0.8,QFncACQv8
1,政务发布,"{'1': 1.0, '2': 0.0, '3': 0.0, '4': 0.0}",0.0,QFkwVgl4n
3,民生服务,"{'1': 0.0, '2': 0.0, '3': 1.0, '4': 0.0}",0.8,R07tsx5Yb
1,政务发布,"{'1': 1.0, '2': 0.0, '3': 0.0, '4': 0.0}",0.5,R065J1mY9
1,政务发布,"{'1': 1.0, '2': 0.0, '3': 0.0, '4': 0.0}",0.0,R07eY2gNc
3,民生服务,"{'1': 0.0, '2': 0.0, '3': 1.0, '4': 0.0}",0.0,R067SoXAr
1,政务发布,"{'1': 0.9, '2': 0.0, '3': 0.1, '4': 0.0}",0.8,R07RTja5l
3,民生服务,"{'1': 0.0, '2': 0.0, '3': 1.0, '4': 0.0}",0.9,R07mJzCv8
1,政务发布,"{'1': 1.0, '2': 0.0, '3': 0.0, '4': 0.0}",0.5,R07LunWYu
3,民生服务,"{'1': 0.2, '2': 0.1, '3': 0.6, '4': 0.1}",0.0,R074A5ci1
4,公众反馈/举报,"{'1': 0.0, '2': 0.4, '3': 0.0, '4': 0.6}",-0.8,R07sKeU7Q
1,政务发布,"{'1': 1.0, '2': 0.0, '3': 0.0, '4': 0.0}",0.8,R13P845uN
4,公众反馈/举报,"{'1': 0.0, '2': 0.0, '3': 0.0, '4': 1.0}",0.0,R10sZrVvW
1,政务发布,"{'1': 1.0, '2': 0.0, '3': 0.0, '4': 0.0}",0.8,R10sCnWU8
3,民生服务,"{'1': 0.1, '2': 0.0, '3': 0.8, '4': 0.1}",0.8,R13UkrVqU
1,政务发布,"{'1': 1.0, '2': 0.0, '3': 0.0, '4': 0.0}",0.7,R06K0mgzW
3,民生服务,"{'1': 0.0, '2': 0.0, '3': 1.0, '4': 0.0}",0.8,R07IMeO8I
1,政务发布,"{'1': 1.0, '2': 0.0, '3': 0.0, '4': 0.0}",0.0,R05ap8lgt
1,政务发布,"{'1': 1.0, '2': 0.0, '3': 0.0, '4': 0.0}",0.8,R08ne7yYE
1,政务发布,"{'1': 1.0, '2': 0.0, '3': 0.0, '4': 0.0}",1.0,R06ooqCHI
1,政务发布,"{'1': 1.0, '2': 0.0, '3': 0.0, '4': 0.0}",0.7,R06lSCDmC
3,民生服务,"{'1': 0.0, '2': 0.0, '3': 1.0, '4': 0.0}",0.8,R07DYBGPN
3,民生服务,"{'1': 0.0, '2': 0.0, '3': 1.0, '4': 0.0}",0.9,R07mWE6rX
1,政务发布,"{'1': 1.0, '2': 0.0, '3': 0.0, '4': 0.0}",0.8,R05DAkAfV
3,民生服务,"{'1': 0.0, '2': 0.0, '3': 1.0, '4': 0.0}",1.0,R092fiOtb
1,政务发布,"{'1': 1.0, '2': 0.0, '3': 0.0, '4': 0.0}",0.0,R08LXpTyc
1,政务发布,"{'1': 1.0, '2': 0.0, '3': 0.0, '4': 0.0}",0.9,R06juFFpA
1,政务发布,"{'1': 1.0, '2': 0.0, '3': 0.0, '4': 0.0}",0.9,R05BOkLjL
4,公众反馈/举报,"{'1': 0.0, '2': 0.0, '3': 0.0, '4': 1.0}",0.0,R07OelL0n
1,政务发布,"{'1': 1.0, '2': 0.0, '3': 0.0, '4': 0.0}",0.0,R05Whbrak
1,政务发布,"{'1': 1.0, '2': 0.0, '3': 0.0, '4': 0.0}",0.9,QFmyMb1Ow
1,政务发布,"{'1': 1.0, '2': 0.0, '3': 0.0, '4': 0.0}",0.9,QFkNDAX3i
1,政务发布,"{'1': 1.0, '2': 0.0, '3': 0.0, '4': 0.0}",0.3,QFiE1zkIC
3,民生服务,"{'1': 0.0, '2': 0.0, '3': 1.0, '4': 0.0}",0.0,QFjfGgr1B
1,政务发布,"{'1': 1.0, '2': 0.0, '3': 0.0, '4': 0.0}",0.0,QFg1FtbPi
1,政务发布,"{'1': 1.0, '2': 0.0, '3': 0.0, '4': 0.0}",0.8,QFkei2Seu
1,政务发布,"{'1': 0.9, '2': 0.0, '3': 0.1, '4': 0.0}",0.8,QFkjAyxSr
1,政务发布,"{'1': 1.0, '2': 0.0, '3': 0.0, '4': 0.0}",0.8,QFhZNaDt8
4,公众反馈/举报,"{'1': 0.2, '2': 0.0, '3': 0.3, '4': 0.5}",0.3,QFjKZuqvD
1,政务发布,"{'1': 1.0, '2': 0.0, '3': 0.0, '4': 0.0}",0.0,QFmoZ5Mzx
4,公众反馈/举报,"{'1': 0.0, '2': 0.0, '3': 0.0, '4': 1.0}",0.5,QFkzJmjUh
4,公众反馈/举报,{'4': 1.0},0.5,QFjmVEDO4
1,政务发布,"{'1': 1.0, '2': 0.0, '3': 0.0, '4': 0.0}",0.8,QFiu2w0hN
4,公众反馈/举报,"{'1': 0.0, '2': 0.0, '3': 0.0, '4': 1.0}",0.0,R1m1BcVX6
4,公众反馈/举报,"{'1': 0.0, '2': 0.0, '3': 0.0, '4': 1.0}",0.0,R1kbOC7Sv
3,民生服务,"{'1': 0.0, '2': 0.0, '3': 1.0, '4': 0.0}",0.3,R1fxBaU4l
1,政务发布,"{'1': 1.0, '2': 0.0, '3': 0.0, '4': 0.0}",1.0,R1iWJsDab
4,公众反馈/举报,"{'1': 0.0, '2': 0.0, '3': 0.0, '4': 1.0}",-0.9,R29G8xh6n
4,公众反馈/举报,"{'1': 0.0, '2': 0.0, '3': 0.0, '4': 1.0}",0.0,QE04vmR0o
1,政务发布,"{'1': 1.0, '2': 0.0, '3': 0.0, '4': 0.0}",0.0,QDZE00hE3
1,政务发布,"{'1': 1.0, '2': 0.0, '3': 0.0, '4': 0.0}",0.8,R26unEZBe
1,政务发布,"{'1': 1.0, '2': 0.0, '3': 0.0, '4': 0.0}",0.0,R25hPyJ9Z
1,政务发布,"{'1': 1.0, '2': 0.0, '3': 0.0, '4': 0.0}",0.9,QDYqcploe
4,公众反馈/举报,"{'1': 0.0, '2': 0.0, '3': 0.0, '4': 1.0}",-0.2,QDZgd6Fks
3,民生服务,"{'1': 0.0, '2': 0.0, '3': 1.0, '4': 0.0}",0.5,R2jn5jZUy
4,公众反馈/举报,"{'1': 0.0, '2': 0.0, '3': 0.2, '4': 0.8}",0.5,QDY2k3UnV
1,政务发布,"{'1': 1.0, '2': 0.0, '3': 0.0, '4': 0.0}",0.8,R2gPz1F4v
2,城市问题,"{'1': 0.2, '2': 0.8, '3': 0.0, '4': 0.0}",-0.3,QDYbL67P6
1,政务发布,"{'1': 1.0, '2': 0.0, '3': 0.0, '4': 0.0}",1.0,R2gZJ26PN
4,公众反馈/举报,"{'1': 0.0, '2': 0.1, '3': 0.2, '4': 0.7}",-1.0,R2jfG8que
4,公众反馈/举报,"{'1': 0.0, '2': 0.0, '3': 0.0, '4': 1.0}",0.5,R2h2qljxb
4,公众反馈/举报,"{'1': 0.0, '2': 0.0, '3': 0.0, '4': 1.0}",0.5,R2eRsezRH
3,民生服务,"{'1': 0.0, '2': 0.0, '3': 1.0, '4': 0.0}",0.8,R2dSJcL43
4,公众反馈/举报,"{'1': 0.0, '2': 0.0, '3': 0.0, '4': 1.0}",-1.0,R2cPh5w8K
4,公众反馈/举报,"{'1': 0.0, '2': 1.0, '3': 0.0, '4': 1.0}",-0.8,R2dAnbW0o
3,民生服务,"{'1': 0.0, '2': 0.0, '3': 1.0, '4': 0.0}",0.0,QFnHT8QLC
1,政务发布,"{'1': 1.0, '2': 0.0, '3': 0.0, '4': 0.0}",0.8,QFlF2DyKu
3,民生服务,"{'1': 0.0, '2': 0.0, '3': 1.0, '4': 0.0}",0.8,QFnwEoIjD
2,城市问题,"{'1': 0.0, '2': 1.0, '3': 0.0, '4': 0.0}",-0.2,QFkWUm6qJ
1,政务发布,"{'1': 1.0, '2': 0.0, '3': 0.0, '4': 0.0}",0.8,QFkSY12fo
1,政务发布,"{'1': 1.0, '2': 0.0, '3': 0.0, '4': 0.0}",0.8,QFljn2AbG
4,公众反馈/举报,"{'1': 0.0, '2': 0.0, '3': 0.0, '4': 1.0}",0.3,QFidBA9Dk
4,公众反馈/举报,"{'1': 0.0, '2': 0.2, '3': 0.0, '4': 0.8}",-0.9,QFgF2p3sl
1,政务发布,"{'1': 1.0, '2': 0.0, '3': 0.0, '4': 0.0}",0.9,QFiXioJwv
3,民生服务,"{'1': 0.0, '2': 0.0, '3': 1.0, '4': 0.0}",0.9,QFkq4afsW
1,政务发布,"{'1': 1.0, '2': 0.0, '3': 0.0, '4': 0.0}",0.8,QFiDKzS6Q
1,政务发布,"{'1': 0.9, '2': 0.0, '3': 0.1, '4': 0.0}",0.2,QFkSQCCTW
1,政务发布,"{'1': 1.0, '2': 0.0, '3': 0.0, '4': 0.0}",0.8,QFmoz9Zau
4,公众反馈/举报,"{'1': 0.0, '2': 0.2, '3': 0.0, '4': 0.8}",-0.9,R00Xq7qSo
3,民生服务,"{'1': 0.0, '2': 0.0, '3': 1.0, '4': 0.0}",0.8,R00Sy09rJ
4,公众反馈/举报,"{'1': 0.0, '2': 0.3, '3': 0.2, '4': 0.5}",-0.678,QFWUyd985
1,政务发布,"{'1': 1.0, '2': 0.0, '3': 0.0, '4': 0.0}",1.0,QFVK1EA9r
4,公众反馈/举报,"{'1': 0.0, '2': 0.0, '3': 0.0, '4': 1.0}",0.0,R01LWpMgD
1,政务发布,"{'1': 1.0, '2': 0.0, '3': 0.0, '4': 0.0}",0.0,QFUpGpvBQ
1,政务发布,"{'1': 1.0, '2': 0.0, '3': 0.0, '4': 0.0}",0.8,QFUsTz8yu
4,公众反馈/举报,"{'1': 0.0, '2': 0.0, '3': 0.0, '4': 1.0}",-0.3,QFWnKlT12
1,政务发布,"{'1': 1.0, '2': 0.0, '3': 0.0, '4': 0.0}",0.2,R01A5eOS9
1,政务发布,"{'1': 1.0, '2': 0.0, '3': 0.0, '4': 0.0}",0.8,QFVJcywcL
1,政务发布,"{'1': 1.0, '2': 0.0, '3': 0.0, '4': 0.0}",0.0,QFUjNvIzo
4,公众反馈/举报,"{'1': 0.0, '2': 0.0, '3': 0.0, '4': 1.0}",-0.9,R00Xq7qSo
4,公众反馈/举报,"{'1': 0.0, '2': 0.0, '3': 0.0, '4': 1.0}",-0.9,QFU4DvTJA
3,民生服务,"{'1': 0.0, '2': 0.2, '3': 0.8, '4': 0.0}",0.6,R00Sy09rJ
1,政务发布,"{'1': 1.0, '2': 0.0, '3': 0.0, '4': 0.0}",0.8,QFVK1EA9r
4,公众反馈/举报,"{'1': 0.0, '2': 0.0, '3': 0.0, '4': 1.0}",-0.9,QFWUyd985
1,政务发布,"{'1': 1.0, '2': 0.0, '3': 0.0, '4': 0.0}",-0.3,QFUpGpvBQ
4,公众反馈/举报,"{'1': 0.0, '2': 0.0, '3': 0.0, '4': 1.0}",0.0,R01LWpMgD
1,政务发布,"{'1': 1.0, '2': 0.0, '3': 0.0, '4': 0.0}",0.8,QFUsTz8yu
1,政务发布,"{'1': 1.0, '2': 0.0, '3': 0.0, '4': 0.0}",0.4,R01A5eOS9
3,民生服务,"{'1': 0.0, '2': 0.0, '3': 1.0, '4': 0.0}",0.4,QFWnKlT12
4,公众反馈/举报,"{'1': 0.0, '2': 0.0, '3': 0.0, '4': 1.0}",-0.9,QFU4DvTJA
1,政务发布,"{'1': 1.0, '2': 0.0, '3': 0.0, '4': 0.0}",0.0,QFUjNvIzo
2,城市问题,"{'1': 0.0, '2': 1.0, '3': 0.0, '4': 0.0}",0.0,R27PzgHlM
4,公众反馈/举报,"{'1': 0.0, '2': 0.0, '3': 0.0, '4': 1.0}",0.0,R27P4e1b3
1,政务发布,"{'1': 1.0, '2': 0.0, '3': 0.0, '4': 0.0}",0.8,QFVJcywcL
1,政务发布,"{'1': 1.0, '2': 0.0, '3': 0.0, '4': 0.0}",0.8,R27Moprvy
1,政务发布,"{'1': 1.0, '2': 0.0, '3': 0.0, '4': 0.0}",0.9,QEx7rzugh
4,公众反馈/举报,"{'1': 0.0, '2': 0.0, '3': 0.0, '4': 1.0}",-1.0,QEyWw0UFR
1,政务发布,"{'1': 1.0, '2': 0.0, '3': 0.0, '4': 0.0}",0.4,QEArm22LX
4,公众反馈/举报,"{'1': 0.0, '2': 0.0, '3': 0.0, '4': 1.0}",0.6,QEActmyxv
1,政务发布,"{'1': 1.0, '2': 0.0, '3': 0.0, '4': 0.0}",0.9,QECcN56TT
3,民生服务,"{'1': 0.0, '2': 0.0, '3': 1.0, '4': 0.0}",1.0,QFmQvmymE
3,民生服务,"{'1': 0.0, '2': 0.0, '3': 1.0, '4': 0.0}",0.4,QFkT81CLf
1,政务发布,"{'1': 1.0, '2': 0.0, '3': 0.0, '4': 0.0}",0.3,QFhJ1taR0
4,公众反馈/举报,"{'1': 0.0, '2': 0.0, '3': 0.0, '4': 1.0}",0.3,QFltOlbEH
1,政务发布,"{'1': 1.0, '2': 0.0, '3': 0.0, '4': 0.0}",1.0,QFlAdkNQ4
1,政务发布,"{'1': 1.0, '2': 0.0, '3': 0.0, '4': 0.0}",0.3,QFfcuBgAN
3,民生服务,"{'1': 0.0, '2': 0.0, '3': 1.0, '4': 0.0}",0.9,QFkF6bn28
1,政务发布,"{'1': 1.0, '2': 0.0, '3': 0.0, '4': 0.0}",0.9,QFiJoiTLV
3,民生服务,"{'1': 0.0, '2': 0.0, '3': 1.0, '4': 0.0}",0.0,QFm5N09ik
3,民生服务,"{'1': 0.0, '2': 0.0, '3': 1.0, '4': 0.0}",0.9,QFjK2vahU
1,政务发布,"{'1': 1.0, '2': 0.0, '3': 0.0, '4': 0.0}",0.0,QFiqehn8Z
1,政务发布,"{'1': 1.0, '2': 0.0, '3': 0.0, '4': 0.0}",0.8,QE0UplOSd
1,政务发布,"{'1': 1.0, '2': 0.0, '3': 0.0, '4': 0.0}",0.0,QE9fo26Nv
4,公众反馈/举报,"{'1': 0.0, '2': 0.2, '3': 0.3, '4': 0.5}",-0.3,QFnedbvc1
4,公众反馈/举报,"{'1': 0.0, '2': 0.0, '3': 0.0, '4': 1.0}",0.8,QFl3FoKMm
3,民生服务,"{'1': 0.1, '2': 0.0, '3': 0.9, '4': 0.0}",0.9,QFkzlDnVh
1,政务发布,"{'1': 1.0, '2': 0.0, '3': 0.0, '4': 0.0}",1.0,QFk6dsRHE
1,政务发布,"{'1': 1.0, '2': 0.0, '3': 0.0, '4': 0.0}",1.0,QFlgWeUr1
3,民生服务,"{'1': 0.0, '2': 0.0, '3': 1.0, '4': 0.0}",0.5,QFjpfjyyg
1,政务发布,"{'1': 1.0, '2': 0.0, '3': 0.0, '4': 0.0}",0.0,QFkbnpwPm
1,政务发布,"{'1': 1.0, '2': 0.0, '3': 0.0, '4': 0.0}",0.0,QFm7h6b5s
1,政务发布,"{'1': 1.0, '2': 0.0, '3': 0.0, '4': 0.0}",0.0,QFkhHsad4
4,公众反馈/举报,"{'1': 0.0, '2': 0.0, '3': 0.0, '4': 1.0}",0.0,QFlDJCmfH
4,公众反馈/举报,"{'1': 0.0, '2': 0.0, '3': 0.0, '4': 1.0}",0.9,QFlKz1JfD
3,民生服务,"{'1': 0.0, '2': 0.0, '3': 1.0, '4': 0.0}",0.8,QFlmri5sL
3,民生服务,"{'1': 0.0, '2': 0.0, '3': 1.0, '4': 0.0}",0.9,QFlnfvZey
3,民生服务,"{'1': 0.0, '2': 0.0, '3': 1.0, '4': 0.0}",0.5,QFlhwEYHL
3,民生服务,"{'1': 0.0, '2': 0.0, '3': 1.0, '4': 0.0}",0.0,QFnvnENy5
1,政务发布,"{'1': 1.0, '2': 0.0, '3': 0.0, '4': 0.0}",1.0,QFhH1nV0u
1,政务发布,"{'1': 1.0, '2': 0.0, '3': 0.0, '4': 0.0}",0.0,QFnqCzFKz
1,政务发布,"{'1': 1.0, '2': 0.0, '3': 0.0, '4': 0.0}",0.8,QFk2sbxDK
4,公众反馈/举报,"{'1': 0.0, '2': 0.0, '3': 0.0, '4': 1.0}",0.6,QFkWE8bk2
3,民生服务,"{'1': 0.0, '2': 0.0, '3': 1.0, '4': 0.0}",0.9,QFkOyqDhR
1,政务发布,"{'1': 1.0, '2': 0.0, '3': 0.0, '4': 0.0}",0.3,QFi1rbJH3
1,政务发布,"{'1': 1.0, '2': 0.0, '3': 0.0, '4': 0.0}",0.0,QFj3BpjNe
3,民生服务,"{'1': 0.0, '2': 0.0, '3': 1.0, '4': 0.0}",1.0,QFhPnnLu4
1,政务发布,"{'1': 1.0, '2': 0.0, '3': 0.0, '4': 0.0}",0.3,QFlghzPvz
1,政务发布,"{'1': 1.0, '2': 0.0, '3': 0.0, '4': 0.0}",0.8,QEn46aff8
4,公众反馈/举报,"{'1': 0.0, '2': 0.0, '3': 0.0, '4': 1.0}",0.9,QEpmaaKBn
4,公众反馈/举报,"{'1': 0.0, '2': 0.0, '3': 0.0, '4': 1.0}",0.0,R27Asec8X
3,民生服务,"{'1': 0.0, '2': 0.0, '3': 1.0, '4': 0.0}",1.0,QEpQPoCIV
4,公众反馈/举报,"{'1': 0.0, '2': 0.0, '3': 0.0, '4': 1.0}",-0.8,R25Yf6DTo
3,民生服务,"{'1': 0.0, '2': 0.0, '3': 1.0, '4': 0.0}",0.3,R297RoO1C
3,民生服务,"{'1': 0.0, '2': 0.0, '3': 1.0, '4': 0.0}",1.0,R1QXbCI68
1,政务发布,"{'1': 1.0, '2': 0.0, '3': 0.0, '4': 0.0}",0.8,R1NzR69jG
1,政务发布,"{'1': 0.9, '2': 0.0, '3': 0.0, '4': 0.1}",0.8,R1LHdqWYe
4,公众反馈/举报,"{'1': 0.0, '2': 0.1, '3': 0.1, '4': 0.8}",-0.9,QFmY8jMxR
1,政务发布,"{'1': 1.0, '2': 0.0, '3': 0.0, '4': 0.0}",0.6,QFl7ZokYd
1,政务发布,"{'1': 1.0, '2': 0.0, '3': 0.0, '4': 0.0}",0.0,QFl3rcIYb
1,政务发布,"{'1': 1.0, '2': 0.0, '3': 0.0, '4': 0.0}",0.8,QFkK5fkxz
2,城市问题,"{'1': 0.0, '2': 0.9, '3': 0.0, '4': 0.1}",-0.8,QFntsiePu
1,政务发布,"{'1': 1.0, '2': 0.0, '3': 0.0, '4': 0.0}",1.0,QFiXgCfKR
4,公众反馈/举报,"{'1': 0.0, '2': 0.3, '3': 0.0, '4': 1.0}",-0.6,QFnnNyhxN
2,城市问题,"{'1': 0.0, '2': 1.0, '3': 0.0, '4': 0.0}",-0.8,QFlk9F1Ut
3,民生服务,"{'1': 0.0, '2': 0.0, '3': 1.0, '4': 0.0}",0.8,QFkaCtPO2
3,民生服务,"{'1': 0.0, '2': 0.0, '3': 1.0, '4': 0.0}",0.0,QFj05y9O4
2,城市问题,"{'1': 0.2, '2': 0.8, '3': 0.0, '4': 0.0}",-0.5,R07WpDTas
4,公众反馈/举报,"{'1': 0.0, '2': 0.2, '3': 0.1, '4': 0.7}",-0.9,R076r0U5o
1,政务发布,"{'1': 1.0, '2': 0.0, '3': 0.0, '4': 0.0}",0.0,R07SI7BZI
3,民生服务,"{'1': 0.0, '2': 0.0, '3': 1.0, '4': 0.0}",0.5,R05tAp6E9
3,民生服务,"{'1': 0.0, '2': 0.0, '3': 1.0, '4': 0.0}",0.8,QFkVr4TNw
3,民生服务,"{'1': 0.0, '2': 0.0, '3': 1.0, '4': 0.0}",0.0,R07R0BXej
1,政务发布,"{'1': 1.0, '2': 0.0, '3': 0.0, '4': 0.0}",0.9,R09125Da4
1,政务发布,"{'1': 1.0, '2': 0.0, '3': 0.0, '4': 0.0}",1.0,QFlXWjuTj
4,公众反馈/举报,"{'1': 0.0, '2': 0.0, '3': 0.0, '4': 1.0}",-1.0,QFlXz7Ptv
1,政务发布,"{'1': 1.0, '2': 0.0, '3': 0.0, '4': 0.0}",0.8,QFljmlsmR
4,公众反馈/举报,"{'1': 0.0, '2': 0.0, '3': 0.0, '4': 1.0}",-0.5,QFlJvoulS
1,政务发布,"{'1': 1.0, '2': 0.0, '3': 0.0, '4': 0.0}",0.5,QFkljzWKO
1,政务发布,"{'1': 1.0, '2': 0.0, '3': 0.0, '4': 0.0}",0.8,QFiK1zGDt
4,公众反馈/举报,"{'1': 0.0, '2': 0.0, '3': 0.0, '4': 1.0}",-1.0,QFhTazhcl
3,民生服务,"{'1': 0.0, '2': 0.0, '3': 1.0, '4': 0.0}",0.8,QFiVNjYyD
4,公众反馈/举报,"{'1': 0.0, '2': 1.0, '3': 0.0, '4': 1.0}",-0.8,QFmRl5lKd
4,公众反馈/举报,"{'1': 0.0, '2': 0.0, '3': 0.0, '4': 1.0}",-0.8,QFjpLDGAI
3,民生服务,{'3': 1.0},0.0,QFna143If
4,公众反馈/举报,"{'1': 0.0, '2': 0.0, '3': 0.0, '4': 1.0}",0.5,QFiZ1aJoW
3,民生服务,"{'1': 0.0, '2': 0.0, '3': 1.0, '4': 0.0}",0.8,QFWUIh1VL
1,政务发布,"{'1': 1.0, '2': 0.0, '3': 0.0, '4': 0.0}",1.0,QFTTVkqKT
1,政务发布,"{'1': 1.0, '2': 0.0, '3': 0.0, '4': 0.0}",0.5,QFUAbpQIk
3,民生服务,"{'1': 0.0, '2': 0.0, '3': 1.0, '4': 0.0}",0.0,R01pH6I7u
4,公众反馈/举报,"{'1': 0.0, '2': 0.2, '3': 0.0, '4': 1.0}",-1.0,QFXog0fn7
3,民生服务,"{'1': 0.0, '2': 0.0, '3': 1.0, '4': 0.0}",0.8,QFWUIh1VL
1,政务发布,"{'1': 1.0, '2': 0.0, '3': 0.0, '4': 0.0}",0.8,QFU3glrs1
1,政务发布,"{'1': 0.9, '2': 0.0, '3': 0.1, '4': 0.0}",0.2,QFUAbpQIk
3,民生服务,"{'1': 0.0, '2': 0.0, '3': 1.0, '4': 0.0}",0.5,R01pH6I7u
1,政务发布,"{'1': 1.0, '2': 0.0, '3': 0.0, '4': 0.0}",0.9,QFTTVkqKT
2,城市问题,"{'1': 0.0, '2': 1.0, '3': 0.0, '4': 0.0}",-0.9,QFXog0fn7
3,民生服务,"{'1': 0.0, '2': 0.0, '3': 1.0, '4': 0.0}",1.0,QFU3glrs1
4,公众反馈/举报,"{'1': 0.0, '2': 0.0, '3': 0.0, '4': 1.0}",-1.0,QFmJZ251w
1,政务发布,"{'1': 1.0, '2': 0.0, '3': 0.0, '4': 0.0}",0.6,QFlzzsmCw
1,政务发布,"{'1': 1.0, '2': 0.0, '3': 0.0, '4': 0.0}",0.8,QFk3sE0Wl
1,政务发布,"{'1': 1.0, '2': 0.0, '3': 0.0, '4': 0.0}",0.8,QFiT1rZ62
4,公众反馈/举报,"{'1': 0.0, '2': 0.0, '3': 0.0, '4': 1.0}",0.3,QFfpRCxQb
1,政务发布,"{'1': 1.0, '2': 0.0, '3': 0.0, '4': 0.0}",0.8,QFjZcpvi9
3,民生服务,"{'1': 0.0, '2': 0.0, '3': 1.0, '4': 0.0}",0.3,QFmv2m9B2
4,公众反馈/举报,"{'1': 0.0, '2': 0.0, '3': 0.0, '4': 1.0}",-1.0,QFij06bQi
1,政务发布,"{'1': 1.0, '2': 0.0, '3': 0.0, '4': 0.0}",1.0,QFhDP5k6m
1,政务发布,"{'1': 1.0, '2': 0.0, '3': 0.0, '4': 0.0}",0.9,R00hJf1W5
1,政务发布,"{'1': 1.0, '2': 0.0, '3': 0.0, '4': 0.0}",0.9,QFUb7tAQq
3,民生服务,"{'1': 0.2, '2': 0.0, '3': 0.8, '4': 0.0}",0.8,QFUrThEvK
4,公众反馈/举报,"{'1': 0.0, '2': 0.0, '3': 0.0, '4': 1.0}",0.3,R00e1oJfU
4,公众反馈/举报,"{'1': 0.0, '2': 0.0, '3': 0.0, '4': 1.0}",-1.0,QFQfaxXVz
4,公众反馈/举报,"{'1': 0.0, '2': 0.6, '3': 0.1, '4': 0.8}",-0.5,QFWGYB4Sq
1,政务发布,"{'1': 1.0, '2': 0.0, '3': 0.0, '4': 0.0}",0.8,QFVRc0xpm
4,公众反馈/举报,"{'1': 0.0, '2': 0.0, '3': 0.0, '4': 1.0}",-1.0,QFUmbyb6B
1,政务发布,"{'1': 1.0, '2': 0.0, '3': 0.0, '4': 0.0}",0.3,QFWdTcRql
1,政务发布,"{'1': 1.0, '2': 0.0, '3': 0.0, '4': 0.0}",0.8,QFULulq9j
3,民生服务,"{'1': 0.0, '2': 0.0, '3': 1.0, '4': 0.0}",0.9,QFUrTzfx8
1,政务发布,"{'1': 1.0, '2': 0.0, '3': 0.0, '4': 0.0}",0.9,R00hJf1W5
4,公众反馈/举报,"{'1': 0.0, '2': 0.0, '3': 0.0, '4': 1.0}",-1.0,R00LNyTJk
1,政务发布,"{'1': 1.0, '2': 0.0, '3': 0.0, '4': 0.0}",0.9,QFUb7tAQq
3,民生服务,"{'1': 0.0, '2': 0.0, '3': 1.0, '4': 0.0}",0.9,QFUrThEvK
4,公众反馈/举报,"{'1': 0.0, '2': 0.0, '3': 0.0, '4': 1.0}",0.2,R00e1oJfU
4,公众反馈/举报,"{'1': 0.0, '2': 0.0, '3': 0.0, '4': 1.0}",-0.6,QFWGYB4Sq
4,公众反馈/举报,"{'1': 0.0, '2': 0.0, '3': 0.0, '4': 1.0}",-1.0,QFQfaxXVz
1,政务发布,"{'1': 1.0, '2': 0.0, '3': 0.0, '4': 0.0}",0.5,QFVRc0xpm
4,公众反馈/举报,"{'1': 0.0, '2': 0.0, '3': 0.0, '4': 1.0}",-0.9,QFUmbyb6B
1,政务发布,"{'1': 1.0, '2': 0.0, '3': 0.0, '4': 0.0}",0.8,QFULulq9j
1,政务发布,"{'1': 0.9, '2': 0.0, '3': 0.1, '4': 0.0}",0.8,QFUrTzfx8
1,政务发布,"{'1': 1.0, '2': 0.0, '3': 0.0, '4': 0.0}",0.8,QFWdTcRql
4,公众反馈/举报,"{'1': 0.0, '2': 0.1, '3': 0.1, '4': 0.8}",-0.9,R00LNyTJk
4,公众反馈/举报,"{'1': 0.0, '2': 0.0, '3': 0.0, '4': 1.0}",-0.3,R1u264WKF
4,公众反馈/举报,"{'1': 0.0, '2': 0.0, '3': 0.0, '4': 1.0}",0.0,R1qRbiztp
1,政务发布,"{'1': 1.0, '2': 0.0, '3': 0.0, '4': 0.0}",0.8,R1sYgeMGY
3,民生服务,"{'1': 0.0, '2': 0.0, '3': 1.0, '4': 0.0}",0.8,QFnhXgUIw
3,民生服务,"{'1': 0.0, '2': 0.0, '3': 1.0, '4': 0.0}",0.7,QFlFPDkLH
4,公众反馈/举报,"{'1': 0.0, '2': 0.0, '3': 0.0, '4': 1.0}",-1.0,QFnCS1UHH
3,民生服务,"{'1': 0.0, '2': 0.0, '3': 1.0, '4': 0.0}",0.9,QFkfkEV1l
1,政务发布,"{'1': 1.0, '2': 0.0, '3': 0.0, '4': 0.0}",1.0,QFir1s7V7
2,城市问题,"{'1': 0.0, '2': 1.0, '3': 0.0, '4': 0.0}",0.0,QFl1Yeetm
3,民生服务,"{'1': 0.0, '2': 0.0, '3': 1.0, '4': 0.0}",0.5,QFjKKgmcu
4,公众反馈/举报,"{'1': 0.0, '2': 0.0, '3': 0.0, '4': 1.0}",-0.9,QFjHc0dj4
1,政务发布,"{'1': 1.0, '2': 0.0, '3': 0.0, '4': 0.0}",1.0,QFifEqCgg
4,公众反馈/举报,"{'1': 0.0, '2': 0.0, '3': 0.0, '4': 1.0}",-0.3,QFmtpAgE0
4,公众反馈/举报,"{'1': 0.0, '2': 1.0, '3': 0.0, '4': 0.0}",-0.8,QFjYH1USg
2,城市问题,"{'1': 0.0, '2': 1.0, '3': 0.0, '4': 0.0}",-0.8,QFm1rkIZ1
1,政务发布,"{'1': 1.0, '2': 0.0, '3': 0.0, '4': 0.0}",-0.6,QFkzJmjkm
1,政务发布,"{'1': 1.0, '2': 0.0, '3': 0.0, '4': 0.0}",0.8,QFmfECT2m
1,政务发布,"{'1': 1.0, '2': 0.0, '3': 0.0, '4': 0.0}",0.8,QFky6ArNX
3,民生服务,"{'1': 0.0, '2': 0.0, '3': 1.0, '4': 0.0}",0.8,QFkSviVBS
1,政务发布,"{'1': 1.0, '2': 0.0, '3': 0.0, '4': 0.0}",0.5,QFkHtjwCL
4,公众反馈/举报,"{'1': 0.0, '2': 0.0, '3': 0.0, '4': 1.0}",-0.6,QFlF65V73
4,公众反馈/举报,"{'1': 0.0, '2': 0.0, '3': 0.0, '4': 1.0}",-0.8,QFkQ9mJ9W
3,民生服务,"{'1': 0.2, '2': 0.0, '3': 0.8, '4': 0.0}",0.9,QFjZrwXOX
3,民生服务,"{'1': 0.0, '2': 0.0, '3': 0.8, '4': 0.2}",0.0,QFfNMeo8L
1,政务发布,"{'1': 1.0, '2': 0.0, '3': 0.0, '4': 0.0}",0.8,QFi639vyJ
3,民生服务,"{'1': 0.0, '2': 0.0, '3': 1.0, '4': 0.0}",0.2,QFngTogWc
3,民生服务,"{'1': 0.0, '2': 0.0, '3': 1.0, '4': 0.0}",0.0,QFkWTtXSi
1,政务发布,"{'1': 1.0, '2': 0.0, '3': 0.0, '4': 0.0}",0.8,QFjLDf9WE
1,政务发布,"{'1': 1.0, '2': 0.0, '3': 0.0, '4': 0.0}",0.0,QFkxs3iQE
4,公众反馈/举报,"{'1': 0.0, '2': 0.2, '3': 0.3, '4': 0.5}",-0.2,QFNGmjKVR
3,民生服务,"{'1': 0.0, '2': 0.0, '3': 0.7, '4': 0.3}",-0.8,QFPWuELaZ
1,政务发布,"{'1': 1.0, '2': 0.0, '3': 0.0, '4': 0.0}",0.6,QFW4o0i8H
4,公众反馈/举报,"{'1': 0.0, '2': 0.0, '3': 0.0, '4': 1.0}",-0.9,QFGCk75Dl
3,民生服务,"{'1': 0.1, '2': 0.0, '3': 0.8, '4': 0.1}",0.8,QFWAVmTXs
1,政务发布,"{'1': 1.0, '2': 0.0, '3': 0.0, '4': 0.0}",0.8,QFWIS71d4
1,政务发布,"{'1': 1.0, '2': 0.0, '3': 0.0, '4': 0.0}",0.8,QFWEQcd89
3,民生服务,"{'1': 0.0, '2': 0.0, '3': 1.0, '4': 0.0}",0.9,QFWA27B8x
1,政务发布,"{'1': 1.0, '2': 0.0, '3': 0.0, '4': 0.0}",0.5,R017Q4bzm
4,公众反馈/举报,"{'1': 0.0, '2': 0.0, '3': 0.0, '4': 1.0}",-0.8,QFTEBhOox
1,政务发布,"{'1': 1.0, '2': 0.0, '3': 0.0, '4': 0.0}",0.0,QFUgXjtiw
4,公众反馈/举报,"{'1': 0.0, '2': 0.0, '3': 0.0, '4': 1.0}",0.0,R01kiBLKS
1,政务发布,"{'1': 0.7, '2': 0.0, '3': 0.3, '4': 0.0}",0.5,QFS96k0R6
1,政务发布,"{'1': 1.0, '2': 0.0, '3': 0.0, '4': 0.0}",0.0,QFUmtkgNt
1,政务发布,"{'1': 1.0, '2': 0.0, '3': 0.0, '4': 0.0}",0.5,QFW4o0i8H
1,政务发布,"{'1': 1.0, '2': 0.0, '3': 0.0, '4': 0.0}",0.8,QFWIS71d4
4,公众反馈/举报,"{'1': 0.0, '2': 0.0, '3': 0.0, '4': 1.0}",0.9,QFWAVmTXs
1,政务发布,"{'1': 1.0, '2': 0.0, '3': 0.0, '4': 0.0}",0.6,QFWEQcd89
3,民生服务,"{'1': 0.1, '2': 0.0, '3': 0.8, '4': 0.1}",0.8,QFWA27B8x
4,公众反馈/举报,"{'1': 0.0, '2': 0.0, '3': 0.0, '4': 1.0}",-1.0,QFTEBhOox
1,政务发布,"{'1': 1.0, '2': 0.0, '3': 0.0, '4': 0.0}",0.8,QFUgXjtiw
1,政务发布,"{'1': 1.0, '2': 0.0, '3': 0.0, '4': 0.0}",0.8,R017Q4bzm
4,公众反馈/举报,"{'1': 0.0, '2': 0.0, '3': 0.0, '4': 1.0}",0.0,R01kiBLKS
1,政务发布,"{'1': 1.0, '2': 0.0, '3': 0.0, '4': 0.0}",0.5,QFS96k0R6
1,政务发布,"{'1': 1.0, '2': 0.0, '3': 0.0, '4': 0.0}",0.0,QFUmtkgNt
4,公众反馈/举报,"{'1': 0.0, '2': 0.0, '3': 0.0, '4': 1.0}",0.0,R0IJksqCA
3,民生服务,"{'1': 0.3, '2': 0.0, '3': 0.7, '4': 0.0}",0.8,R0HT55nvj
4,公众反馈/举报,"{'1': 0.0, '2': 1.0, '3': 0.0, '4': 0.0}",-1.0,R00Me8wYr
1,政务发布,"{'1': 1.0, '2': 0.0, '3': 0.0, '4': 0.0}",0.0,QFUs4dFzW
1,政务发布,"{'1': 1.0, '2': 0.0, '3': 0.0, '4': 0.0}",0.6,QFUiAd2E3
1,政务发布,"{'1': 1.0, '2': 0.0, '3': 0.0, '4': 0.0}",0.0,QFSQpmDeI
1,政务发布,"{'1': 1.0, '2': 0.0, '3': 0.0, '4': 0.0}",1.0,QFWK8d5mQ
1,政务发布,"{'1': 1.0, '2': 0.0, '3': 0.0, '4': 0.0}",0.8,QFX2248MD
4,公众反馈/举报,"{'1': 0.0, '2': 0.2, '3': 0.3, '4': 0.5}",-0.9,QFWCrm0sP
1,政务发布,"{'1': 1.0, '2': 0.0, '3': 0.0, '4': 0.0}",0.5,QFUq2iDRw
4,公众反馈/举报,"{'1': 0.0, '2': 0.0, '3': 0.0, '4': 1.0}",0.5,QFR3cCrmH
4,公众反馈/举报,"{'1': 0.0, '2': 0.1, '3': 0.2, '4': 0.7}",-0.9,R01rwAQuP
4,公众反馈/举报,"{'1': 0.0, '2': 0.3, '3': 0.0, '4': 0.7}",-0.9,R01jNy06u
4,公众反馈/举报,"{'1': 0.0, '2': 0.0, '3': 0.0, '4': 1.0}",0.0,R00Me8wYr
1,政务发布,"{'1': 1.0, '2': 0.0, '3': 0.0, '4': 0.0}",0.0,QFUs4dFzW
1,政务发布,"{'1': 1.0, '2': 0.0, '3': 0.0, '4': 0.0}",0.0,QFSQpmDeI
1,政务发布,"{'1': 1.0, '2': 0.0, '3': 0.0, '4': 0.0}",0.0,QFUiAd2E3
1,政务发布,"{'1': 1.0, '2': 0.0, '3': 0.0, '4': 0.0}",0.9,QFWK8d5mQ
1,政务发布,"{'1': 1.0, '2': 0.0, '3': 0.0, '4': 0.0}",0.9,QFX2248MD
2,城市问题,"{'1': 0.0, '2': 1.0, '3': 0.0, '4': 0.0}",-1.0,QFWCrm0sP
1,政务发布,"{'1': 1.0, '2': 0.0, '3': 0.0, '4': 0.0}",0.6,QFUq2iDRw
4,公众反馈/举报,"{'1': 0.0, '2': 0.0, '3': 0.0, '4': 1.0}",-0.3,QFR3cCrmH
4,公众反馈/举报,"{'1': 0.0, '2': 0.0, '3': 0.0, '4': 1.0}",-0.9,R01rwAQuP
4,公众反馈/举报,"{'1': 0.0, '2': 0.0, '3': 0.0, '4': 1.0}",-0.9,R01jNy06u
4,公众反馈/举报,"{'1': 0.0, '2': 0.0, '3': 0.0, '4': 1.0}",-1.0,R2gB60oMw
3,民生服务,"{'1': 0.0, '2': 0.0, '3': 1.0, '4': 0.0}",0.8,R2j8Pm7kw
1,政务发布,"{'1': 1.0, '2': 0.0, '3': 0.0, '4': 0.0}",0.6,R2hvN6jnz
1,政务发布,"{'1': 1.0, '2': 0.0, '3': 0.0, '4': 0.0}",0.0,R2gzWpdKy
1,政务发布,"{'1': 1.0, '2': 0.0, '3': 0.0, '4': 0.0}",0.6,R2gDQfO15
4,公众反馈/举报,"{'1': 0.0, '2': 0.0, '3': 0.0, '4': 1.0}",-1.0,R2e136kGj
4,公众反馈/举报,"{'1': 0.0, '2': 0.0, '3': 0.0, '4': 1.0}",-1.0,R2fTf5sBf
1,政务发布,"{'1': 1.0, '2': 0.0, '3': 0.0, '4': 0.0}",0.0,R2hfL7x4q
3,民生服务,"{'1': 0.0, '2': 0.0, '3': 1.0, '4': 0.0}",0.8,R2e2tDq1t
3,民生服务,"{'1': 0.0, '2': 0.0, '3': 1.0, '4': 0.0}",0.9,R2dK3g88U
4,公众反馈/举报,"{'1': 0.0, '2': 0.0, '3': 0.0, '4': 1.0}",-0.8,QFmzS3mOi
1,政务发布,"{'1': 1.0, '2': 0.0, '3': 0.0, '4': 0.0}",0.0,R2eOAkf2w
1,政务发布,"{'1': 1.0, '2': 0.0, '3': 0.0, '4': 0.0}",0.7,QFnH8tDzB
1,政务发布,"{'1': 1.0, '2': 0.0, '3': 0.0, '4': 0.0}",0.6,QFm99eWgP
4,公众反馈/举报,"{'1': 0.0, '2': 0.1, '3': 0.0, '4': 0.9}",-0.9,QFl8v2Epi
4,公众反馈/举报,"{'1': 0.1, '2': 0.0, '3': 0.0, '4': 0.9}",0.0,QFlxy6LZE
3,民生服务,"{'1': 0.0, '2': 0.0, '3': 1.0, '4': 0.0}",0.8,QFm7PiidA
4,公众反馈/举报,"{'1': 0.0, '2': 0.0, '3': 0.0, '4': 1.0}",-0.5,QFnyd1lsB
1,政务发布,"{'1': 1.0, '2': 0.0, '3': 0.0, '4': 0.0}",0.8,QFloHrleV
3,民生服务,"{'1': 0.0, '2': 0.0, '3': 1.0, '4': 0.0}",0.0,QFnjtkqeS
1,政务发布,"{'1': 1.0, '2': 0.0, '3': 0.0, '4': 0.0}",0.8,QFipMAbJh
1,政务发布,"{'1': 1.0, '2': 0.0, '3': 0.0, '4': 0.0}",1.0,QFm1Jdo8g
2,城市问题,"{'1': 0.0, '2': 1.0, '3': 0.0, '4': 0.0}",0.3,QFkxVA1MI
3,民生服务,"{'1': 0.0, '2': 0.0, '3': 1.0, '4': 0.0}",0.5,QFmcLxIwH
3,民生服务,"{'1': 0.2, '2': 0.0, '3': 1.0, '4': 0.0}",0.9,QFkRcDIWj
1,政务发布,"{'1': 1.0, '2': 0.0, '3': 0.0, '4': 0.0}",0.8,QFhDCnVqc
1,政务发布,"{'1': 1.0, '2': 0.0, '3': 0.0, '4': 0.0}",0.9,QFiM37BWU
1,政务发布,"{'1': 1.0, '2': 0.0, '3': 0.0, '4': 0.0}",1.0,QFkqmElyX
4,公众反馈/举报,"{'1': 0.0, '2': 0.0, '3': 0.0, '4': 1.0}",0.0,QFlgZjUsN
4,公众反馈/举报,"{'1': 0.0, '2': 0.0, '3': 0.0, '4': 1.0}",-0.7,R2gU3nP3O
1,政务发布,"{'1': 1.0, '2': 0.0, '3': 0.0, '4': 0.0}",0.8,R2hfVcuRj
1,政务发布,"{'1': 1.0, '2': 0.0, '3': 0.0, '4': 0.0}",0.0,QFmn3gmnU
4,公众反馈/举报,"{'1': 0.0, '2': 0.2, '3': 0.0, '4': 0.8}",-0.8,R2hJve751
4,公众反馈/举报,"{'1': 0.0, '2': 0.0, '3': 0.0, '4': 1.0}",0.4,R2gdX1ntT
1,政务发布,"{'1': 1.0, '2': 0.0, '3': 0.0, '4': 0.0}",0.8,R2fOEiymX
1,政务发布,"{'1': 1.0, '2': 0.0, '3': 0.0, '4': 0.0}",0.9,R2gLAnZYp
1,政务发布,"{'1': 1.0, '2': 0.0, '3': 0.0, '4': 0.0}",0.8,R2e4UaAH6
4,公众反馈/举报,"{'1': 0.0, '2': 0.0, '3': 0.0, '4': 1.0}",-0.9,R2dXS1SBZ
1,政务发布,"{'1': 1.0, '2': 0.0, '3': 0.0, '4': 0.0}",0.8,R2dCn1Nhj
3,民生服务,"{'1': 0.0, '2': 0.0, '3': 1.0, '4': 0.0}",0.3,R2fXoyjfM
3,民生服务,"{'1': 0.0, '2': 0.0, '3': 1.0, '4': 0.0}",0.9,R2fSo32sj
1,政务发布,"{'1': 1.0, '2': 0.0, '3': 0.0, '4': 0.0}",0.8,R2fp3Apvs
1,政务发布,"{'1': 0.9, '2': 0.0, '3': 0.1, '4': 0.0}",0.8,R2eJnlRux
4,公众反馈/举报,"{'1': 0.0, '2': 0.0, '3': 0.0, '4': 1.0}",-0.9,R29Iaq6jj
4,公众反馈/举报,"{'1': 0.0, '2': 0.0, '3': 0.0, '4': 1.0}",-0.5,R25XCtrKI
4,公众反馈/举报,"{'1': 0.0, '2': 0.0, '3': 0.0, '4': 1.0}",-1.0,R258qk5p3
3,民生服务,"{'1': 0.0, '2': 0.0, '3': 1.0, '4': 0.0}",0.8,R27zwALPW
4,公众反馈/举报,"{'1': 0.0, '2': 0.0, '3': 0.0, '4': 1.0}",-0.5,R00jEiUmI
4,公众反馈/举报,"{'1': 0.0, '2': 0.0, '3': 0.0, '4': 1.0}",0.0,QFWuR5AwU
4,公众反馈/举报,"{'1': 0.0, '2': 0.0, '3': 0.0, '4': 1.0}",-0.3,R00uPzyht
1,政务发布,"{'1': 1.0, '2': 0.0, '3': 0.0, '4': 0.0}",0.0,R00pm1gZr
4,公众反馈/举报,"{'1': 0.0, '2': 0.0, '3': 0.0, '4': 1.0}",0.3,QFW9yiXrV
1,政务发布,"{'1': 1.0, '2': 0.0, '3': 0.0, '4': 0.0}",0.8,QFU8DmB85
3,民生服务,"{'1': 0.1, '2': 0.0, '3': 0.9, '4': 0.0}",0.2,R01bwhUNC
4,公众反馈/举报,"{'1': 0.0, '2': 0.0, '3': 0.0, '4': 1.0}",-0.5,QFWuR5AwU
3,民生服务,"{'1': 0.0, '2': 0.0, '3': 1.0, '4': 0.0}",0.0,R00pm1gZr
4,公众反馈/举报,"{'1': 0.0, '2': 0.0, '3': 0.0, '4': 1.0}",0.0,R00jEiUmI
4,公众反馈/举报,"{'1': 0.0, '2': 0.0, '3': 0.0, '4': 1.0}",0.0,R00uPzyht
4,公众反馈/举报,"{'1': 0.0, '2': 0.0, '3': 0.0, '4': 1.0}",0.5,QFW9yiXrV
3,民生服务,"{'1': 0.2, '2': 0.0, '3': 0.8, '4': 0.0}",0.9,QFU8DmB85
3,民生服务,"{'1': 0.0, '2': 0.0, '3': 1.0, '4': 0.0}",0.3,R01bwhUNC
4,公众反馈/举报,"{'1': 0.0, '2': 0.0, '3': 0.0, '4': 1.0}",-0.8,R0VwP2sgE
4,公众反馈/举报,"{'1': 0.0, '2': 0.0, '3': 0.5, '4': 0.5}",0.0,R0UwXddA5
4,公众反馈/举报,"{'1': 0.0, '2': 0.0, '3': 0.0, '4': 1.0}",0.5,R0VT7x7Nw
1,政务发布,"{'1': 1.0, '2': 0.0, '3': 0.0, '4': 0.0}",0.8,R0VJPq7VM
3,民生服务,"{'1': 0.0, '2': 0.0, '3': 1.0, '4': 0.0}",0.8,R0WsfBpcc
1,政务发布,"{'1': 1.0, '2': 0.0, '3': 0.0, '4': 0.0}",0.8,R0RFCAghD
3,民生服务,"{'1': 0.0, '2': 0.0, '3': 1.0, '4': 0.0}",0.0,R0U8SbtXd
1,政务发布,"{'1': 1.0, '2': 0.0, '3': 0.0, '4': 0.0}",0.9,R062a8xuO
1,政务发布,"{'1': 1.0, '2': 0.0, '3': 0.0, '4': 0.0}",0.0,R07rq0EME
4,公众反馈/举报,"{'1': 0.0, '2': 0.0, '3': 0.0, '4': 1.0}",0.0,R06EOoPzr
1,政务发布,"{'1': 1.0, '2': 0.0, '3': 0.0, '4': 0.0}",0.6,R06mtdWyE
4,公众反馈/举报,"{'1': 0.0, '2': 0.0, '3': 0.0, '4': 1.0}",-0.9,R05TCAZeC
4,公众反馈/举报,"{'1': 0.0, '2': 0.3, '3': 0.2, '4': 0.5}",-0.9,R04Rv9IHm
1,政务发布,"{'1': 1.0, '2': 0.0, '3': 0.0, '4': 0.0}",0.7,R063wpI6H
1,政务发布,"{'1': 1.0, '2': 0.0, '3': 0.0, '4': 0.0}",1.0,R06E34VLo
3,民生服务,"{'1': 0.0, '2': 0.0, '3': 1.0, '4': 0.0}",0.0,R07Oq3jJ4
1,政务发布,"{'1': 1.0, '2': 0.0, '3': 0.0, '4': 0.0}",0.0,R06DT3fID
1,政务发布,"{'1': 1.0, '2': 0.0, '3': 0.0, '4': 0.0}",1.0,R07Ur5IOn
1,政务发布,"{'1': 1.0, '2': 0.0, '3': 0.0, '4': 0.0}",0.5,R091xFkqI
4,公众反馈/举报,"{'1': 0.0, '2': 0.3, '3': 0.0, '4': 0.7}",-0.9,R07qxC9Ng
4,公众反馈/举报,"{'1': 0.0, '2': 1.0, '3': 0.0, '4': 1.0}",-0.3,R08FP5ViV
1,政务发布,"{'1': 1.0, '2': 0.0, '3': 0.0, '4': 0.0}",1.0,QE51A0DeH
1,政务发布,"{'1': 1.0, '2': 0.0, '3': 0.0, '4': 0.0}",0.8,QE7iODftM
1,政务发布,"{'1': 1.0, '2': 0.0, '3': 0.0, '4': 0.0}",0.6,QE71FCouE
1,政务发布,"{'1': 1.0, '2': 0.0, '3': 0.0, '4': 0.0}",0.6,QE5XP7x0g
4,公众反馈/举报,"{'1': 0.0, '2': 0.0, '3': 0.0, '4': 1.0}",-0.2,QEIUYwhk2
4,公众反馈/举报,"{'1': 0.0, '2': 0.0, '3': 0.0, '4': 1.0}",-0.5,QE4MW17wz
3,民生服务,"{'1': 0.0, '2': 0.0, '3': 1.0, '4': 0.0}",0.6,QE9WAk9OK
4,公众反馈/举报,"{'1': 0.0, '2': 0.0, '3': 0.9, '4': 0.1}",0.3,QEJ9D1TiZ
3,民生服务,"{'1': 0.0, '2': 0.0, '3': 1.0, '4': 0.0}",0.5,QELr5mQct
4,公众反馈/举报,"{'1': 0.0, '2': 0.0, '3': 0.0, '4': 1.0}",-1.0,QELjt3sFV
4,公众反馈/举报,"{'1': 0.0, '2': 0.0, '3': 0.0, '4': 1.0}",-1.0,QEGUTpggY
1,政务发布,"{'1': 1.0, '2': 0.0, '3': 0.0, '4': 0.0}",0.8,QFVuqzcWt
4,公众反馈/举报,"{'1': 0.0, '2': 0.0, '3': 0.0, '4': 1.0}",0.0,QEKYIowAK
3,民生服务,"{'1': 0.0, '2': 0.0, '3': 1.0, '4': 0.0}",0.6,R00hN1cXF
3,民生服务,"{'1': 0.3, '2': 0.0, '3': 0.7, '4': 0.0}",1.0,QFT8T5F5L
3,民生服务,"{'1': 0.0, '2': 0.0, '3': 1.0, '4': 0.0}",0.9,QFWrBFxWj
1,政务发布,"{'1': 1.0, '2': 0.0, '3': 0.0, '4': 0.0}",0.9,QFUgT1q23
1,政务发布,"{'1': 1.0, '2': 0.0, '3': 0.0, '4': 0.0}",0.5,QFVGa4quQ
1,政务发布,"{'1': 1.0, '2': 0.0, '3': 0.0, '4': 0.0}",0.8,QFWEo4DHU
1,政务发布,"{'1': 1.0, '2': 0.0, '3': 0.0, '4': 0.0}",0.0,R019MjZV3
4,公众反馈/举报,"{'1': 0.0, '2': 0.0, '3': 0.0, '4': 1.0}",-0.9,R01y7gUG4
4,公众反馈/举报,"{'1': 0.0, '2': 0.0, '3': 0.0, '4': 1.0}",0.5,QFV6Pfr6x
1,政务发布,"{'1': 1.0, '2': 0.0, '3': 0.0, '4': 0.0}",0.7,QFUt77zCL
3,民生服务,"{'1': 0.0, '2': 0.0, '3': 1.0, '4': 0.0}",1.0,R00hN1cXF
1,政务发布,"{'1': 1.0, '2': 0.0, '3': 0.0, '4': 0.0}",0.8,QFVuqzcWt
1,政务发布,"{'1': 1.0, '2': 0.0, '3': 0.0, '4': 0.0}",0.8,QFT8T5F5L
1,政务发布,"{'1': 1.0, '2': 0.0, '3': 0.0, '4': 0.0}",0.9,QFWEo4DHU
3,民生服务,"{'1': 0.0, '2': 0.0, '3': 1.0, '4': 0.0}",0.8,QFWrBFxWj
1,政务发布,"{'1': 1.0, '2': 0.0, '3': 0.0, '4': 0.0}",1.0,QFVGa4quQ
4,公众反馈/举报,"{'1': 0.0, '2': 0.0, '3': 0.0, '4': 1.0}",-1.0,R01y7gUG4
1,政务发布,"{'1': 1.0, '2': 0.0, '3': 0.0, '4': 0.0}",0.5,R019MjZV3
1,政务发布,"{'1': 1.0, '2': 0.0, '3': 0.0, '4': 0.0}",0.9,QFUgT1q23
1,政务发布,"{'1': 1.0, '2': 0.0, '3': 0.0, '4': 0.0}",0.3,QFUt77zCL
4,公众反馈/举报,"{'1': 0.0, '2': 0.1, '3': 0.0, '4': 0.9}",0.0,QFV6Pfr6x
1,政务发布,"{'1': 0.9, '2': 0.05, '3': 0.05, '4': 0.0}",0.2,R2gRsBL4J
4,公众反馈/举报,"{'1': 0.0, '2': 0.0, '3': 0.0, '4': 1.0}",-0.9,R2gAjh76y
1,政务发布,"{'1': 1.0, '2': 0.0, '3': 0.0, '4': 0.0}",0.9,R2hJffADz
1,政务发布,"{'1': 1.0, '2': 0.0, '3': 0.0, '4': 0.0}",0.8,R2gfqAa61
3,民生服务,"{'1': 0.1, '2': 0.1, '3': 0.6, '4': 0.2}",0.9,R2fZreT81
4,公众反馈/举报,"{'1': 0.0, '2': 1.0, '3': 0.0, '4': 1.0}",-1.0,R2cRkqMg7
1,政务发布,"{'1': 1.0, '2': 0.0, '3': 0.0, '4': 0.0}",1.0,R075E00z4
1,政务发布,"{'1': 1.0, '2': 0.0, '3': 0.0, '4': 0.0}",0.5,R2dVCzwTZ
3,民生服务,"{'1': 0.0, '2': 0.0, '3': 1.0, '4': 0.0}",0.8,R2fOQdjiI
1,政务发布,"{'1': 1.0, '2': 0.0, '3': 0.0, '4': 0.0}",0.0,R07ocvTvf
4,公众反馈/举报,"{'1': 0.0, '2': 0.0, '3': 0.0, '4': 1.0}",-0.4,R05A71qO2
4,公众反馈/举报,"{'1': 0.0, '2': 0.1, '3': 0.2, '4': 0.7}",-0.9,R04LHf7fR
1,政务发布,"{'1': 1.0, '2': 0.0, '3': 0.0, '4': 0.0}",0.5,R05IPrqUG
2,城市问题,"{'1': 0.0, '2': 1.0, '3': 0.0, '4': 0.0}",-0.5,R07OfeZRE
4,公众反馈/举报,"{'1': 0.0, '2': 0.0, '3': 0.0, '4': 1.0}",0.0,R07OeDmji
3,民生服务,"{'1': 0.0, '2': 0.0, '3': 1.0, '4': 0.0}",0.0,R07W4ntLe
4,公众反馈/举报,"{'1': 0.0, '2': 0.0, '3': 0.0, '4': 1.0}",0.0,QEILcxq7t
1,政务发布,"{'1': 1.0, '2': 0.0, '3': 0.0, '4': 0.0}",0.8,QEGwuhYDJ
4,公众反馈/举报,"{'1': 0.0, '2': 0.0, '3': 0.0, '4': 1.0}",-0.8,QEJ8fcu0o
2,城市问题,"{'1': 0.0, '2': 1.0, '3': 0.0, '4': 0.0}",-0.3,QEIKRdI4e
4,公众反馈/举报,"{'1': 0.0, '2': 0.2, '3': 0.3, '4': 0.5}",-0.8,QEEFQgwff
1,政务发布,"{'1': 1.0, '2': 0.0, '3': 0.0, '4': 0.0}",-0.1,QEHADbFdL
3,民生服务,"{'1': 0.0, '2': 0.0, '3': 1.0, '4': 0.0}",0.0,QEJwjybzD
1,政务发布,"{'1': 1.0, '2': 0.0, '3': 0.0, '4': 0.0}",0.0,QEKDkqCkZ
4,公众反馈/举报,"{'1': 0.0, '2': 0.0, '3': 0.0, '4': 1.0}",-0.8,QELGe1VID
1,政务发布,"{'1': 1.0, '2': 0.0, '3': 0.0, '4': 0.0}",0.8,QFWUAuqfb
1,政务发布,"{'1': 1.0, '2': 0.0, '3': 0.0, '4': 0.0}",0.9,QFT72b3ta
4,公众反馈/举报,"{'1': 0.0, '2': 0.0, '3': 0.0, '4': 1.0}",-0.9,R005PiQGP
1,政务发布,"{'1': 1.0, '2': 0.0, '3': 0.0, '4': 0.0}",0.8,R01gV3nCe
3,民生服务,"{'1': 0.0, '2': 0.0, '3': 1.0, '4': 0.0}",0.9,QFW9LwgjB
3,民生服务,"{'1': 0.0, '2': 0.0, '3': 1.0, '4': 0.0}",0.9,QFVAH4eBQ
4,公众反馈/举报,"{'1': 0.0, '2': 0.3, '3': 0.0, '4': 1.0}",-0.9,R01HlfKd1
4,公众反馈/举报,"{'1': 0.0, '2': 0.0, '3': 0.0, '4': 1.0}",-0.9,R01UboyQF
1,政务发布,"{'1': 1.0, '2': 0.0, '3': 0.0, '4': 0.0}",0.8,QFWUAuqfb
3,民生服务,"{'1': 0.0, '2': 0.0, '3': 1.0, '4': 0.0}",0.9,QFT72b3ta
1,政务发布,"{'1': 1.0, '2': 0.0, '3': 0.0, '4': 0.0}",0.9,R01gV3nCe
4,公众反馈/举报,"{'1': 0.0, '2': 0.0, '3': 0.0, '4': 1.0}",-0.9,R005PiQGP
3,民生服务,"{'1': 0.2, '2': 0.0, '3': 0.8, '4': 0.0}",0.8,QFVAH4eBQ
3,民生服务,"{'1': 0.0, '2': 0.0, '3': 1.0, '4': 0.0}",1.0,QFW9LwgjB
4,公众反馈/举报,"{'1': 0.0, '2': 0.0, '3': 0.0, '4': 1.0}",-0.9,R01HlfKd1
4,公众反馈/举报,"{'1': 0.0, '2': 0.4, '3': 0.0, '4': 0.6}",-0.8,R01UboyQF
4,公众反馈/举报,"{'1': 0.0, '2': 0.0, '3': 0.0, '4': 1.0}",0.0,R10TNAq4T
4,公众反馈/举报,"{'1': 0.0, '2': 0.0, '3': 0.0, '4': 1.0}",-0.3,R10Ruw2wE
1,政务发布,"{'1': 1.0, '2': 0.0, '3': 0.0, '4': 0.0}",0.9,R10sKnLkX
4,公众反馈/举报,"{'1': 0.1, '2': 0.2, '3': 0.2, '4': 0.5}",-0.9,R01gWaV9D
4,公众反馈/举报,"{'1': 0.0, '2': 0.0, '3': 0.0, '4': 1.0}",-1.0,QFVMztkJK
2,城市问题,"{'1': 0.0, '2': 1.0, '3': 0.0, '4': 0.0}",-0.8,R00lmFnig
1,政务发布,"{'1': 1.0, '2': 0.0, '3': 0.0, '4': 0.0}",0.8,QFW1rznq1
4,公众反馈/举报,"{'1': 0.0, '2': 0.0, '3': 0.0, '4': 1.0}",0.0,QFXh2caTA
3,民生服务,"{'1': 0.0, '2': 0.0, '3': 1.0, '4': 0.0}",0.0,R01BI55ej
1,政务发布,"{'1': 1.0, '2': 0.0, '3': 0.0, '4': 0.0}",0.8,QFX73zfmO
4,公众反馈/举报,"{'1': 0.0, '2': 0.0, '3': 0.0, '4': 1.0}",-0.9,QFVMztkJK
4,公众反馈/举报,"{'1': 0.0, '2': 0.2, '3': 0.0, '4': 0.8}",-0.9,R00lmFnig
4,公众反馈/举报,"{'1': 0.0, '2': 0.0, '3': 0.0, '4': 1.0}",-1.0,R01gWaV9D
1,政务发布,"{'1': 1.0, '2': 0.0, '3': 0.0, '4': 0.0}",0.8,QFW1rznq1
2,城市问题,"{'1': 0.0, '2': 0.8, '3': 0.1, '4': 0.1}",0.0,QFXh2caTA
3,民生服务,"{'1': 0.0, '2': 0.0, '3': 1.0, '4': 0.0}",0.5,QFX73zfmO
1,政务发布,"{'1': 1.0, '2': 0.0, '3': 0.0, '4': 0.0}",0.8,R0VKutpT1
4,公众反馈/举报,"{'1': 0.0, '2': 0.0, '3': 0.0, '4': 1.0}",0.0,R01BI55ej
4,公众反馈/举报,"{'1': 0.0, '2': 0.0, '3': 0.0, '4': 1.0}",-1.0,R0TT9lHPi
3,民生服务,"{'1': 0.0, '2': 0.0, '3': 1.0, '4': 0.0}",0.0,R0VCZrzTz
1,政务发布,"{'1': 1.0, '2': 0.0, '3': 0.0, '4': 0.0}",0.6,R0RGQyYjA
4,公众反馈/举报,"{'1': 0.0, '2': 0.1, '3': 0.0, '4': 0.9}",-0.9,R0WqP28jN
1,政务发布,"{'1': 1.0, '2': 0.0, '3': 0.0, '4': 0.0}",-0.5,R0UXo3qlI
4,公众反馈/举报,"{'1': 0.0, '2': 0.0, '3': 0.0, '4': 1.0}",-1.0,R0VBLaaHM
3,民生服务,"{'1': 0.0, '2': 0.0, '3': 1.0, '4': 0.0}",0.8,R0Un4zjUD
1,政务发布,"{'1': 1.0, '2': 0.0, '3': 0.0, '4': 0.0}",1.0,R05D9r9dU
4,公众反馈/举报,"{'1': 0.0, '2': 0.2, '3': 0.1, '4': 0.7}",-0.9,R07cf9MXt
4,公众反馈/举报,"{'1': 0.0, '2': 0.0, '3': 0.0, '4': 1.0}",0.3,R03vWcqf3
4,公众反馈/举报,"{'1': 0.0, '2': 0.0, '3': 0.0, '4': 1.0}",-0.4,R07HE0OxB
4,公众反馈/举报,"{'1': 0.0, '2': 0.0, '3': 0.0, '4': 1.0}",-0.6,R06I96LUn
2,城市问题,"{'1': 0.1, '2': 0.8, '3': 0.1, '4': 0.0}",-0.7,R06kwcBKA
1,政务发布,"{'1': 1.0, '2': 0.0, '3': 0.0, '4': 0.0}",0.8,R06bpnF5X
1,政务发布,"{'1': 1.0, '2': 0.0, '3': 0.0, '4': 0.0}",0.9,R06i7vdkP
4,公众反馈/举报,"{'1': 0.0, '2': 0.0, '3': 0.0, '4': 1.0}",0.6,R083HvIIS
1,政务发布,"{'1': 1.0, '2': 0.0, '3': 0.0, '4': 0.0}",0.8,R06Az7XkQ
1,政务发布,"{'1': 0.7, '2': 0.1, '3': 0.1, '4': 0.1}",0.0,R07TDmBMw
2,城市问题,"{'1': 0.0, '2': 1.0, '3': 0.0, '4': 0.0}",-0.6,R07Mcbk4F
3,民生服务,"{'1': 0.0, '2': 0.0, '3': 1.0, '4': 0.0}",0.9,R08wIBTb3
3,民生服务,"{'1': 0.0, '2': 0.0, '3': 1.0, '4': 0.0}",0.2,R07fYDxJ1
1,政务发布,"{'1': 1.0, '2': 0.0, '3': 0.0, '4': 0.0}",0.0,R07USgK79
1,政务发布,"{'1': 1.0, '2': 0.0, '3': 0.0, '4': 0.0}",0.8,R07IUv6lB
3,民生服务,"{'1': 0.0, '2': 0.0, '3': 1.0, '4': 0.0}",0.9,R06h9doRn
1,政务发布,"{'1': 1.0, '2': 0.0, '3': 0.0, '4': 0.0}",0.6,R05QLzU6j
1,政务发布,"{'1': 1.0, '2': 0.0, '3': 0.0, '4': 0.0}",1.0,R07RxmIlM
1,政务发布,"{'1': 1.0, '2': 0.0, '3': 0.0, '4': 0.0}",0.3,R06wJw89Q
2,城市问题,"{'1': 0.0, '2': 0.0, '3': 1.0, '4': 0.0}",0.9,R06rNooKN
4,公众反馈/举报,"{'1': 0.0, '2': 0.0, '3': 0.0, '4': 1.0}",0.3,R07yk9z9i
4,公众反馈/举报,"{'1': 0.0, '2': 0.0, '3': 0.0, '4': 1.0}",-0.9,R07bWFsqE
4,公众反馈/举报,"{'1': 0.0, '2': 0.0, '3': 0.0, '4': 1.0}",-1.0,R057O0hfc
4,公众反馈/举报,"{'1': 0.0, '2': 0.0, '3': 0.0, '4': 1.0}",-1.0,R08kargAO
3,民生服务,"{'1': 0.0, '2': 0.0, '3': 1.0, '4': 0.0}",0.0,R07WAdUKW
1,政务发布,"{'1': 1.0, '2': 0.0, '3': 0.0, '4': 0.0}",0.8,R07UqDZfZ
4,公众反馈/举报,"{'1': 0.0, '2': 0.0, '3': 0.0, '4': 1.0}",0.2,QEsQ6EP76
4,公众反馈/举报,"{'1': 0.0, '2': 0.0, '3': 0.0, '4': 1.0}",-0.8,QEsOXs5N8
4,公众反馈/举报,"{'1': 0.0, '2': 0.0, '3': 0.0, '4': 1.0}",-0.8,QEn6jAu5r
1,政务发布,"{'1': 1.0, '2': 0.0, '3': 0.0, '4': 0.0}",0.0,QEpwFrBgT
4,公众反馈/举报,"{'1': 0.1, '2': 0.0, '3': 0.2, '4': 0.9}",0.0,QEnHzFqq8
3,民生服务,"{'1': 0.0, '2': 0.0, '3': 1.0, '4': 0.0}",0.0,QFleZagzv
1,政务发布,"{'1': 1.0, '2': 0.0, '3': 0.0, '4': 0.0}",0.8,QFmn5wy8a
1,政务发布,"{'1': 1.0, '2': 0.0, '3': 0.0, '4': 0.0}",0.8,QFm8Qwj16
3,民生服务,"{'1': 0.0, '2': 0.0, '3': 1.0, '4': 0.0}",0.8,QFiHGEroy
1,政务发布,"{'1': 1.0, '2': 0.0, '3': 0.0, '4': 0.0}",0.8,QFl6u4aqB
1,政务发布,"{'1': 1.0, '2': 0.0, '3': 0.0, '4': 0.0}",-0.8,QFiUwuxEz
1,政务发布,"{'1': 1.0, '2': 0.0, '3': 0.0, '4': 0.0}",0.5,QFiyIjd9l
4,公众反馈/举报,"{'1': 0.1, '2': 0.0, '3': 0.0, '4': 0.9}",-0.8,QFkXNBppM
4,公众反馈/举报,"{'1': 0.0, '2': 0.0, '3': 0.0, '4': 1.0}",-0.3,QFnfUde47
1,政务发布,"{'1': 1.0, '2': 0.0, '3': 0.0, '4': 0.0}",0.8,QFmsAyCgZ
4,公众反馈/举报,"{'1': 0.0, '2': 0.0, '3': 0.0, '4': 1.0}",-0.8,QFkaweirK
4,公众反馈/举报,"{'1': 0.0, '2': 0.2, '3': 0.1, '4': 0.7}",-0.6,QFm15jRKx
3,民生服务,"{'1': 0.0, '2': 0.0, '3': 1.0, '4': 0.0}",0.0,QFm0PnxH9
1,政务发布,"{'1': 1.0, '2': 0.0, '3': 0.0, '4': 0.0}",0.8,R2iTeez29
1,政务发布,"{'1': 1.0, '2': 0.0, '3': 0.0, '4': 0.0}",0.9,R2ho8AULR
4,公众反馈/举报,"{'1': 0.0, '2': 0.0, '3': 0.0, '4': 1.0}",-1.0,R2gsfjQmN
3,民生服务,"{'1': 0.0, '2': 0.0, '3': 1.0, '4': 0.0}",0.8,R2ji1wghZ
2,城市问题,"{'1': 0.2, '2': 0.6, '3': 0.1, '4': 0.1}",0.0,R2gAqoMvm
1,政务发布,"{'1': 1.0, '2': 0.0, '3': 0.0, '4': 0.0}",0.66,R2fZeE4X0
1,政务发布,"{'1': 1.0, '2': 0.0, '3': 0.0, '4': 0.0}",0.8,R2fZq9xEq
4,公众反馈/举报,"{'1': 0.0, '2': 0.0, '3': 0.0, '4': 1.0}",-0.5,R2jfUoQ55
1,政务发布,"{'1': 1.0, '2': 0.0, '3': 0.0, '4': 0.0}",0.7,R2fvlkEKu
2,城市问题,"{'1': 0.0, '2': 0.8, '3': 0.1, '4': 0.1}",0.0,R2gjFhR4W
1,政务发布,"{'1': 1.0, '2': 0.0, '3': 0.0, '4': 0.0}",0.5,QFl0w4zTU
4,公众反馈/举报,"{'1': 0.0, '2': 0.0, '3': 0.0, '4': 1.0}",-0.9,QFhUuhCT3
4,公众反馈/举报,"{'1': 0.0, '2': 0.0, '3': 0.0, '4': 1.0}",0.0,QFhO6k2Z5
1,政务发布,"{'1': 1.0, '2': 0.0, '3': 0.0, '4': 0.0}",0.0,QFlkMs8em
4,公众反馈/举报,"{'1': 0.0, '2': 0.0, '3': 0.0, '4': 1.0}",0.3,QFkDN7Y5U
1,政务发布,"{'1': 1.0, '2': 0.0, '3': 0.0, '4': 0.0}",0.0,QFljcrtBH
1,政务发布,"{'1': 1.0, '2': 0.0, '3': 0.0, '4': 0.0}",1.0,QFi3p1Vfg
4,公众反馈/举报,"{'1': 0.0, '2': 0.0, '3': 0.0, '4': 1.0}",-0.2,QFiKd7lvX
4,公众反馈/举报,"{'1': 0.0, '2': 0.0, '3': 0.0, '4': 1.0}",-0.9,QFjONhzjI
1,政务发布,"{'1': 1.0, '2': 0.0, '3': 0.0, '4': 0.0}",0.5,QFiZQtZyW
3,民生服务,"{'1': 0.0, '2': 0.0, '3': 1.0, '4': 0.0}",0.8,QFl34c29X
1,政务发布,"{'1': 1.0, '2': 0.0, '3': 0.0, '4': 0.0}",0.9,QFjeNiJ0B
1,政务发布,"{'1': 1.0, '2': 0.0, '3': 0.0, '4': 0.0}",1.0,QFlEviuBe
1,政务发布,"{'1': 1.0, '2': 0.0, '3': 0.0, '4': 0.0}",0.5,QFk58eoAr
1,政务发布,"{'1': 1.0, '2': 0.0, '3': 0.0, '4': 0.0}",0.8,QFlvtBxba
1,政务发布,"{'1': 1.0, '2': 0.0, '3': 0.0, '4': 0.0}",0.8,QFkot4gzA
1,政务发布,"{'1': 1.0, '2': 0.0, '3': 0.0, '4': 0.0}",0.8,QFi564JMF
1,政务发布,"{'1': 1.0, '2': 0.0, '3': 0.0, '4': 0.0}",0.8,QFla47SmJ
3,民生服务,"{'1': 0.0, '2': 0.0, '3': 1.0, '4': 0.0}",0.8,QFksVCQcL
4,公众反馈/举报,"{'1': 0.0, '2': 0.5, '3': 0.0, '4': 0.5}",-0.6,QFm3sBTcm
1,政务发布,"{'1': 1.0, '2': 0.0, '3': 0.0, '4': 0.0}",0.8,QFkVj9uZ4
4,公众反馈/举报,"{'1': 0.0, '2': 0.0, '3': 0.0, '4': 1.0}",0.0,QFmQVoX0U
1,政务发布,"{'1': 1.0, '2': 0.0, '3': 0.0, '4': 0.0}",0.5,QFhMqaspf
1,政务发布,"{'1': 1.0, '2': 0.0, '3': 0.0, '4': 0.0}",0.5,QFk9VCYZo
4,公众反馈/举报,"{'1': 0.0, '2': 0.0, '3': 0.0, '4': 1.0}",-0.5,QFhIfC2jl
1,政务发布,"{'1': 1.0, '2': 0.0, '3': 0.0, '4': 0.0}",0.7,QFk9a1upH
4,公众反馈/举报,"{'1': 0.0, '2': 0.0, '3': 0.0, '4': 1.0}",0.8,QFnB9jcV4
2,城市问题,"{'1': 0.0, '2': 1.0, '3': 0.0, '4': 0.0}",-0.3,QFjskrb2H
4,公众反馈/举报,"{'1': 0.0, '2': 0.0, '3': 0.0, '4': 1.0}",0.0,QFnvX0RX0
4,公众反馈/举报,"{'1': 0.0, '2': 0.2, '3': 0.1, '4': 0.7}",-0.6,QFlF6dCJ3
1,政务发布,"{'1': 1.0, '2': 0.0, '3': 0.0, '4': 0.0}",0.5,QFnewB3Fa
4,公众反馈/举报,"{'1': 0.0, '2': 0.0, '3': 0.0, '4': 1.0}",-0.6,QFj0im9O5
4,公众反馈/举报,"{'1': 0.0, '2': 0.0, '3': 1.0, '4': 0.0}",0.0,QFjnEfMba
4,公众反馈/举报,"{'1': 0.0, '2': 0.0, '3': 0.0, '4': 1.0}",-1.0,R27asDoWJ
4,公众反馈/举报,"{'1': 0.0, '2': 0.0, '3': 0.0, '4': 1.0}",0.0,R23aYAgeD
1,政务发布,"{'1': 1.0, '2': 0.0, '3': 0.0, '4': 0.0}",0.8,QFivPkEtO
4,公众反馈/举报,"{'1': 0.0, '2': 0.0, '3': 0.0, '4': 1.0}",0.0,R27N1j9b2
4,公众反馈/举报,"{'1': 0.0, '2': 0.0, '3': 0.0, '4': 1.0}",0.0,R27B1q7Mi
4,公众反馈/举报,"{'1': 0.0, '2': 0.0, '3': 0.0, '4': 1.0}",-0.3,QFWqvFxMr
4,公众反馈/举报,"{'1': 0.0, '2': 0.0, '3': 0.0, '4': 1.0}",-0.8,R27di9Qhq
4,公众反馈/举报,"{'1': 0.0, '2': 0.0, '3': 0.0, '4': 1.0}",1.0,QFUc2uhpW
4,公众反馈/举报,"{'1': 0.0, '2': 0.4, '3': 0.2, '4': 0.4}",-0.6,QFVgg4sUO
3,民生服务,"{'1': 0.0, '2': 0.0, '3': 1.0, '4': 0.0}",0.0,QFWnC5zWb
3,民生服务,"{'1': 0.0, '2': 0.0, '3': 1.0, '4': 0.0}",0.8,R00NaiWbd
1,政务发布,"{'1': 0.9, '2': 0.0, '3': 0.0, '4': 0.1}",0.8,QFVtB1FfN
1,政务发布,"{'1': 1.0, '2': 0.0, '3': 0.0, '4': 0.0}",0.8,QFUhTDMzk
4,公众反馈/举报,"{'1': 0.0, '2': 0.0, '3': 0.0, '4': 1.0}",0.2,R01pk0xMo
1,政务发布,"{'1': 1.0, '2': 0.0, '3': 0.0, '4': 0.0}",-0.2,QFWqvFxMr
3,民生服务,"{'1': 0.2, '2': 0.1, '3': 0.6, '4': 0.1}",0.8,QFUc2uhpW
4,公众反馈/举报,"{'1': 0.0, '2': 0.8, '3': 0.1, '4': 0.9}",-0.8,QFVgg4sUO
4,公众反馈/举报,"{'1': 0.0, '2': 0.0, '3': 0.0, '4': 1.0}",0.0,QFWnC5zWb
1,政务发布,"{'1': 1.0, '2': 0.0, '3': 0.0, '4': 0.0}",0.5,R00NaiWbd
3,民生服务,"{'1': 0.0, '2': 0.0, '3': 0.4, '4': 0.6}",0.8,QFVtB1FfN
1,政务发布,"{'1': 1.0, '2': 0.0, '3': 0.0, '4': 0.0}",1.0,QFUhTDMzk
4,公众反馈/举报,"{'1': 0.0, '2': 0.0, '3': 0.0, '4': 1.0}",0.0,R01pk0xMo
1,政务发布,"{'1': 1.0, '2': 0.0, '3': 0.0, '4': 0.0}",0.9,QEx1YCARC
1,政务发布,"{'1': 1.0, '2': 0.0, '3': 0.0, '4': 0.0}",0.8,QEBGlpGxU
4,公众反馈/举报,"{'1': 0.0, '2': 0.0, '3': 0.0, '4': 1.0}",0.0,QEzN750X5
4,公众反馈/举报,"{'1': 0.0, '2': 0.0, '3': 0.0, '4': 1.0}",0.95,QEynzrR2m
1,政务发布,"{'1': 1.0, '2': 0.0, '3': 0.0, '4': 0.0}",0.8,QEC4PDSwG
3,民生服务,"{'3': 1.0, '1': 0.0, '2': 0.0, '4': 0.0}",0.0,QFkLgew6o
0,其他,"{'1': 0.0, '2': 0.0, '3': 0.0, '4': 0.0}",0.6,QFkXDxwc7
4,公众反馈/举报,"{'1': 0.0, '2': 0.0, '3': 0.1, '4': 0.9}",0.6,QFnnSpL4P
4,公众反馈/举报,"{'1': 0.0, '2': 0.0, '3': 0.0, '4': 1.0}",0.0,QFnBE6usH
4,公众反馈/举报,"{'1': 0.0, '2': 0.3, '3': 0.3, '4': 0.4}",-0.5,QFmUi2acE
1,政务发布,"{'1': 1.0, '2': 0.0, '3': 0.0, '4': 0.0}",0.75,QFlGv1Kn1
1,政务发布,"{'1': 1.0, '2': 0.0, '3': 0.0, '4': 0.0}",0.3,QFlg9tqjJ
4,公众反馈/举报,"{'1': 0.0, '2': 0.0, '3': 0.1, '4': 0.9}",0.0,QFgJyeZl9
4,公众反馈/举报,"{'1': 0.0, '2': 0.1, '3': 0.0, '4': 0.9}",-1.0,QFjLBb56w
1,政务发布,"{'1': 1.0, '2': 0.0, '3': 0.0, '4': 0.0}",0.8,R2ibliQCm
4,公众反馈/举报,"{'1': 0.0, '2': 0.0, '3': 0.0, '4': 1.0}",-0.9,R2gu0m1cF
1,政务发布,"{'1': 1.0, '2': 0.0, '3': 0.0, '4': 0.0}",0.9,R2hepw6l8
3,民生服务,"{'1': 0.0, '2': 0.0, '3': 1.0, '4': 0.0}",0.5,R2gPfeOap
2,城市问题,"{'1': 0.0, '2': 1.0, '3': 0.0, '4': 0.0}",-0.2,R2dNkhqag
4,公众反馈/举报,"{'1': 0.0, '2': 0.0, '3': 0.0, '4': 1.0}",-1.0,R2hVZtLJ9
1,政务发布,"{'1': 1.0, '2': 0.0, '3': 0.0, '4': 0.0}",0.8,R0VNJl86r
3,民生服务,"{'1': 0.0, '2': 0.0, '3': 1.0, '4': 0.0}",0.8,R2ggtsXKG
1,政务发布,"{'1': 1.0, '2': 0.0, '3': 0.0, '4': 0.0}",0.8,R0WtowwLZ
1,政务发布,"{'1': 1.0, '2': 0.0, '3': 0.0, '4': 0.0}",0.5,R2g6DqnSF
4,公众反馈/举报,"{'1': 0.2, '2': 0.1, '3': 0.1, '4': 0.6}",-0.3,R0UxAiZQk
4,公众反馈/举报,"{'1': 0.0, '2': 0.2, '3': 0.0, '4': 0.8}",-0.9,R0Ui7pxUW
4,公众反馈/举报,"{'1': 0.0, '2': 0.0, '3': 0.0, '4': 1.0}",-1.0,R0VtrgANd
1,政务发布,"{'1': 1.0, '2': 0.0, '3': 0.0, '4': 0.0}",0.0,R0W2Gqm9E
1,政务发布,"{'1': 1.0, '2': 0.0, '3': 0.0, '4': 0.0}",0.8,R0VVlnZZC
1,政务发布,"{'1': 1.0, '2': 0.0, '3': 0.0, '4': 0.0}",1.0,R0Rq5fWOJ
1,政务发布,"{'1': 1.0, '2': 0.0, '3': 0.0, '4': 0.0}",0.8,R1sFN7oz8
4,公众反馈/举报,"{'1': 0.0, '2': 0.0, '3': 0.0, '4': 1.0}",0.0,R1tkniEjm
2,城市问题,"{'1': 0.0, '2': 1.0, '3': 0.0, '4': 0.0}",0.8,R1s7N50J7
1,政务发布,"{'1': 1.0, '2': 0.0, '3': 0.0, '4': 0.0}",0.8,R1umq4Kgo
1,政务发布,"{'1': 1.0, '2': 0.0, '3': 0.0, '4': 0.0}",0.0,R1s3YwjVs
1,政务发布,"{'1': 1.0, '2': 0.0, '3': 0.0, '4': 0.0}",1.0,R1sZskqvr
1,政务发布,"{'1': 1.0, '2': 0.0, '3': 0.0, '4': 0.0}",0.0,QFmQn2XHn
2,城市问题,"{'1': 0.0, '2': 0.8, '3': 0.0, '4': 0.2}",0.3,QFnBSwPwr
4,公众反馈/举报,"{'1': 0.0, '2': 0.0, '3': 0.0, '4': 1.0}",-0.3,QFlmwDfOk
1,政务发布,"{'1': 1.0, '2': 0.0, '3': 0.0, '4': 0.0}",0.5,QFkL7lt42
3,民生服务,"{'1': 0.0, '2': 0.0, '3': 1.0, '4': 0.0}",0.8,QFkaXFQzl
3,民生服务,"{'1': 0.0, '2': 0.0, '3': 1.0, '4': 0.0}",0.6,QFitL53v2
3,民生服务,"{'1': 0.0, '2': 0.0, '3': 1.0, '4': 0.0}",0.8,QFm4scu7l
3,民生服务,"{'1': 0.0, '2': 0.0, '3': 1.0, '4': 0.0}",0.0,QFmRZqnIU
2,城市问题,"{'1': 0.0, '2': 0.8, '3': 0.1, '4': 0.1}",-0.8,QFndHygZK
1,政务发布,"{'1': 1.0, '2': 0.0, '3': 0.0, '4': 0.0}",0.8,QFlhj4A1n
1,政务发布,"{'1': 1.0, '2': 0.0, '3': 0.0, '4': 0.0}",0.0,QFjVy5VWY
4,公众反馈/举报,"{'1': 0.0, '2': 0.0, '3': 0.0, '4': 1.0}",-0.2,QFl42BxPM
4,公众反馈/举报,"{'1': 0.0, '2': 0.0, '3': 0.0, '4': 1.0}",0.2,QFjYYa9UI
3,民生服务,"{'1': 0.2, '2': 0.0, '3': 0.8, '4': 0.0}",0.7,QFnxwpSw3
1,政务发布,"{'1': 1.0, '2': 0.0, '3': 0.0, '4': 0.0}",1.0,QFnuX5p85
1,政务发布,"{'1': 1.0, '2': 0.0, '3': 0.0, '4': 0.0}",0.8,QFi64ueE7
1,政务发布,"{'1': 1.0, '2': 0.0, '3': 0.0, '4': 0.0}",0.8,QFhZ9D60v
3,民生服务,"{'1': 0.0, '2': 0.0, '3': 1.0, '4': 0.0}",0.0,QFnauj9eT
4,公众反馈/举报,"{'1': 0.0, '2': 0.2, '3': 0.1, '4': 0.7}",-0.9,QFhCw8wRa
1,政务发布,"{'1': 1.0, '2': 0.0, '3': 0.0, '4': 0.0}",0.5,R0QHq8dnn
1,政务发布,"{'1': 1.0, '2': 0.0, '3': 0.0, '4': 0.0}",-0.3,R0TWMuqr1
4,公众反馈/举报,"{'1': 0.0, '2': 0.0, '3': 0.0, '4': 1.0}",0.0,R0VKPEiTl
3,民生服务,"{'1': 0.0, '2': 0.0, '3': 1.0, '4': 0.0}",0.0,R0RdVmmiz
4,公众反馈/举报,"{'1': 0.0, '2': 0.0, '3': 0.0, '4': 1.0}",0.0,R0QRAvLvA
4,公众反馈/举报,"{'1': 0.0, '2': 0.1, '3': 0.0, '4': 0.9}",-0.8,R251ep5J8
1,政务发布,"{'1': 1.0, '2': 0.0, '3': 0.0, '4': 0.0}",0.5,R273b074r
4,公众反馈/举报,"{'1': 0.0, '2': 0.0, '3': 0.0, '4': 1.0}",-0.5,R23XYyBtz
4,公众反馈/举报,"{'1': 0.0, '2': 0.0, '3': 0.0, '4': 1.0}",0.0,R24HUbYs5
1,政务发布,"{'1': 1.0, '2': 0.0, '3': 0.0, '4': 0.0}",1.0,R0SuS3bIv
4,公众反馈/举报,"{'1': 0.0, '2': 0.3, '3': 0.0, '4': 0.7}",-1.0,R0UqVphnU
4,公众反馈/举报,"{'1': 0.0, '2': 0.0, '3': 0.0, '4': 1.0}",0.0,R0V4M7uOR
3,民生服务,"{'1': 0.0, '2': 0.0, '3': 1.0, '4': 0.0}",1.0,R0RqC2VDQ
4,公众反馈/举报,"{'1': 0.0, '2': 0.0, '3': 0.0, '4': 1.0}",0.0,R0TPJaSDZ
4,公众反馈/举报,"{'1': 0.0, '2': 0.1, '3': 0.0, '4': 0.9}",-1.0,R0QZedr32
3,民生服务,"{'1': 0.0, '2': 0.0, '3': 1.0, '4': 0.0}",0.3,QFX439eDA
3,民生服务,"{'1': 0.0, '2': 0.0, '3': 1.0, '4': 0.0}",0.5,QFWi0ex8G
4,公众反馈/举报,"{'1': 0.0, '2': 0.0, '3': 0.0, '4': 1.0}",0.3,R0150Eknh
4,公众反馈/举报,"{'1': 0.0, '2': 0.0, '3': 0.0, '4': 1.0}",-0.3,R00JGEF6p
4,公众反馈/举报,"{'1': 0.0, '2': 0.0, '3': 0.0, '4': 1.0}",-0.5,QFXioxNkf
3,民生服务,"{'1': 0.0, '2': 0.0, '3': 1.0, '4': 0.0}",0.9,QFWWWw7vt
1,政务发布,"{'1': 1.0, '2': 0.0, '3': 0.0, '4': 0.0}",0.8,QFTpcidx2
4,公众反馈/举报,"{'1': 0.0, '2': 0.2, '3': 0.1, '4': 0.7}",-0.9,QFU7Vm1qf
2,城市问题,"{'1': 0.0, '2': 1.0, '3': 0.0, '4': 0.0}",0.6,R2jfc5zyS
1,政务发布,"{'1': 1.0, '2': 0.0, '3': 0.0, '4': 0.0}",0.8,R00UTz0jH
3,民生服务,"{'1': 0.2, '2': 0.0, '3': 0.8, '4': 0.0}",0.9,R00pD57jM
1,政务发布,"{'1': 1.0, '2': 0.0, '3': 0.0, '4': 0.0}",0.0,QFWimDzXF
4,公众反馈/举报,"{'1': 0.0, '2': 0.0, '3': 0.0, '4': 1.0}",0.0,QFX439eDA
3,民生服务,"{'1': 0.0, '2': 0.0, '3': 1.0, '4': 0.0}",0.8,QFWi0ex8G
4,公众反馈/举报,"{'1': 0.0, '2': 0.0, '3': 0.0, '4': 1.0}",0.2,R0150Eknh
4,公众反馈/举报,"{'1': 0.0, '2': 0.0, '3': 0.2, '4': 0.8}",0.0,R00JGEF6p
4,公众反馈/举报,"{'1': 0.0, '2': 0.0, '3': 0.0, '4': 1.0}",-0.5,QFXioxNkf
1,政务发布,"{'1': 1.0, '2': 0.0, '3': 0.0, '4': 0.0}",0.8,QFTpcidx2
3,民生服务,"{'1': 0.0, '2': 0.0, '3': 1.0, '4': 0.0}",0.9,QFWWWw7vt
4,公众反馈/举报,"{'1': 0.0, '2': 0.1, '3': 0.2, '4': 0.7}",-0.9,QFU7Vm1qf
1,政务发布,"{'1': 1.0, '2': 0.0, '3': 0.0, '4': 0.0}",0.8,R00UTz0jH
3,民生服务,"{'1': 0.0, '2': 0.0, '3': 1.0, '4': 0.0}",0.8,R00pD57jM
3,民生服务,"{'1': 0.0, '2': 0.0, '3': 1.0, '4': 0.0}",0.8,QFWimDzXF
1,政务发布,"{'1': 1.0, '2': 0.0, '3': 0.0, '4': 0.0}",0.9,QDWQLEBm5
2,城市问题,"{'1': 0.0, '2': 1.0, '3': 0.0, '4': 0.0}",-0.5,QDWRCtOh1
1,政务发布,"{'1': 1.0, '2': 0.0, '3': 0.0, '4': 0.0}",0.8,QDUZj8I8B
4,公众反馈/举报,"{'1': 0.0, '2': 0.0, '3': 0.3, '4': 0.7}",0.0,QDZGLdm0h
1,政务发布,"{'1': 1.0, '2': 0.0, '3': 0.0, '4': 0.0}",0.8,QDUZ9BOXW
1,政务发布,"{'1': 1.0, '2': 0.0, '3': 0.0, '4': 0.0}",0.8,QE0KvvYTA
1,政务发布,"{'1': 1.0, '2': 0.0, '3': 0.0, '4': 0.0}",0.8,QFmjiCDWu
1,政务发布,"{'1': 1.0, '2': 0.0, '3': 0.0, '4': 0.0}",0.0,QFk5cbyFt
3,民生服务,"{'1': 0.0, '2': 0.0, '3': 1.0, '4': 0.0}",0.0,QFnw219WX
1,政务发布,"{'1': 0.9, '2': 0.0, '3': 0.05, '4': 0.05}",0.8,QFk0O62tH
1,政务发布,"{'1': 1.0, '2': 0.0, '3': 0.0, '4': 0.0}",0.8,QFkNP8Cer
3,民生服务,"{'1': 0.1, '2': 0.0, '3': 0.9, '4': 0.0}",0.9,QFj0kbWH9
2,城市问题,"{'1': 0.0, '2': 1.0, '3': 0.0, '4': 0.0}",-0.3,QFlEfsNtB
3,民生服务,"{'1': 0.0, '2': 0.0, '3': 1.0, '4': 0.0}",0.8,QFrPiwHaO
1,政务发布,"{'1': 1.0, '2': 0.0, '3': 0.0, '4': 0.0}",0.0,QFkwLgR1A
1,政务发布,"{'1': 1.0, '2': 0.0, '3': 0.0, '4': 0.0}",1.0,QFvn1oKAt
1,政务发布,"{'1': 1.0, '2': 0.0, '3': 0.0, '4': 0.0}",0.8,QFvvV2CxS
1,政务发布,"{'1': 1.0, '2': 0.0, '3': 0.0, '4': 0.0}",0.8,R00s6iT5R
4,公众反馈/举报,"{'1': 0.0, '2': 0.0, '3': 0.0, '4': 1.0}",0.0,R00LS14Pr
1,政务发布,"{'1': 1.0, '2': 0.0, '3': 0.0, '4': 0.0}",0.0,QFWT03ntE
1,政务发布,"{'1': 1.0, '2': 0.0, '3': 0.0, '4': 0.0}",0.8,QFWhqdLpV
3,民生服务,"{'1': 0.2, '2': 0.0, '3': 0.8, '4': 0.0}",0.9,QFUrTjQCA
4,公众反馈/举报,"{'1': 0.0, '2': 0.3, '3': 0.2, '4': 0.5}",-0.6,R01pNxgwf
4,公众反馈/举报,"{'1': 0.0, '2': 0.0, '3': 0.0, '4': 1.0}",-1.0,R007pyTP4
4,公众反馈/举报,"{'1': 0.0, '2': 0.0, '3': 0.0, '4': 1.0}",-0.2,QFWEklMsV
1,政务发布,"{'1': 1.0, '2': 0.0, '3': 0.0, '4': 0.0}",0.8,QFWJ1DDqu
3,民生服务,"{'1': 0.0, '2': 0.0, '3': 1.0, '4': 0.0}",0.8,QFUadArCh
1,政务发布,"{'1': 1.0, '2': 0.0, '3': 0.0, '4': 0.0}",0.0,QFWcwrHzK
1,政务发布,"{'1': 1.0, '2': 0.0, '3': 0.0, '4': 0.0}",0.0,QFWT03ntE
1,政务发布,"{'1': 0.9, '2': 0.0, '3': 0.05, '4': 0.05}",0.8,R00s6iT5R
4,公众反馈/举报,"{'1': 0.0, '2': 0.0, '3': 0.0, '4': 1.0}",0.0,R00LS14Pr
3,民生服务,"{'1': 0.0, '2': 0.0, '3': 0.8, '4': 0.2}",0.8,QFWhqdLpV
3,民生服务,"{'1': 0.0, '2': 0.0, '3': 1.0, '4': 0.0}",0.9,QFUrTjQCA
4,公众反馈/举报,"{'1': 0.0, '2': 0.0, '3': 0.2, '4': 0.8}",-0.5,R01pNxgwf
4,公众反馈/举报,"{'1': 0.0, '2': 0.0, '3': 0.0, '4': 1.0}",-1.0,R007pyTP4
1,政务发布,"{'1': 1.0, '2': 0.0, '3': 0.0, '4': 0.0}",0.0,QFWJ1DDqu
4,公众反馈/举报,"{'1': 0.0, '2': 0.0, '3': 0.0, '4': 1.0}",-0.6,QFWEklMsV
3,民生服务,"{'1': 0.0, '2': 0.0, '3': 1.0, '4': 0.0}",0.8,QFUadArCh
3,民生服务,"{'1': 0.0, '2': 0.0, '3': 1.0, '4': 0.0}",0.8,QFWcwrHzK
4,公众反馈/举报,"{'1': 0.0, '2': 0.0, '3': 0.0, '4': 1.0}",-0.5,R05ifDMt4
3,民生服务,"{'1': 0.0, '2': 0.0, '3': 1.0, '4': 0.0}",0.3,R02kDv7Az
4,公众反馈/举报,"{'1': 0.0, '2': 0.0, '3': 0.0, '4': 1.0}",-0.5,R05AHDC8E
4,公众反馈/举报,"{'1': 0.0, '2': 0.0, '3': 0.0, '4': 1.0}",0.8,R0eFsBop8
1,政务发布,"{'1': 1.0, '2': 0.0, '3': 0.0, '4': 0.0}",0.5,R0eBCgthH
3,民生服务,"{'1': 0.3, '2': 0.0, '3': 0.7, '4': 0.0}",0.6,R0hLTnDeQ
3,民生服务,"{'1': 0.0, '2': 0.0, '3': 1.0, '4': 0.0}",0.8,R0hnMCHfE
1,政务发布,"{'1': 0.9, '2': 0.0, '3': 0.1, '4': 0.0}",0.85,R0f2ovU5b
1,政务发布,"{'1': 1.0, '2': 0.0, '3': 0.0, '4': 0.0}",0.8,R0hWXdU4s
4,公众反馈/举报,"{'1': 0.0, '2': 0.0, '3': 0.0, '4': 1.0}",0.9,R0eFsBop8
3,民生服务,"{'1': 0.0, '2': 0.0, '3': 1.0, '4': 0.0}",0.8,R0hLTnDeQ
2,城市问题,"{'1': 0.0, '2': 1.0, '3': 0.0, '4': 0.0}",0.9,R0fvFtYP3
1,政务发布,"{'1': 1.0, '2': 0.0, '3': 0.0, '4': 0.0}",0.5,R0eBCgthH
1,政务发布,"{'1': 1.0, '2': 0.0, '3': 0.0, '4': 0.0}",0.8,R0f2ovU5b
1,政务发布,"{'1': 1.0, '2': 0.0, '3': 0.0, '4': 0.0}",0.8,R0hnMCHfE
1,政务发布,"{'1': 1.0, '2': 0.0, '3': 0.0, '4': 0.0}",0.9,R0fvFtYP3
4,公众反馈/举报,"{'1': 0.0, '2': 0.0, '3': 0.0, '4': 1.0}",0.5,QEHxdirYq
1,政务发布,"{'1': 1.0, '2': 0.0, '3': 0.0, '4': 0.0}",0.5,R0hWXdU4s
4,公众反馈/举报,"{'1': 0.0, '2': 0.0, '3': 0.0, '4': 1.0}",0.5,QEJtL3CkC
4,公众反馈/举报,"{'1': 0.0, '2': 0.0, '3': 0.0, '4': 1.0}",-0.9,QEKcTtLkN
1,政务发布,"{'1': 1.0, '2': 0.0, '3': 0.0, '4': 0.0}",0.6,QFTr1c2YY
4,公众反馈/举报,"{'1': 0.0, '2': 0.0, '3': 0.0, '4': 1.0}",-1.0,R000rv3CT
1,政务发布,"{'1': 1.0, '2': 0.0, '3': 0.0, '4': 0.0}",0.5,R01hWhnQ4
4,公众反馈/举报,"{'1': 0.0, '2': 0.0, '3': 0.0, '4': 1.0}",-1.0,QFXoYtqQC
1,政务发布,"{'1': 1.0, '2': 0.0, '3': 0.0, '4': 0.0}",0.5,QFXqDFnNT
1,政务发布,"{'1': 1.0, '2': 0.0, '3': 0.0, '4': 0.0}",0.8,QFWQwEmhe
1,政务发布,"{'1': 1.0, '2': 0.0, '3': 0.0, '4': 0.0}",0.8,QFWhJ9Adr
4,公众反馈/举报,"{'1': 0.0, '2': 0.0, '3': 0.0, '4': 1.0}",0.0,R01A1EKWl
4,公众反馈/举报,"{'1': 0.0, '2': 0.1, '3': 0.0, '4': 0.9}",-1.0,R000rv3CT
4,公众反馈/举报,"{'1': 0.0, '2': 0.0, '3': 0.0, '4': 1.0}",-1.0,QFXdRtKaY
1,政务发布,"{'1': 1.0, '2': 0.0, '3': 0.0, '4': 0.0}",0.0,R01hWhnQ4
1,政务发布,"{'1': 1.0, '2': 0.0, '3': 0.0, '4': 0.0}",0.5,QFTr1c2YY
1,政务发布,"{'1': 1.0, '2': 0.0, '3': 0.0, '4': 0.0}",0.8,QFWhJ9Adr
1,政务发布,"{'1': 1.0, '2': 0.0, '3': 0.0, '4': 0.0}",0.5,QFXqDFnNT
4,公众反馈/举报,"{'1': 0.0, '2': 0.2, '3': 0.2, '4': 0.6}",-0.9,QFXoYtqQC
1,政务发布,"{'1': 1.0, '2': 0.0, '3': 0.0, '4': 0.0}",0.8,QFWQwEmhe
4,公众反馈/举报,"{'1': 0.0, '2': 0.0, '3': 0.0, '4': 1.0}",-1.0,QFXdRtKaY
4,公众反馈/举报,"{'1': 0.0, '2': 0.0, '3': 0.0, '4': 1.0}",0.0,R01A1EKWl
4,公众反馈/举报,"{'1': 0.0, '2': 0.0, '3': 0.0, '4': 1.0}",-0.2,R24thEU5p
3,民生服务,"{'1': 0.0, '2': 0.0, '3': 1.0, '4': 0.0}",0.0,R24k6uATd
4,公众反馈/举报,"{'1': 0.0, '2': 0.0, '3': 0.0, '4': 1.0}",0.0,R25Mpsw8h
1,政务发布,"{'1': 1.0, '2': 0.0, '3': 0.0, '4': 0.0}",0.5,R24RodIjt
4,公众反馈/举报,"{'1': 0.0, '2': 0.3, '3': 0.2, '4': 0.5}",-0.8,R0UTdw6nG
1,政务发布,"{'1': 1.0, '2': 0.0, '3': 0.0, '4': 0.0}",-0.8,R0VJwpVlp
4,公众反馈/举报,"{'1': 0.0, '2': 0.3, '3': 0.0, '4': 0.7}",-0.9,R0VkWoMLF
1,政务发布,"{'1': 1.0, '2': 0.0, '3': 0.0, '4': 0.0}",0.0,R0VComA4p
4,公众反馈/举报,"{'1': 0.0, '2': 0.0, '3': 0.0, '4': 1.0}",0.5,R0V2oh7Wp
4,公众反馈/举报,"{'1': 0.0, '2': 0.0, '3': 0.0, '4': 1.0}",0.3,R0VIn3hGo
2,城市问题,"{'1': 0.0, '2': 0.8, '3': 0.0, '4': 0.2}",-0.6,R0WtQzGT0
3,民生服务,"{'1': 0.0, '2': 0.0, '3': 1.0, '4': 0.0}",0.6,R1iXid5la
1,政务发布,"{'1': 1.0, '2': 0.0, '3': 0.0, '4': 0.0}",0.0,R0TQho5Sd
1,政务发布,"{'1': 1.0, '2': 0.0, '3': 0.0, '4': 0.0}",0.5,R1jI60pYx
1,政务发布,"{'1': 1.0, '2': 0.0, '3': 0.0, '4': 0.0}",1.0,R1j4V3HBc
4,公众反馈/举报,"{'1': 0.0, '2': 0.0, '3': 0.0, '4': 1.0}",-0.5,R027UlbGa
2,城市问题,"{'1': 0.0, '2': 1.0, '3': 0.0, '4': 0.0}",0.5,R08FAoQLn
1,政务发布,"{'1': 1.0, '2': 0.0, '3': 0.0, '4': 0.0}",0.8,R1iLk5r2a
2,城市问题,"{'1': 0.0, '2': 1.0, '3': 0.0, '4': 0.0}",0.0,R03tNvIMM
4,公众反馈/举报,"{'1': 0.0, '2': 0.0, '3': 0.0, '4': 1.0}",0.5,R0VyLbEUE
1,政务发布,"{'1': 1.0, '2': 0.0, '3': 0.0, '4': 0.0}",0.8,R0TY6kt2d
4,公众反馈/举报,"{'1': 0.0, '2': 0.0, '3': 0.0, '4': 1.0}",-0.5,R0UWOcy5u
4,公众反馈/举报,"{'1': 0.0, '2': 0.0, '3': 0.0, '4': 1.0}",0.0,R0q7v6oRQ
1,政务发布,"{'1': 1.0, '2': 0.0, '3': 0.0, '4': 0.0}",0.8,R0SH311HK
1,政务发布,"{'1': 1.0, '2': 0.0, '3': 0.0, '4': 0.0}",1.0,R0VdbDREc
3,民生服务,"{'1': 0.0, '2': 0.0, '3': 1.0, '4': 0.0}",0.0,R0VIYpVpH
4,公众反馈/举报,"{'1': 0.0, '2': 0.0, '3': 0.0, '4': 1.0}",0.0,R0W7qp0OW
4,公众反馈/举报,"{'1': 0.0, '2': 0.2, '3': 0.1, '4': 0.7}",-0.9,R0RGv9MhR
4,公众反馈/举报,"{'1': 0.0, '2': 0.0, '3': 0.0, '4': 1.0}",0.0,R0Wr30YtS
4,公众反馈/举报,"{'1': 0.0, '2': 0.0, '3': 0.0, '4': 1.0}",0.0,R0WllvNzf
4,公众反馈/举报,"{'1': 0.0, '2': 0.0, '3': 0.0, '4': 1.0}",-0.9,R0Wo2xouR
4,公众反馈/举报,"{'1': 0.0, '2': 0.0, '3': 0.0, '4': 1.0}",0.2,R0TlFrkvx
3,民生服务,"{'1': 0.0, '2': 0.0, '3': 1.0, '4': 0.0}",0.9,R0UVn2LaE
1,政务发布,"{'1': 1.0, '2': 0.0, '3': 0.0, '4': 0.0}",0.0,R0UWcdbQQ
4,公众反馈/举报,"{'1': 0.0, '2': 0.3, '3': 0.2, '4': 0.5}",-0.6,R1Pp3xa2V
1,政务发布,"{'1': 1.0, '2': 0.0, '3': 0.0, '4': 0.0}",0.5,R1OYQ7FNt
1,政务发布,"{'1': 1.0, '2': 0.0, '3': 0.0, '4': 0.0}",0.8,R2hfScYRL
4,公众反馈/举报,"{'1': 0.0, '2': 0.0, '3': 0.0, '4': 1.0}",-1.0,R2gzk0zfl
4,公众反馈/举报,"{'1': 0.0, '2': 0.0, '3': 0.0, '4': 1.0}",-0.3,R1O1SpFlf
4,公众反馈/举报,"{'1': 0.0, '2': 0.0, '3': 0.0, '4': 1.0}",-0.5,R2cLacDGk
1,政务发布,"{'1': 1.0, '2': 0.0, '3': 0.0, '4': 0.0}",1.0,R2geQnis7
1,政务发布,"{'1': 1.0, '2': 0.0, '3': 0.0, '4': 0.0}",1.0,R2fR3jL6O
4,公众反馈/举报,"{'1': 0.0, '2': 0.0, '3': 0.0, '4': 1.0}",-0.5,R2jeYfwHx
4,公众反馈/举报,"{'1': 0.0, '2': 0.0, '3': 0.0, '4': 1.0}",0.0,R2gwGzTAt
4,公众反馈/举报,"{'1': 0.0, '2': 0.0, '3': 0.0, '4': 1.0}",0.0,R1xRr9FJH
1,政务发布,"{'1': 1.0, '2': 0.0, '3': 0.0, '4': 0.0}",0.9,R2hBQvtXG
3,民生服务,"{'1': 0.0, '2': 0.0, '3': 1.0, '4': 0.0}",0.8,R2hflbIUG
4,公众反馈/举报,"{'1': 0.0, '2': 0.0, '3': 0.0, '4': 1.0}",-1.0,R2jkC7l4K
3,民生服务,"{'1': 0.2, '2': 0.0, '3': 0.8, '4': 0.0}",0.9,R2hjb42Cn
1,政务发布,"{'1': 1.0, '2': 0.0, '3': 0.0, '4': 0.0}",1.0,R2gvcw3k6
1,政务发布,"{'1': 0.9, '2': 0.0, '3': 0.1, '4': 0.0}",0.8,R2dKJ1DXj
1,政务发布,"{'1': 1.0, '2': 0.0, '3': 0.0, '4': 0.0}",0.5,R2eABmUq6
4,公众反馈/举报,"{'1': 0.0, '2': 0.0, '3': 0.0, '4': 1.0}",-0.8,R2fv6c6k0
1,政务发布,"{'1': 1.0, '2': 0.0, '3': 0.0, '4': 0.0}",0.8,R2h6NvpHl
1,政务发布,"{'1': 1.0, '2': 0.0, '3': 0.0, '4': 0.0}",0.0,R2eD2bHFo
4,公众反馈/举报,"{'1': 0.0, '2': 0.0, '3': 0.0, '4': 1.0}",-0.8,R2i1XcQ8r
1,政务发布,"{'1': 1.0, '2': 0.0, '3': 0.0, '4': 0.0}",0.8,R2iGM5awx
4,公众反馈/举报,"{'1': 0.0, '2': 0.0, '3': 0.0, '4': 1.0}",-0.9,R2iBo8A6f
1,政务发布,"{'1': 1.0, '2': 0.0, '3': 0.0, '4': 0.0}",1.0,R2hIMqSFV
1,政务发布,"{'1': 1.0, '2': 0.0, '3': 0.0, '4': 0.0}",0.0,R2hfL7wzq
1,政务发布,"{'1': 1.0, '2': 0.0, '3': 0.0, '4': 0.0}",0.8,R2e5ogKnD
4,公众反馈/举报,"{'1': 0.0, '2': 0.0, '3': 0.0, '4': 1.0}",-0.9,R2gChzSQz
4,公众反馈/举报,"{'1': 0.0, '2': 0.0, '3': 0.0, '4': 1.0}",-0.8,R2gCJBXNQ
1,政务发布,"{'1': 1.0, '2': 0.0, '3': 0.0, '4': 0.0}",0.0,R2gPlr22c
4,公众反馈/举报,"{'1': 0.0, '2': 0.0, '3': 0.0, '4': 1.0}",0.5,R24eyzBIn
2,城市问题,"{'1': 0.2, '2': 0.8, '3': 0.0, '4': 0.0}",0.6,QF18LF3gF
4,公众反馈/举报,"{'1': 0.0, '2': 0.0, '3': 0.0, '4': 1.0}",0.8,QF2Xfv9MW
1,政务发布,"{'1': 1.0, '2': 0.0, '3': 0.0, '4': 0.0}",0.8,R24BLz3Wb
4,公众反馈/举报,"{'1': 0.0, '2': 0.0, '3': 0.0, '4': 1.0}",0.0,R0T2Dj0nX
1,政务发布,"{'1': 1.0, '2': 0.0, '3': 0.0, '4': 0.0}",0.8,R0VubvaFe
1,政务发布,"{'1': 1.0, '2': 0.0, '3': 0.0, '4': 0.0}",0.0,R0TzXnNMO
1,政务发布,"{'1': 1.0, '2': 0.0, '3': 0.0, '4': 0.0}",0.0,R0W7Xd58M
1,政务发布,"{'1': 1.0, '2': 0.0, '3': 0.0, '4': 0.0}",0.8,R0VNLfiLC
4,公众反馈/举报,"{'1': 0.0, '2': 0.0, '3': 0.0, '4': 1.0}",-0.9,R0Vdbymrm
4,公众反馈/举报,"{'1': 0.0, '2': 0.0, '3': 0.0, '4': 1.0}",0.0,R0U0WB7Sh
1,政务发布,"{'1': 1.0, '2': 0.0, '3': 0.0, '4': 0.0}",0.5,R2hZDxWlZ
1,政务发布,"{'1': 1.0, '2': 0.0, '3': 0.0, '4': 0.0}",0.5,R2fFcqnbc
4,公众反馈/举报,"{'1': 0.0, '2': 0.0, '3': 0.0, '4': 1.0}",-0.9,R2gqVcc4X
4,公众反馈/举报,"{'1': 0.0, '2': 0.0, '3': 0.0, '4': 1.0}",-1.0,R2gtsFOCt
1,政务发布,"{'1': 1.0, '2': 0.0, '3': 0.0, '4': 0.0}",0.9,R2gt9p6xs
4,公众反馈/举报,"{'1': 0.0, '2': 0.0, '3': 0.0, '4': 1.0}",0.0,R2dEkFDo0
3,民生服务,"{'1': 0.0, '2': 0.0, '3': 0.0, '4': 1.0}",0.0,R00ZYzLK8
4,公众反馈/举报,"{'1': 0.0, '2': 0.0, '3': 0.0, '4': 1.0}",-0.9,R0081DM9z
4,公众反馈/举报,"{'1': 0.0, '2': 0.0, '3': 0.0, '4': 1.0}",-0.9,R00dHalTB
1,政务发布,"{'1': 1.0, '2': 0.0, '3': 0.0, '4': 0.0}",0.5,QFVOD6rk3
4,公众反馈/举报,"{'1': 0.0, '2': 0.0, '3': 0.0, '4': 1.0}",-1.0,R01hnd8ad
3,民生服务,"{'1': 0.0, '2': 0.2, '3': 0.8, '4': 0.0}",0.5,QFVKsjIgu
2,城市问题,"{'1': 0.0, '2': 0.9, '3': 0.0, '4': 0.1}",-0.8,R00GEoRcS
1,政务发布,"{'1': 1.0, '2': 0.0, '3': 0.0, '4': 0.0}",0.8,R01x82ATn
4,公众反馈/举报,"{'1': 0.0, '2': 0.0, '3': 0.0, '4': 1.0}",0.0,R00ZYzLK8
4,公众反馈/举报,"{'1': 0.0, '2': 0.0, '3': 0.0, '4': 1.0}",-1.0,R00dHalTB
1,政务发布,"{'1': 1.0, '2': 0.0, '3': 0.0, '4': 0.0}",0.5,QFVOD6rk3
4,公众反馈/举报,"{'1': 0.0, '2': 0.0, '3': 0.0, '4': 1.0}",-0.8,R0081DM9z
3,民生服务,"{'1': 0.0, '2': 0.0, '3': 1.0, '4': 0.0}",0.8,QFVKsjIgu
1,政务发布,"{'1': 1.0, '2': 0.0, '3': 0.0, '4': 0.0}",0.8,R01x82ATn
4,公众反馈/举报,"{'1': 0.0, '2': 0.0, '3': 0.0, '4': 1.0}",-0.8,R00GEoRcS
4,公众反馈/举报,"{'1': 0.0, '2': 0.0, '3': 0.0, '4': 1.0}",-0.9,R01hnd8ad
3,民生服务,"{'1': 0.0, '2': 0.0, '3': 1.0, '4': 0.0}",0.8,R1lH9AqHG
1,政务发布,"{'1': 1.0, '2': 0.0, '3': 0.0, '4': 0.0}",0.8,R1kZgDDtK
4,公众反馈/举报,"{'1': 0.0, '2': 0.0, '3': 0.0, '4': 1.0}",0.0,R1ja4ueWe
4,公众反馈/举报,"{'1': 0.0, '2': 0.2, '3': 0.0, '4': 0.8}",-0.9,QEoN7l3PZ
1,政务发布,"{'1': 1.0, '2': 0.0, '3': 0.0, '4': 0.0}",0.9,QEs1GeTJl
1,政务发布,"{'1': 1.0, '2': 0.0, '3': 0.0, '4': 0.0}",0.1,QEra8s2Hd
4,公众反馈/举报,"{'1': 0.0, '2': 0.0, '3': 0.0, '4': 1.0}",-0.9,QEoP9cMGF
1,政务发布,"{'1': 1.0, '2': 0.0, '3': 0.0, '4': 0.0}",0.5,QEt8sxWCd
1,政务发布,"{'1': 1.0, '2': 0.0, '3': 0.0, '4': 0.0}",0.8,QEpCg6HTq
1,政务发布,"{'1': 1.0, '2': 0.0, '3': 0.0, '4': 0.0}",1.0,QEnWTpm8v
1,政务发布,"{'1': 1.0, '2': 0.0, '3': 0.0, '4': 0.0}",0.9,QEpHL7FHZ
4,公众反馈/举报,"{'1': 0.0, '2': 0.0, '3': 0.0, '4': 1.0}",0.5,R1lLHhfe9
4,公众反馈/举报,"{'1': 0.0, '2': 0.1, '3': 0.0, '4': 0.9}",-0.9,R1kq7npu7
1,政务发布,"{'1': 1.0, '2': 0.0, '3': 0.0, '4': 0.0}",0.8,R06u4eOJb
4,公众反馈/举报,"{'1': 0.0, '2': 0.0, '3': 0.0, '4': 1.0}",1.0,R05pXwT1T
3,民生服务,"{'1': 0.0, '2': 0.0, '3': 1.0, '4': 0.0}",0.8,R06hVjW5x
3,民生服务,"{'1': 0.0, '2': 0.0, '3': 1.0, '4': 0.0}",0.3,R08yKEAQj
3,民生服务,"{'1': 0.0, '2': 0.0, '3': 1.0, '4': 0.0}",0.9,R1k2xzqsg
3,民生服务,"{'1': 0.0, '2': 0.0, '3': 1.0, '4': 0.0}",0.9,R06kGgvsX
1,政务发布,"{'1': 1.0, '2': 0.0, '3': 0.0, '4': 0.0}",0.9,R07OjFQNK
3,民生服务,"{'1': 0.0, '2': 0.0, '3': 1.0, '4': 0.0}",0.9,R07oGmEdg
1,政务发布,"{'1': 1.0, '2': 0.0, '3': 0.0, '4': 0.0}",-0.3,R07WAuppV
3,民生服务,"{'1': 0.0, '2': 0.0, '3': 1.0, '4': 0.0}",0.9,R07IjuuT7
1,政务发布,"{'1': 1.0, '2': 0.0, '3': 0.0, '4': 0.0}",0.5,R098A1uaF
4,公众反馈/举报,"{'1': 0.0, '2': 0.0, '3': 0.0, '4': 1.0}",-0.7,R05cpdAxy
4,公众反馈/举报,"{'1': 0.0, '2': 0.0, '3': 0.0, '4': 1.0}",0.0,R02nzoNjM
3,民生服务,"{'1': 0.0, '2': 0.0, '3': 1.0, '4': 0.0}",0.0,R025PhPom
4,公众反馈/举报,"{'1': 0.0, '2': 0.0, '3': 0.0, '4': 1.0}",-0.5,R0UsgaKNQ
4,公众反馈/举报,"{'1': 0.0, '2': 0.0, '3': 0.0, '4': 1.0}",-1.0,R0UgHdmFt
4,公众反馈/举报,"{'1': 0.0, '2': 0.0, '3': 0.0, '4': 1.0}",0.0,R0Vho8F5O
4,公众反馈/举报,"{'1': 0.0, '2': 0.0, '3': 0.0, '4': 1.0}",0.2,R0Wrp1O2s
2,城市问题,"{'1': 0.0, '2': 1.0, '3': 0.0, '4': 0.0}",0.0,R0V1YzBSR
4,公众反馈/举报,"{'1': 0.0, '2': 0.0, '3': 0.0, '4': 1.0}",0.0,R25NmsRJC
1,政务发布,"{'1': 1.0, '2': 0.0, '3': 0.0, '4': 0.0}",1.0,R24NN94A6
2,城市问题,"{'1': 0.0, '2': 1.0, '3': 0.0, '4': 0.0}",0.2,R245poYIz
1,政务发布,"{'1': 1.0, '2': 0.0, '3': 0.0, '4': 0.0}",0.85,R246p1KGV
4,公众反馈/举报,"{'1': 0.0, '2': 0.0, '3': 0.0, '4': 1.0}",0.0,R1z7l6vLp
1,政务发布,"{'1': 1.0, '2': 0.0, '3': 0.0, '4': 0.0}",0.2,R1F4qFwIK
2,城市问题,"{'1': 0.0, '2': 0.0, '3': 0.0, '4': 1.0}",0.0,R24dz5RQJ
2,城市问题,"{'1': 0.0, '2': 1.0, '3': 0.0, '4': 0.0}",-0.3,R1clnl74J
4,公众反馈/举报,"{'1': 0.0, '2': 0.0, '3': 0.0, '4': 1.0}",0.0,R1dZT2guo
4,公众反馈/举报,"{'1': 0.0, '2': 0.0, '3': 0.0, '4': 1.0}",0.0,R1cwffykp
4,公众反馈/举报,"{'1': 0.0, '2': 0.0, '3': 0.0, '4': 1.0}",0.0,QFmy36cBN
4,公众反馈/举报,"{'4': 1.0, '1': 0.0, '2': 0.0, '3': 0.0}",-0.9,QFmMW5uNG
1,政务发布,"{'1': 1.0, '2': 0.0, '3': 0.0, '4': 0.0}",0.8,QFkeYpMMd
4,公众反馈/举报,"{'1': 0.0, '2': 0.0, '3': 0.0, '4': 1.0}",0.0,QFnF7DVNR
4,公众反馈/举报,"{'1': 0.0, '2': 0.0, '3': 0.0, '4': 1.0}",-0.9,QFllloEJz
1,政务发布,"{'1': 1.0, '2': 0.0, '3': 0.0, '4': 0.0}",0.9,QFkKH2AXD
3,民生服务,"{'1': 0.0, '2': 0.0, '3': 1.0, '4': 0.0}",0.9,QFjKcgmuA
4,公众反馈/举报,"{'1': 0.0, '2': 0.0, '3': 0.0, '4': 1.0}",-1.0,QFWVvbiYd
3,民生服务,"{'1': 0.0, '2': 0.0, '3': 1.0, '4': 0.0}",0.8,R01it13GI
1,政务发布,"{'1': 1.0, '2': 0.0, '3': 0.0, '4': 0.0}",0.8,QFW4E26vm
4,公众反馈/举报,"{'1': 0.0, '2': 0.0, '3': 0.0, '4': 1.0}",0.0,QFTJF9X2y
4,公众反馈/举报,"{'1': 0.0, '2': 0.0, '3': 0.0, '4': 1.0}",-1.0,QFWVvbiYd
1,政务发布,"{'1': 1.0, '2': 0.0, '3': 0.0, '4': 0.0}",0.8,R00xKA0Ts
4,公众反馈/举报,"{'1': 0.2, '2': 0.1, '3': 0.1, '4': 0.6}",0.5,QFTJF9X2y
1,政务发布,"{'1': 1.0, '2': 0.0, '3': 0.0, '4': 0.0}",0.9,QFW4E26vm
4,公众反馈/举报,"{'1': 0.0, '2': 0.0, '3': 0.3, '4': 0.7}",0.2,QFTnv2bJH
2,城市问题,"{'1': 0.0, '2': 1.0, '3': 0.0, '4': 0.0}",-0.3,R06kqfMZx
1,政务发布,"{'1': 1.0, '2': 0.0, '3': 0.0, '4': 0.0}",0.5,R00xKA0Ts
3,民生服务,"{'1': 0.0, '2': 0.0, '3': 1.0, '4': 0.0}",0.8,R01it13GI
3,民生服务,"{'1': 0.0, '2': 0.0, '3': 1.0, '4': 0.0}",0.5,QFTnv2bJH
4,公众反馈/举报,"{'1': 0.0, '2': 0.0, '3': 0.0, '4': 1.0}",-0.6,R06Nbwe9c
4,公众反馈/举报,"{'1': 0.0, '2': 0.0, '3': 0.0, '4': 1.0}",0.0,R04Vt1QBr
1,政务发布,"{'1': 1.0, '2': 0.0, '3': 0.0, '4': 0.0}",0.8,R05kfy1Pm
4,公众反馈/举报,"{'1': 0.0, '2': 0.0, '3': 0.0, '4': 1.0}",-0.9,R08Hj5mDo
4,公众反馈/举报,"{'1': 0.0, '2': 0.4, '3': 0.0, '4': 0.6}",-0.8,R08GAs2vh
4,公众反馈/举报,"{'1': 0.0, '2': 0.0, '3': 0.0, '4': 1.0}",-1.0,R06wPsWZf
1,政务发布,"{'1': 1.0, '2': 0.0, '3': 0.0, '4': 0.0}",0.9,R05ZRcVk2
3,民生服务,"{'1': 0.3, '2': 0.0, '3': 0.7, '4': 0.0}",0.8,R08aTnpDY
2,城市问题,"{'1': 0.0, '2': 1.0, '3': 0.0, '4': 0.0}",-0.8,QFmf6CRXn
1,政务发布,"{'1': 1.0, '2': 0.0, '3': 0.0, '4': 0.0}",0.6,R07HWx6D8
1,政务发布,"{'1': 1.0, '2': 0.0, '3': 0.0, '4': 0.0}",0.5,QFmTz535z
1,政务发布,"{'1': 1.0, '2': 0.0, '3': 0.0, '4': 0.0}",0.2,QFkrTdYMl
4,公众反馈/举报,"{'1': 0.0, '2': 0.0, '3': 0.0, '4': 1.0}",0.5,QFlZHkzyS
1,政务发布,"{'1': 1.0, '2': 0.0, '3': 0.0, '4': 0.0}",0.8,QFlvM5RkH
1,政务发布,"{'1': 1.0, '2': 0.0, '3': 0.0, '4': 0.0}",0.8,QFmIY4zCB
1,政务发布,"{'1': 1.0, '2': 0.0, '3': 0.0, '4': 0.0}",1.0,QFkAxo7VC
3,民生服务,"{'1': 0.0, '2': 0.0, '3': 1.0, '4': 0.0}",0.8,QFldkD0MH
4,公众反馈/举报,"{'1': 0.0, '2': 0.0, '3': 0.0, '4': 1.0}",0.0,QFh65aeYf
4,公众反馈/举报,"{'1': 0.0, '2': 0.1, '3': 0.0, '4': 0.9}",-0.6,QFnhmbSwo
4,公众反馈/举报,"{'1': 0.0, '2': 0.0, '3': 0.0, '4': 1.0}",-0.9,QFmVN6VAk
4,公众反馈/举报,"{'1': 0.0, '2': 0.4, '3': 0.1, '4': 0.5}",-1.0,QFjM0gWpN
4,公众反馈/举报,"{'1': 0.0, '2': 0.0, '3': 0.0, '4': 1.0}",-0.5,QFm1ggYOl
4,公众反馈/举报,"{'1': 0.0, '2': 0.0, '3': 0.0, '4': 1.0}",-1.0,QFlDG6Wkx
4,公众反馈/举报,"{'1': 0.0, '2': 0.0, '3': 0.0, '4': 1.0}",0.5,R26PQzV27
3,民生服务,"{'1': 0.0, '2': 0.0, '3': 1.0, '4': 0.0}",0.8,R24IHhfeq
4,公众反馈/举报,"{'1': 0.0, '2': 0.0, '3': 0.0, '4': 1.0}",0.3,R27ySj1YE
4,公众反馈/举报,"{'1': 0.0, '2': 0.1, '3': 0.2, '4': 0.7}",0.2,R1Og4fm18
3,民生服务,"{'1': 0.0, '2': 0.0, '3': 1.0, '4': 0.0}",0.8,R1Qjq76PY
1,政务发布,"{'1': 1.0, '2': 0.0, '3': 0.0, '4': 0.0}",0.9,QFWhIssQy
1,政务发布,"{'1': 1.0, '2': 0.0, '3': 0.0, '4': 0.0}",0.8,R1R0RbJqs
3,民生服务,"{'1': 0.0, '2': 0.0, '3': 1.0, '4': 0.0}",0.5,QFXgLvqtG
3,民生服务,"{'1': 0.0, '2': 0.0, '3': 1.0, '4': 0.0}",0.5,QFWXVDSiI
1,政务发布,"{'1': 1.0, '2': 0.0, '3': 0.0, '4': 0.0}",1.0,QFTfhvQaj
1,政务发布,"{'1': 1.0, '2': 0.0, '3': 0.0, '4': 0.0}",0.8,R00lYy6Q0
4,公众反馈/举报,"{'1': 0.0, '2': 0.0, '3': 0.2, '4': 0.8}",-1.0,R00Oaye1g
4,公众反馈/举报,"{'1': 0.0, '2': 0.0, '3': 0.0, '4': 1.0}",-0.8,R00B3FmeG
3,民生服务,"{'1': 0.1, '2': 0.0, '3': 0.9, '4': 0.0}",0.8,QFTJrydN8
4,公众反馈/举报,"{'1': 0.1, '2': 0.2, '3': 0.0, '4': 0.7}",-0.3,QFVwkaDmX
1,政务发布,"{'1': 1.0, '2': 0.0, '3': 0.0, '4': 0.0}",0.8,R00iqqNj2
4,公众反馈/举报,"{'1': 0.0, '2': 0.0, '3': 0.0, '4': 1.0}",0.0,R01JQ9nUg
3,民生服务,"{'1': 0.0, '2': 0.0, '3': 1.0, '4': 0.0}",0.5,QFXgLvqtG
1,政务发布,"{'1': 1.0, '2': 0.0, '3': 0.0, '4': 0.0}",0.5,QFWhIssQy
3,民生服务,"{'1': 0.1, '2': 0.0, '3': 0.9, '4': 0.0}",0.5,QFWXVDSiI
1,政务发布,"{'1': 1.0, '2': 0.0, '3': 0.0, '4': 0.0}",1.0,R00lYy6Q0
1,政务发布,"{'1': 1.0, '2': 0.0, '3': 0.0, '4': 0.0}",0.8,QFTfhvQaj
4,公众反馈/举报,"{'1': 0.0, '2': 0.0, '3': 0.0, '4': 1.0}",-1.0,R00Oaye1g
2,城市问题,"{'1': 0.0, '2': 0.8, '3': 0.1, '4': 0.1}",-0.3,R00B3FmeG
3,民生服务,"{'1': 0.1, '2': 0.0, '3': 0.7, '4': 0.2}",0.2,QFVwkaDmX
4,公众反馈/举报,"{'1': 0.0, '2': 0.0, '3': 0.0, '4': 1.0}",0.0,R01JQ9nUg
1,政务发布,"{'1': 1.0, '2': 0.0, '3': 0.0, '4': 0.0}",0.8,QFTJrydN8
1,政务发布,"{'1': 1.0, '2': 0.0, '3': 0.0, '4': 0.0}",0.8,R00iqqNj2
2,城市问题,"{'1': 0.0, '2': 1.0, '3': 0.0, '4': 0.0}",-0.8,R2idwAFfO
1,政务发布,"{'1': 1.0, '2': 0.0, '3': 0.0, '4': 0.0}",0.95,R2iwQaarH
4,公众反馈/举报,"{'1': 0.0, '2': 0.5, '3': 0.0, '4': 0.5}",-0.6,R2hfzmEht
3,民生服务,"{'1': 0.0, '2': 0.0, '3': 1.0, '4': 0.0}",0.8,R2gGdlJB6
1,政务发布,"{'1': 1.0, '2': 0.0, '3': 0.0, '4': 0.0}",0.0,R2hfM6fpM
3,民生服务,"{'1': 0.0, '2': 0.0, '3': 1.0, '4': 0.0}",0.5,R2gTXATL3
3,民生服务,"{'1': 0.0, '2': 0.0, '3': 1.0, '4': 0.0}",0.8,R2fEK07DT
4,公众反馈/举报,"{'1': 0.0, '2': 0.0, '3': 0.0, '4': 1.0}",0.0,R2eBQARNl
1,政务发布,"{'1': 1.0, '2': 0.0, '3': 0.0, '4': 0.0}",0.95,R2ecw6TIP
4,公众反馈/举报,"{'1': 0.0, '2': 0.0, '3': 0.0, '4': 1.0}",-1.0,R2cQlgQBA
4,公众反馈/举报,"{'1': 0.0, '2': 0.0, '3': 0.0, '4': 1.0}",0.0,R1zcT85GE
3,民生服务,"{'1': 0.0, '2': 0.0, '3': 1.0, '4': 0.0}",0.8,R1FfmhHPs
4,公众反馈/举报,"{'1': 0.0, '2': 0.5, '3': 0.2, '4': 0.3}",0.2,QEe9hDn0G
1,政务发布,"{'1': 1.0, '2': 0.0, '3': 0.0, '4': 0.0}",0.0,QFlsU1DOx
1,政务发布,"{'1': 1.0, '2': 0.0, '3': 0.0, '4': 0.0}",0.0,QFkCMfXcS
4,公众反馈/举报,"{'1': 0.0, '2': 0.0, '3': 0.0, '4': 1.0}",0.9,QFnDaENKH
2,城市问题,"{'1': 0.0, '2': 1.0, '3': 0.0, '4': 0.0}",0.0,QFnyszdc8
3,民生服务,"{'1': 0.0, '2': 0.0, '3': 1.0, '4': 0.0}",0.8,QFiZYAofL
1,政务发布,"{'1': 1.0, '2': 0.0, '3': 0.0, '4': 0.0}",1.0,QFiaLnTNq
1,政务发布,"{'1': 1.0, '2': 0.0, '3': 0.0, '4': 0.0}",0.8,QFi654MMK
4,公众反馈/举报,"{'1': 0.0, '2': 0.0, '3': 0.0, '4': 1.0}",0.0,QFlmrjaQi
1,政务发布,"{'1': 1.0, '2': 0.0, '3': 0.0, '4': 0.0}",0.8,QFlfr0efQ
1,政务发布,"{'1': 1.0, '2': 0.0, '3': 0.0, '4': 0.0}",0.3,QFkVlvaPi
3,民生服务,"{'1': 0.0, '2': 0.0, '3': 1.0, '4': 0.0}",0.9,QFiuchbEc
1,政务发布,"{'1': 1.0, '2': 0.0, '3': 0.0, '4': 0.0}",1.0,QFWZd3POH
4,公众反馈/举报,"{'1': 0.0, '2': 0.2, '3': 0.1, '4': 0.7}",-0.9,R000j0rfC
4,公众反馈/举报,"{'1': 0.0, '2': 0.0, '3': 0.0, '4': 1.0}",0.8,QFXs8oakN
4,公众反馈/举报,"{'1': 0.0, '2': 0.0, '3': 0.0, '4': 1.0}",0.8,QFScQhHPo
1,政务发布,"{'1': 1.0, '2': 0.0, '3': 0.0, '4': 0.0}",0.0,QFVdXAn9S
2,城市问题,"{'1': 0.0, '2': 1.0, '3': 0.0, '4': 0.0}",0.2,QFWiIrfPF
1,政务发布,"{'1': 1.0, '2': 0.0, '3': 0.0, '4': 0.0}",0.8,QFWZd3POH
4,公众反馈/举报,"{'1': 0.0, '2': 0.0, '3': 0.0, '4': 1.0}",-1.0,R000j0rfC
1,政务发布,"{'1': 1.0, '2': 0.0, '3': 0.0, '4': 0.0}",0.3,QFVdXAn9S
4,公众反馈/举报,"{'1': 0.0, '2': 0.0, '3': 0.0, '4': 1.0}",0.5,QFXs8oakN
4,公众反馈/举报,"{'1': 0.0, '2': 0.0, '3': 0.0, '4': 1.0}",0.8,QFScQhHPo
2,城市问题,"{'1': 0.0, '2': 1.0, '3': 0.0, '4': 0.0}",0.0,R1z5T8Xws
3,民生服务,"{'1': 0.0, '2': 0.0, '3': 1.0, '4': 0.0}",0.5,QFWiIrfPF
2,城市问题,"{'1': 0.0, '2': 0.8, '3': 0.1, '4': 0.1}",-0.6,R1DXx2Is4
3,民生服务,"{'1': 0.0, '2': 0.0, '3': 1.0, '4': 0.0}",0.0,R1k1Gc3U9
4,公众反馈/举报,"{'1': 0.0, '2': 0.0, '3': 0.0, '4': 1.0}",0.0,R1kxfhXk0
4,公众反馈/举报,"{'1': 0.0, '2': 0.0, '3': 0.0, '4': 1.0}",-0.3,QFchX5snT
4,公众反馈/举报,"{'1': 0.0, '2': 0.2, '3': 0.1, '4': 0.7}",-0.9,R06SiDgKA
4,公众反馈/举报,"{'1': 0.0, '2': 0.8, '3': 0.1, '4': 0.1}",0.5,QF53nAVjC
1,政务发布,"{'1': 1.0, '2': 0.0, '3': 0.0, '4': 0.0}",0.8,R07yXaXdL
3,民生服务,"{'1': 0.0, '2': 0.0, '3': 1.0, '4': 0.0}",0.9,R06mB0yg6
1,政务发布,"{'1': 1.0, '2': 0.0, '3': 0.0, '4': 0.0}",0.35,R05T6xlRQ
3,民生服务,"{'1': 0.0, '2': 0.0, '3': 1.0, '4': 0.0}",0.9,R06lFy93M
3,民生服务,"{'1': 0.0, '2': 0.0, '3': 1.0, '4': 0.0}",1.0,R08q56s9g
1,政务发布,"{'1': 1.0, '2': 0.0, '3': 0.0, '4': 0.0}",1.0,R062ytV6Y
4,公众反馈/举报,"{'1': 0.0, '2': 0.0, '3': 0.0, '4': 1.0}",0.0,R0743g1bp
3,民生服务,"{'1': 0.0, '2': 0.0, '3': 1.0, '4': 0.0}",0.8,R00hN1cXF
1,政务发布,"{'1': 1.0, '2': 0.0, '3': 0.0, '4': 0.0}",0.5,R08xVwlmf
1,政务发布,"{'1': 1.0, '2': 0.0, '3': 0.0, '4': 0.0}",1.0,QFT8T5F5L
3,民生服务,"{'1': 0.0, '2': 0.0, '3': 1.0, '4': 0.0}",0.8,R01hc7e7l
4,公众反馈/举报,{'4': 1.0},-0.9,R01y7gUG4
1,政务发布,"{'1': 1.0, '2': 0.0, '3': 0.0, '4': 0.0}",0.8,R019MjZV3
1,政务发布,"{'1': 1.0, '2': 0.0, '3': 0.0, '4': 0.0}",0.5,QFVGa4quQ
3,民生服务,"{'1': 0.0, '2': 0.0, '3': 1.0, '4': 0.0}",1.0,QFTIdfI45
4,公众反馈/举报,"{'1': 0.0, '2': 0.0, '3': 0.0, '4': 1.0}",0.0,QFV6Pfr6x
3,民生服务,"{'1': 0.0, '2': 0.0, '3': 1.0, '4': 0.0}",0.7,QEsSPouTV
1,政务发布,"{'1': 1.0, '2': 0.0, '3': 0.0, '4': 0.0}",1.0,QEqYKeA9x
1,政务发布,"{'1': 1.0, '2': 0.0, '3': 0.0, '4': 0.0}",0.8,QEqKP1cvH
1,政务发布,"{'1': 0.7, '2': 0.0, '3': 0.3, '4': 0.0}",0.9,QFURkmis6
1,政务发布,"{'1': 1.0, '2': 0.0, '3': 0.0, '4': 0.0}",0.8,R013yuGb5
1,政务发布,"{'1': 1.0, '2': 0.0, '3': 0.0, '4': 0.0}",0.9,R01dV88T0
4,公众反馈/举报,"{'1': 0.0, '2': 0.0, '3': 0.0, '4': 1.0}",0.0,R01ttjtWz
1,政务发布,"{'1': 1.0, '2': 0.0, '3': 0.0, '4': 0.0}",0.5,R01BrtPtI
3,民生服务,"{'1': 0.0, '2': 0.0, '3': 1.0, '4': 0.0}",0.6,QFVVNxEDK
3,民生服务,"{'1': 0.0, '2': 0.0, '3': 1.0, '4': 0.0}",1.0,QFU2J4M6z
4,公众反馈/举报,"{'1': 0.0, '2': 0.0, '3': 0.0, '4': 1.0}",0.0,R01efh0rP
4,公众反馈/举报,"{'1': 0.0, '2': 0.0, '3': 0.0, '4': 1.0}",-1.0,R00PHyh6x
4,公众反馈/举报,"{'1': 0.0, '2': 0.2, '3': 0.3, '4': 0.5}",0.3,QFWhnhxye
1,政务发布,"{'1': 1.0, '2': 0.0, '3': 0.0, '4': 0.0}",0.3,QFUlsf3LQ
1,政务发布,"{'1': 1.0, '2': 0.0, '3': 0.0, '4': 0.0}",0.8,R013yuGb5
1,政务发布,"{'1': 1.0, '2': 0.0, '3': 0.0, '4': 0.0}",0.9,QFURkmis6
1,政务发布,"{'1': 1.0, '2': 0.0, '3': 0.0, '4': 0.0}",0.8,R01dV88T0
1,政务发布,"{'1': 1.0, '2': 0.0, '3': 0.0, '4': 0.0}",0.8,R01BrtPtI
4,公众反馈/举报,"{'1': 0.0, '2': 0.0, '3': 0.0, '4': 1.0}",0.0,R01ttjtWz
3,民生服务,"{'1': 0.0, '2': 0.0, '3': 1.0, '4': 0.0}",0.6,QFVVNxEDK
1,政务发布,"{'1': 0.9, '2': 0.0, '3': 0.1, '4': 0.0}",0.9,QFU2J4M6z
4,公众反馈/举报,"{'1': 0.1, '2': 0.1, '3': 0.3, '4': 0.5}",0.2,QFWhnhxye
4,公众反馈/举报,"{'1': 0.0, '2': 0.0, '3': 0.0, '4': 1.0}",-1.0,R00PHyh6x
4,公众反馈/举报,"{'1': 0.0, '2': 0.0, '3': 0.0, '4': 1.0}",0.3,R01efh0rP
3,民生服务,"{'1': 0.0, '2': 0.0, '3': 1.0, '4': 0.0}",-0.5,QFX4d6weg
1,政务发布,"{'1': 1.0, '2': 0.0, '3': 0.0, '4': 0.0}",0.2,QFUlsf3LQ
1,政务发布,"{'1': 1.0, '2': 0.0, '3': 0.0, '4': 0.0}",0.5,QFWAutsGG
1,政务发布,"{'1': 1.0, '2': 0.0, '3': 0.0, '4': 0.0}",0.8,QFVUb3DBR
1,政务发布,"{'1': 1.0, '2': 0.0, '3': 0.0, '4': 0.0}",0.2,QFVoadf2N
1,政务发布,"{'1': 1.0, '2': 0.0, '3': 0.0, '4': 0.0}",1.0,QFWMY5xxi
4,公众反馈/举报,"{'1': 0.0, '2': 0.0, '3': 0.0, '4': 1.0}",-1.0,QFU7ndceP
4,公众反馈/举报,"{'1': 0.0, '2': 0.0, '3': 0.0, '4': 1.0}",-0.1,QFX5YlTcS
1,政务发布,"{'1': 1.0, '2': 0.0, '3': 0.0, '4': 0.0}",0.8,QFWOcff1G
3,民生服务,"{'1': 0.0, '2': 0.0, '3': 1.0, '4': 0.0}",0.8,QFVv0wHww
4,公众反馈/举报,"{'1': 0.0, '2': 0.0, '3': 0.0, '4': 1.0}",0.0,QFXc4nt6Q
1,政务发布,"{'1': 1.0, '2': 0.0, '3': 0.0, '4': 0.0}",-0.5,QFX4d6weg
1,政务发布,"{'1': 1.0, '2': 0.0, '3': 0.0, '4': 0.0}",-0.8,QFWAutsGG
1,政务发布,"{'1': 1.0, '2': 0.0, '3': 0.0, '4': 0.0}",0.8,QFVUb3DBR
1,政务发布,"{'1': 1.0, '2': 0.0, '3': 0.0, '4': 0.0}",0.8,QFVoadf2N
1,政务发布,"{'1': 1.0, '2': 0.0, '3': 0.0, '4': 0.0}",1.0,QFWMY5xxi
2,城市问题,"{'1': 0.0, '2': 0.0, '3': 0.7, '4': 0.3}",0.0,QFXc4nt6Q
4,公众反馈/举报,"{'1': 0.0, '2': 0.0, '3': 0.0, '4': 1.0}",-0.9,QFU7ndceP
3,民生服务,"{'1': 0.0, '2': 0.0, '3': 1.0, '4': 0.0}",0.8,QFVv0wHww
4,公众反馈/举报,"{'1': 0.0, '2': 0.0, '3': 0.0, '4': 1.0}",-0.5,QFX5YlTcS
1,政务发布,"{'1': 1.0, '2': 0.0, '3': 0.0, '4': 0.0}",0.5,QFWOcff1G
3,民生服务,"{'1': 0.0, '2': 0.0, '3': 1.0, '4': 0.0}",1.0,R240oAKUR
1,政务发布,"{'1': 1.0, '2': 0.0, '3': 0.0, '4': 0.0}",0.8,R25nTeE3u
4,公众反馈/举报,"{'1': 0.0, '2': 0.0, '3': 0.0, '4': 1.0}",-0.3,R29Npd8M6
1,政务发布,"{'1': 1.0, '2': 0.0, '3': 0.0, '4': 0.0}",-0.5,R0W8znrhr
1,政务发布,"{'1': 1.0, '2': 0.0, '3': 0.0, '4': 0.0}",0.0,R0WwseZEA
4,公众反馈/举报,"{'1': 0.0, '2': 0.0, '3': 0.0, '4': 1.0}",-0.6,R0TJ9xWmU
2,城市问题,"{'1': 0.0, '2': 1.0, '3': 0.0, '4': 0.0}",0.0,R243jbTuQ
4,公众反馈/举报,"{'1': 0.0, '2': 0.0, '3': 0.0, '4': 1.0}",-0.5,R0S2F3ffG
4,公众反馈/举报,"{'1': 0.0, '2': 0.0, '3': 0.2, '4': 0.8}",0.6,R24UY22ek
1,政务发布,"{'1': 1.0, '2': 0.0, '3': 0.0, '4': 0.0}",0.7,R0BOOg4QE
4,公众反馈/举报,"{'1': 0.0, '2': 0.0, '3': 0.0, '4': 1.0}",-0.3,R0zw67Ih5
4,公众反馈/举报,"{'1': 0.0, '2': 0.0, '3': 0.0, '4': 1.0}",0.0,QEKJ60D6L
4,公众反馈/举报,"{'1': 0.0, '2': 0.0, '3': 0.0, '4': 1.0}",-0.9,R0CpbmcRe
4,公众反馈/举报,"{'1': 0.0, '2': 0.0, '3': 0.0, '4': 1.0}",0.8,QEJ4q3vxo
3,民生服务,"{'1': 0.0, '2': 0.0, '3': 1.0, '4': 0.0}",0.0,QEDmNnI5Q
2,城市问题,"{'1': 0.0, '2': 1.0, '3': 0.0, '4': 0.0}",-0.3,QEKKpEkzY
3,民生服务,"{'1': 0.0, '2': 0.0, '3': 1.0, '4': 0.0}",0.2,QFkDAbb5t
4,公众反馈/举报,"{'1': 0.0, '2': 0.2, '3': 0.0, '4': 0.8}",-0.9,QEGXOnvut
3,民生服务,"{'1': 0.0, '2': 0.0, '3': 1.0, '4': 0.0}",0.8,QFmlqoZFd
1,政务发布,"{'1': 1.0, '2': 0.0, '3': 0.0, '4': 0.0}",0.9,QFhZrBhXM
1,政务发布,"{'1': 1.0, '2': 0.0, '3': 0.0, '4': 0.0}",0.8,QFjR5eqzv
1,政务发布,"{'1': 1.0, '2': 0.0, '3': 0.0, '4': 0.0}",0.2,QFhrRkMX9
1,政务发布,"{'1': 1.0, '2': 0.0, '3': 0.0, '4': 0.0}",0.9,QFk44sn9o
1,政务发布,"{'1': 1.0, '2': 0.0, '3': 0.0, '4': 0.0}",0.0,QFllhgwaY
4,公众反馈/举报,"{'1': 0.0, '2': 0.0, '3': 0.0, '4': 1.0}",-0.8,QFk9k8FaI
1,政务发布,"{'1': 1.0, '2': 0.0, '3': 0.0, '4': 0.0}",0.8,QFigOvtmg
1,政务发布,"{'1': 1.0, '2': 0.0, '3': 0.0, '4': 0.0}",0.9,R2gHi8IiV
3,民生服务,"{'1': 0.0, '2': 0.0, '3': 1.0, '4': 0.0}",0.8,R2fHspKfJ
1,政务发布,"{'1': 1.0, '2': 0.0, '3': 0.0, '4': 0.0}",1.0,R2e351n4x
1,政务发布,"{'1': 1.0, '2': 0.0, '3': 0.0, '4': 0.0}",0.8,R2dnl2ROx
4,公众反馈/举报,"{'1': 0.0, '2': 0.0, '3': 0.0, '4': 1.0}",-0.9,R2eHBzfmq
4,公众反馈/举报,{'4': 1.0},-0.3,R2fdygnuq
4,公众反馈/举报,"{'1': 0.0, '2': 0.1, '3': 0.0, '4': 0.9}",-0.8,R2dBhnMG8
4,公众反馈/举报,"{'1': 0.0, '2': 0.0, '3': 0.0, '4': 1.0}",-0.6,QEHtmfhhf
1,政务发布,"{'1': 1.0, '2': 0.0, '3': 0.0, '4': 0.0}",0.0,R00pPColI
1,政务发布,"{'1': 1.0, '2': 0.0, '3': 0.0, '4': 0.0}",0.8,R00iWlC0q
4,公众反馈/举报,"{'1': 0.0, '2': 0.0, '3': 0.0, '4': 1.0}",-1.0,R000byJtQ
4,公众反馈/举报,"{'1': 0.2, '2': 0.3, '3': 0.2, '4': 0.3}",-0.7,QFXepc7Uz
4,公众反馈/举报,"{'1': 0.0, '2': 0.0, '3': 0.0, '4': 1.0}",-1.0,QFQe0woaI
1,政务发布,"{'1': 1.0, '2': 0.0, '3': 0.0, '4': 0.0}",0.8,QFTJl4nMX
1,政务发布,"{'1': 1.0, '2': 0.0, '3': 0.0, '4': 0.0}",0.8,R00Mb3vn9
4,公众反馈/举报,"{'1': 0.2, '2': 0.0, '3': 0.3, '4': 0.5}",0.3,QFXrTch0A
4,公众反馈/举报,"{'1': 0.0, '2': 0.0, '3': 0.0, '4': 1.0}",-1.0,QFSPicTcT
1,政务发布,"{'1': 1.0, '2': 0.0, '3': 0.0, '4': 0.0}",0.9,QFUhRh0wL
4,公众反馈/举报,"{'1': 0.0, '2': 0.0, '3': 0.0, '4': 1.0}",-0.3,R011nvC2v
1,政务发布,"{'1': 1.0, '2': 0.0, '3': 0.0, '4': 0.0}",0.3,R00pPColI
1,政务发布,"{'1': 1.0, '2': 0.0, '3': 0.0, '4': 0.0}",0.8,R00iWlC0q
4,公众反馈/举报,"{'1': 0.0, '2': 1.0, '3': 0.0, '4': 1.0}",-0.9,R000byJtQ
4,公众反馈/举报,"{'1': 0.0, '2': 0.3, '3': 0.1, '4': 0.6}",-0.8,QFXepc7Uz
1,政务发布,"{'1': 1.0, '2': 0.0, '3': 0.0, '4': 0.0}",1.0,QFTJl4nMX
4,公众反馈/举报,"{'1': 0.0, '2': 0.1, '3': 0.1, '4': 0.8}",-0.9,QFQe0woaI
1,政务发布,"{'1': 1.0, '2': 0.0, '3': 0.0, '4': 0.0}",1.0,R00Mb3vn9
4,公众反馈/举报,"{'1': 0.0, '2': 0.0, '3': 0.2, '4': 0.8}",0.8,QFXrTch0A
4,公众反馈/举报,"{'1': 0.0, '2': 0.0, '3': 0.0, '4': 1.0}",-0.9,QFSPicTcT
1,政务发布,"{'1': 1.0, '2': 0.0, '3': 0.0, '4': 0.0}",0.9,QFUhRh0wL
4,公众反馈/举报,"{'1': 0.0, '2': 0.1, '3': 0.0, '4': 0.9}",-0.6,R011nvC2v
4,公众反馈/举报,"{'1': 0.0, '2': 0.0, '3': 0.0, '4': 1.0}",-1.0,QFVUBBUNV
1,政务发布,"{'1': 1.0, '2': 0.0, '3': 0.0, '4': 0.0}",1.0,QFXajfO9T
4,公众反馈/举报,"{'1': 0.0, '2': 0.0, '3': 0.0, '4': 1.0}",-0.2,QFW7ma8MJ
3,民生服务,"{'1': 0.0, '2': 0.0, '3': 1.0, '4': 0.0}",0.8,QFWF46Era
4,公众反馈/举报,"{'1': 0.0, '2': 0.2, '3': 0.0, '4': 0.8}",-1.0,QFSxpCbtL
3,民生服务,"{'1': 0.0, '2': 0.0, '3': 1.0, '4': 0.0}",0.8,QFTVB1q4H
4,公众反馈/举报,"{'1': 0.0, '2': 0.0, '3': 0.0, '4': 1.0}",0.9,R00ZbvBa1
1,政务发布,"{'1': 1.0, '2': 0.0, '3': 0.0, '4': 0.0}",0.8,QFWbD7ZTn
1,政务发布,"{'1': 1.0, '2': 0.0, '3': 0.0, '4': 0.0}",0.8,QFUcIbopC
4,公众反馈/举报,"{'1': 0.0, '2': 0.0, '3': 0.0, '4': 1.0}",-1.0,QFVUBBUNV
1,政务发布,"{'1': 1.0, '2': 0.0, '3': 0.0, '4': 0.0}",1.0,QFW1qgQ3L
4,公众反馈/举报,"{'1': 0.0, '2': 0.2, '3': 0.3, '4': 0.5}",0.3,QFWF46Era
1,政务发布,"{'1': 1.0, '2': 0.0, '3': 0.0, '4': 0.0}",0.8,QFXajfO9T
4,公众反馈/举报,"{'1': 0.0, '2': 0.0, '3': 0.0, '4': 1.0}",0.0,QFW7ma8MJ
4,公众反馈/举报,"{'1': 0.0, '2': 0.0, '3': 0.0, '4': 1.0}",0.8,R00ZbvBa1
1,政务发布,"{'1': 1.0, '2': 0.0, '3': 0.0, '4': 0.0}",0.8,QFWbD7ZTn
4,公众反馈/举报,"{'1': 0.0, '2': 0.0, '3': 0.0, '4': 1.0}",-0.9,QFSxpCbtL
1,政务发布,"{'1': 1.0, '2': 0.0, '3': 0.0, '4': 0.0}",0.8,QFUcIbopC
1,政务发布,"{'1': 1.0, '2': 0.0, '3': 0.0, '4': 0.0}",0.5,QFTVB1q4H
1,政务发布,"{'1': 1.0, '2': 0.0, '3': 0.0, '4': 0.0}",0.8,QFW1qgQ3L
4,公众反馈/举报,"{'1': 0.0, '2': 0.0, '3': 0.0, '4': 1.0}",-0.8,R00nscEYJ
1,政务发布,"{'1': 1.0, '2': 0.0, '3': 0.0, '4': 0.0}",0.5,QFV30ssMq
4,公众反馈/举报,"{'1': 0.0, '2': 0.2, '3': 0.1, '4': 0.7}",0.3,QFXgBEKOY
3,民生服务,"{'1': 0.0, '2': 0.0, '3': 1.0, '4': 0.0}",0.8,QFWpPFIRa
1,政务发布,"{'1': 1.0, '2': 0.0, '3': 0.0, '4': 0.0}",0.0,QEFegBOvQ
1,政务发布,"{'1': 1.0, '2': 0.0, '3': 0.0, '4': 0.0}",0.8,QFTwmhVUn
1,政务发布,"{'1': 1.0, '2': 0.0, '3': 0.0, '4': 0.0}",0.6,R01gCmY3A
4,公众反馈/举报,"{'1': 0.0, '2': 0.0, '3': 0.0, '4': 1.0}",-0.9,QFWVD8Vsg
1,政务发布,"{'1': 1.0, '2': 0.0, '3': 0.0, '4': 0.0}",0.8,QFWWTvvq9
4,公众反馈/举报,"{'1': 0.0, '2': 0.1, '3': 0.0, '4': 0.9}",-0.9,QFQzchXdX
1,政务发布,"{'1': 1.0, '2': 0.0, '3': 0.0, '4': 0.0}",0.5,QFV6EB0Oz
4,公众反馈/举报,"{'1': 0.0, '2': 0.0, '3': 0.0, '4': 1.0}",-0.7,R00nscEYJ
3,民生服务,"{'1': 0.1, '2': 0.2, '3': 0.7, '4': 0.0}",0.6,QFXgBEKOY
1,政务发布,"{'1': 1.0, '2': 0.0, '3': 0.0, '4': 0.0}",0.8,QFV30ssMq
3,民生服务,"{'1': 0.0, '2': 0.0, '3': 1.0, '4': 0.0}",0.8,QFWpPFIRa
1,政务发布,"{'1': 1.0, '2': 0.0, '3': 0.0, '4': 0.0}",0.8,QFTwmhVUn
3,民生服务,"{'1': 0.0, '2': 0.0, '3': 1.0, '4': 0.0}",0.5,R01gCmY3A
4,公众反馈/举报,"{'1': 0.0, '2': 0.0, '3': 0.0, '4': 1.0}",-0.9,QFWVD8Vsg
1,政务发布,"{'1': 1.0, '2': 0.0, '3': 0.0, '4': 0.0}",0.8,QFWWTvvq9
4,公众反馈/举报,"{'1': 0.0, '2': 0.0, '3': 0.0, '4': 1.0}",-1.0,QFQzchXdX
1,政务发布,"{'1': 1.0, '2': 0.0, '3': 0.0, '4': 0.0}",0.0,QFV6EB0Oz
3,民生服务,"{'1': 0.1, '2': 0.0, '3': 0.9, '4': 0.0}",0.8,QFngpnC8u
1,政务发布,"{'1': 1.0, '2': 0.0, '3': 0.0, '4': 0.0}",0.8,QFlLgrLzO
4,公众反馈/举报,"{'1': 0.0, '2': 0.0, '3': 0.0, '4': 1.0}",0.8,QFnEinYPG
4,公众反馈/举报,"{'1': 0.0, '2': 0.0, '3': 0.0, '4': 1.0}",-0.9,QFmzAnQWc
1,政务发布,"{'1': 1.0, '2': 0.0, '3': 0.0, '4': 0.0}",0.6,QFlmbq9uH
4,公众反馈/举报,"{'1': 0.0, '2': 0.0, '3': 0.0, '4': 1.0}",-0.5,QFj6YleaT
3,民生服务,"{'1': 0.0, '2': 0.0, '3': 1.0, '4': 0.0}",0.0,QFm8BbDo3
4,公众反馈/举报,"{'1': 0.0, '2': 0.0, '3': 0.0, '4': 1.0}",-0.6,QFmUhm8zI
4,公众反馈/举报,"{'1': 0.0, '2': 0.0, '3': 0.0, '4': 1.0}",-1.0,QFkVkjeii
4,公众反馈/举报,"{'1': 0.0, '2': 0.0, '3': 0.0, '4': 1.0}",-0.6,QFnBwojkQ
3,民生服务,"{'1': 0.0, '2': 0.0, '3': 1.0, '4': 0.0}",0.5,QFkT82IDN
3,民生服务,"{'1': 0.0, '2': 0.0, '3': 1.0, '4': 0.0}",0.95,QFk6aEm0I
3,民生服务,"{'1': 0.0, '2': 0.0, '3': 1.0, '4': 0.0}",0.5,QFkh9zRy8
3,民生服务,"{'1': 0.0, '2': 0.0, '3': 1.0, '4': 0.0}",0.7,QFkBbqsEo
1,政务发布,"{'1': 1.0, '2': 0.0, '3': 0.0, '4': 0.0}",0.8,QFi7NB9as
3,民生服务,"{'1': 0.0, '2': 0.0, '3': 1.0, '4': 0.0}",0.0,QFnptgnXq
3,民生服务,"{'1': 0.0, '2': 0.0, '3': 1.0, '4': 0.0}",1.0,QFhZUq0cS
1,政务发布,"{'1': 1.0, '2': 0.0, '3': 0.0, '4': 0.0}",0.8,R1Ep3yU7u
4,公众反馈/举报,"{'1': 0.0, '2': 0.0, '3': 0.0, '4': 1.0}",0.7,QFiZJ5Pd0
4,公众反馈/举报,"{'1': 0.1, '2': 0.0, '3': 0.1, '4': 0.8}",-0.8,QFjoFuSmk
4,公众反馈/举报,"{'1': 0.0, '2': 0.0, '3': 0.0, '4': 1.0}",0.2,QFkWRtbeI
1,政务发布,"{'1': 1.0, '2': 0.0, '3': 0.0, '4': 0.0}",0.3,R1CvrFbWt
4,公众反馈/举报,"{'1': 0.0, '2': 0.0, '3': 0.0, '4': 1.0}",0.5,R1Epqbnqe
4,公众反馈/举报,"{'1': 0.0, '2': 0.0, '3': 0.0, '4': 1.0}",-1.0,QDTIBER7b
4,公众反馈/举报,"{'1': 0.0, '2': 0.0, '3': 0.0, '4': 1.0}",0.0,QDWyHvmeL
3,民生服务,"{'1': 0.0, '2': 0.0, '3': 1.0, '4': 0.0}",0.8,QDYCxcL63
4,公众反馈/举报,"{'1': 0.0, '2': 0.0, '3': 0.0, '4': 1.0}",-0.5,QDZDE3QfT
4,公众反馈/举报,"{'1': 0.0, '2': 0.2, '3': 0.1, '4': 0.7}",-0.5,QDVFoi75A
4,公众反馈/举报,"{'1': 0.0, '2': 0.0, '3': 0.1, '4': 0.9}",-0.8,QE0Mf5IaN
1,政务发布,"{'1': 1.0, '2': 0.0, '3': 0.0, '4': 0.0}",0.8,QEhbx99SQ
3,民生服务,{'3': 1.0},0.9,QEd34kb9L
1,政务发布,"{'1': 1.0, '2': 0.0, '3': 0.0, '4': 0.0}",0.8,QEhz8F2J0
4,公众反馈/举报,"{'1': 0.0, '2': 0.0, '3': 0.0, '4': 1.0}",1.0,QEe0Qkwwi
4,公众反馈/举报,"{'1': 0.0, '2': 0.8, '3': 0.1, '4': 0.9}",-0.9,QESLCedgV
4,公众反馈/举报,"{'1': 0.0, '2': 0.0, '3': 0.0, '4': 1.0}",0.2,QEgWGlFvC
3,民生服务,"{'1': 0.0, '2': 0.0, '3': 1.0, '4': 0.0}",0.8,QESUNDWAG
1,政务发布,"{'1': 1.0, '2': 0.0, '3': 0.0, '4': 0.0}",0.8,QESpy9TZs
1,政务发布,"{'1': 1.0, '2': 0.0, '3': 0.0, '4': 0.0}",0.8,QESbQiBZA
1,政务发布,"{'1': 1.0, '2': 0.0, '3': 0.0, '4': 0.0}",0.8,QESI8r8p0
1,政务发布,"{'1': 1.0, '2': 0.0, '3': 0.0, '4': 0.0}",0.8,QERDo6qsh
1,政务发布,"{'1': 1.0, '2': 0.0, '3': 0.0, '4': 0.0}",0.8,R1Cxgrkti
2,城市问题,"{'1': 0.0, '2': 1.0, '3': 0.0, '4': 0.0}",0.0,R1E3Tjk5v
1,政务发布,"{'1': 1.0, '2': 0.0, '3': 0.0, '4': 0.0}",0.5,QEojdwAxq
3,民生服务,"{'1': 0.0, '2': 0.0, '3': 1.0, '4': 0.0}",1.0,QEpPp1rKD
3,民生服务,"{'1': 0.0, '2': 0.0, '3': 1.0, '4': 0.0}",0.2,R06pH2wDM
4,公众反馈/举报,"{'1': 0.0, '2': 0.0, '3': 0.0, '4': 1.0}",0.0,QEn3Ux4S4
1,政务发布,"{'1': 1.0, '2': 0.0, '3': 0.0, '4': 0.0}",0.5,R05IYeYKc
1,政务发布,"{'1': 1.0, '2': 0.0, '3': 0.0, '4': 0.0}",0.8,R05zyzGKu
1,政务发布,"{'1': 1.0, '2': 0.0, '3': 0.0, '4': 0.0}",1.0,R06sWCdX5
3,民生服务,"{'1': 0.0, '2': 0.0, '3': 1.0, '4': 0.0}",0.9,QFlg77KkT
1,政务发布,"{'1': 0.8, '2': 0.0, '3': 0.2, '4': 0.0}",0.3,R07lU6sYl
1,政务发布,"{'1': 1.0, '2': 0.0, '3': 0.0, '4': 0.0}",0.8,QFmNAuUJf
3,民生服务,"{'1': 0.0, '2': 0.0, '3': 1.0, '4': 0.0}",0.0,QFlCHaczX
1,政务发布,"{'1': 1.0, '2': 0.0, '3': 0.0, '4': 0.0}",0.8,QFlqa0wct
1,政务发布,"{'1': 1.0, '2': 0.0, '3': 0.0, '4': 0.0}",0.5,QFiaRBdCn
1,政务发布,"{'1': 0.8, '2': 0.1, '3': 0.05, '4': 0.05}",0.8,QFiScjJ7I
1,政务发布,"{'1': 1.0, '2': 0.0, '3': 0.0, '4': 0.0}",0.8,QFllT743C
1,政务发布,"{'1': 1.0, '2': 0.0, '3': 0.0, '4': 0.0}",0.8,QFlgTEGj8
3,民生服务,"{'1': 0.0, '2': 0.0, '3': 1.0, '4': 0.0}",0.0,QFmTFjtD6
2,城市问题,"{'1': 0.2, '2': 0.8, '3': 0.0, '4': 0.0}",-0.8,QFmwReTeG
1,政务发布,"{'1': 1.0, '2': 0.0, '3': 0.0, '4': 0.0}",0.8,QFioJi6tC
4,公众反馈/举报,"{'1': 0.0, '2': 0.2, '3': 0.0, '4': 0.8}",-1.0,QFmTfARYz
3,民生服务,"{'1': 0.0, '2': 0.0, '3': 1.0, '4': 0.0}",0.2,QFncax8RT
1,政务发布,"{'1': 1.0, '2': 0.0, '3': 0.0, '4': 0.0}",0.9,QFVgq8kY4
1,政务发布,"{'1': 1.0, '2': 0.0, '3': 0.0, '4': 0.0}",0.8,QFW750N90
4,公众反馈/举报,"{'1': 0.0, '2': 0.0, '3': 0.0, '4': 1.0}",0.0,R00E4gCSS
4,公众反馈/举报,"{'1': 0.0, '2': 0.0, '3': 0.0, '4': 1.0}",-0.8,R00iHixfn
1,政务发布,"{'1': 1.0, '2': 0.0, '3': 0.0, '4': 0.0}",0.8,QFUfTvemZ
4,公众反馈/举报,"{'1': 0.0, '2': 0.0, '3': 0.0, '4': 1.0}",-0.3,QFWiiAVUS
4,公众反馈/举报,"{'1': 0.0, '2': 0.2, '3': 0.3, '4': 0.5}",-0.9,QFXdrfeM0
1,政务发布,"{'1': 1.0, '2': 0.0, '3': 0.0, '4': 0.0}",0.3,QFUHVdavM
1,政务发布,"{'1': 1.0, '2': 0.0, '3': 0.0, '4': 0.0}",0.8,QFUwbd90A
4,公众反馈/举报,"{'1': 0.0, '2': 0.0, '3': 0.0, '4': 1.0}",0.0,R00E4gCSS
2,城市问题,"{'1': 0.0, '2': 0.6, '3': 0.2, '4': 0.2}",-0.8,R00iHixfn
1,政务发布,"{'1': 1.0, '2': 0.0, '3': 0.0, '4': 0.0}",0.9,QFW750N90
4,公众反馈/举报,"{'1': 0.0, '2': 0.0, '3': 0.0, '4': 1.0}",-0.5,QFWiiAVUS
1,政务发布,"{'1': 1.0, '2': 0.0, '3': 0.0, '4': 0.0}",0.9,QFVgq8kY4
1,政务发布,"{'1': 1.0, '2': 0.0, '3': 0.0, '4': 0.0}",0.8,QFUfTvemZ
4,公众反馈/举报,"{'1': 0.0, '2': 0.0, '3': 0.0, '4': 1.0}",-1.0,QFXdrfeM0
4,公众反馈/举报,"{'1': 0.0, '2': 0.0, '3': 0.0, '4': 1.0}",0.2,R0LU5EBNy
1,政务发布,"{'1': 1.0, '2': 0.0, '3': 0.0, '4': 0.0}",0.8,QFUwbd90A
2,城市问题,"{'1': 0.0, '2': 1.0, '3': 0.0, '4': 0.0}",-0.5,R0KkJvWWD
1,政务发布,"{'1': 1.0, '2': 0.0, '3': 0.0, '4': 0.0}",0.8,QFUHVdavM
1,政务发布,"{'1': 0.9, '2': 0.0, '3': 0.1, '4': 0.0}",0.9,R0KmeqO45
1,政务发布,"{'1': 1.0, '2': 0.0, '3': 0.0, '4': 0.0}",0.8,QF2KHdW8N
4,公众反馈/举报,"{'1': 0.0, '2': 0.0, '3': 0.0, '4': 1.0}",-0.8,QF2mnk8NK
4,公众反馈/举报,"{'1': 0.0, '2': 0.3, '3': 0.0, '4': 0.7}",-0.8,R0YVWBVZG
1,政务发布,"{'1': 1.0, '2': 0.0, '3': 0.0, '4': 0.0}",1.0,QF0kimdgb
1,政务发布,"{'1': 1.0, '2': 0.0, '3': 0.0, '4': 0.0}",0.3,R10CTtRhA
4,公众反馈/举报,"{'1': 0.0, '2': 0.6, '3': 0.0, '4': 0.4}",-0.8,R10kKvkOm
4,公众反馈/举报,"{'1': 0.0, '2': 0.2, '3': 0.1, '4': 0.7}",-0.6,R13yu0pC1
4,公众反馈/举报,"{'1': 0.0, '2': 0.0, '3': 0.0, '4': 1.0}",0.2,QFQBmbGVl
4,公众反馈/举报,"{'1': 0.0, '2': 0.0, '3': 0.0, '4': 1.0}",-1.0,QFVVgkiYC
1,政务发布,"{'1': 1.0, '2': 0.0, '3': 0.0, '4': 0.0}",0.5,R1kcxiJNZ
3,民生服务,"{'1': 0.0, '2': 0.0, '3': 1.0, '4': 0.0}",0.0,R1kR5pTZM
1,政务发布,"{'1': 1.0, '2': 0.0, '3': 0.0, '4': 0.0}",0.8,R1jhWgeDg
1,政务发布,"{'1': 1.0, '2': 0.0, '3': 0.0, '4': 0.0}",0.65,R0p08qkBs
1,政务发布,"{'1': 1.0, '2': 0.0, '3': 0.0, '4': 0.0}",0.8,QFim8fvVH
1,政务发布,"{'1': 1.0, '2': 0.0, '3': 0.0, '4': 0.0}",0.8,QFm8Xu4wj
3,民生服务,"{'3': 0.8, '1': 0.2, '2': 0.0, '4': 0.0}",0.5,QFkT8kk9b
2,城市问题,"{'1': 0.0, '2': 0.0, '3': 0.0, '4': 1.0}",0.5,QFhJ65fO1
1,政务发布,"{'1': 1.0, '2': 0.0, '3': 0.0, '4': 0.0}",0.6,QFm3lFeOb
1,政务发布,"{'1': 1.0, '2': 0.0, '3': 0.0, '4': 0.0}",0.8,QFkY4vlCL
3,民生服务,"{'1': 0.0, '2': 0.0, '3': 1.0, '4': 0.0}",0.9,QFjPkFWif
1,政务发布,"{'1': 1.0, '2': 0.0, '3': 0.0, '4': 0.0}",0.8,QFiPBxEq4
1,政务发布,"{'1': 1.0, '2': 0.0, '3': 0.0, '4': 0.0}",0.8,QFliyxVqZ
3,民生服务,"{'1': 0.0, '2': 0.0, '3': 1.0, '4': 0.0}",0.8,QFjBH6XCO
4,公众反馈/举报,"{'1': 0.0, '2': 0.0, '3': 0.0, '4': 1.0}",0.8,QFi5CEgkG
1,政务发布,"{'1': 1.0, '2': 0.0, '3': 0.0, '4': 0.0}",0.0,QFnkMC6aH
4,公众反馈/举报,"{'1': 0.0, '2': 0.0, '3': 0.0, '4': 1.0}",-0.8,QFmpnEobm
3,民生服务,"{'1': 0.0, '2': 0.0, '3': 1.0, '4': 0.0}",0.0,QFnbK28sU
1,政务发布,"{'1': 1.0, '2': 0.0, '3': 0.0, '4': 0.0}",0.0,QFjLmk6qt
1,政务发布,"{'1': 1.0, '2': 0.0, '3': 0.0, '4': 0.0}",0.0,QFkTrhfoG
4,公众反馈/举报,"{'1': 0.0, '2': 1.0, '3': 0.0, '4': 0.0}",-0.3,R2eKd4FFl
1,政务发布,"{'1': 0.9, '2': 0.0, '3': 0.1, '4': 0.0}",0.5,QFX8hFG8x
1,政务发布,"{'1': 1.0, '2': 0.0, '3': 0.0, '4': 0.0}",1.0,QFUc5sGSz
1,政务发布,"{'1': 1.0, '2': 0.0, '3': 0.0, '4': 0.0}",0.3,R10y8ARtH
3,民生服务,"{'1': 0.0, '2': 0.0, '3': 1.0, '4': 0.0}",0.8,R2di0otqR
1,政务发布,"{'1': 1.0, '2': 0.0, '3': 0.0, '4': 0.0}",0.8,QF8P1s5b7
1,政务发布,"{'1': 1.0, '2': 0.0, '3': 0.0, '4': 0.0}",0.5,QFa98hTHz
1,政务发布,"{'1': 1.0, '2': 0.0, '3': 0.0, '4': 0.0}",0.8,QEziF2eVC
4,公众反馈/举报,"{'1': 0.0, '2': 0.0, '3': 0.0, '4': 1.0}",-0.8,QEAhldl2Q
4,公众反馈/举报,"{'1': 0.0, '2': 0.3, '3': 0.0, '4': 0.7}",-0.5,QECpOqrrM
1,政务发布,"{'1': 1.0, '2': 0.0, '3': 0.0, '4': 0.0}",0.9,QEx15onnG
1,政务发布,"{'1': 1.0, '2': 0.0, '3': 0.0, '4': 0.0}",0.2,QEBk58ZvU
3,民生服务,"{'1': 0.0, '2': 0.0, '3': 1.0, '4': 0.0}",0.0,R0UetALUl
4,公众反馈/举报,"{'1': 0.0, '2': 0.0, '3': 0.0, '4': 1.0}",-1.0,R0UhbmPoN
4,公众反馈/举报,"{'1': 0.0, '2': 0.0, '3': 0.0, '4': 1.0}",0.0,R0W7lD2Nm
3,民生服务,"{'1': 0.0, '2': 0.0, '3': 1.0, '4': 0.0}",0.9,R0Ub5dwGU
1,政务发布,"{'1': 1.0, '2': 0.0, '3': 0.0, '4': 0.0}",-0.4,R0WsAEANe
3,民生服务,"{'1': 0.0, '2': 0.0, '3': 1.0, '4': 0.0}",1.0,R0ViDC1iL
3,民生服务,"{'1': 0.0, '2': 0.0, '3': 1.0, '4': 0.0}",1.0,R23TspYlX
1,政务发布,"{'1': 1.0, '2': 0.0, '3': 0.0, '4': 0.0}",0.9,R0SVF0QEZ
1,政务发布,"{'1': 1.0, '2': 0.0, '3': 0.0, '4': 0.0}",0.8,R24bZhjyR
4,公众反馈/举报,"{'1': 0.0, '2': 0.0, '3': 0.0, '4': 1.0}",0.0,R29KazJYk
4,公众反馈/举报,"{'1': 0.0, '2': 0.2, '3': 0.0, '4': 0.8}",-0.9,QFSIuFvuY
4,公众反馈/举报,"{'1': 0.0, '2': 0.0, '3': 0.0, '4': 1.0}",-0.3,R29lNEeWf
3,民生服务,"{'1': 0.0, '2': 0.0, '3': 1.0, '4': 0.0}",0.4,R00nvDFnV
1,政务发布,"{'1': 0.9, '2': 0.0, '3': 0.1, '4': 0.0}",0.8,QFUkltwy0
4,公众反馈/举报,"{'1': 0.0, '2': 0.0, '3': 0.2, '4': 0.8}",-0.3,QFUZoaM0T
1,政务发布,"{'1': 1.0, '2': 0.0, '3': 0.0, '4': 0.0}",0.9,R00YZD3Dj
3,民生服务,"{'1': 0.0, '2': 0.0, '3': 1.0, '4': 0.0}",0.3,QFWtoE6Nh
1,政务发布,"{'1': 1.0, '2': 0.0, '3': 0.0, '4': 0.0}",0.8,QFWSiauDL
3,民生服务,{'3': 1.0},0.5,R00nvDFnV
4,公众反馈/举报,"{'1': 0.0, '2': 0.2, '3': 0.0, '4': 0.8}",-0.9,QFSIuFvuY
1,政务发布,"{'1': 1.0, '2': 0.0, '3': 0.0, '4': 0.0}",0.7,QFWSiauDL
1,政务发布,"{'1': 0.9, '2': 0.0, '3': 0.1, '4': 0.0}",0.9,QFUkltwy0
4,公众反馈/举报,"{'1': 0.0, '2': 0.0, '3': 0.0, '4': 1.0}",0.0,QFUZoaM0T
1,政务发布,"{'1': 1.0, '2': 0.0, '3': 0.0, '4': 0.0}",0.0,QFWtoE6Nh
1,政务发布,"{'1': 1.0, '2': 0.0, '3': 0.0, '4': 0.0}",0.9,R00YZD3Dj
1,政务发布,"{'1': 1.0, '2': 0.0, '3': 0.0, '4': 0.0}",0.5,QFiq9fXze
1,政务发布,"{'1': 0.8, '2': 0.1, '3': 0.1, '4': 0.0}",0.3,QFhhbEUGc
1,政务发布,"{'1': 1.0, '2': 0.0, '3': 0.0, '4': 0.0}",0.8,QFk3yvlcf
1,政务发布,"{'1': 1.0, '2': 0.0, '3': 0.0, '4': 0.0}",0.5,QFizVFbYG
1,政务发布,"{'1': 1.0, '2': 0.0, '3': 0.0, '4': 0.0}",0.8,QFlhUlHn7
1,政务发布,"{'1': 1.0, '2': 0.0, '3': 0.0, '4': 0.0}",0.8,QFi1eoQiw
1,政务发布,"{'1': 1.0, '2': 0.0, '3': 0.0, '4': 0.0}",1.0,QFi6mrkb4
4,公众反馈/举报,"{'1': 0.0, '2': 0.0, '3': 0.0, '4': 1.0}",-0.9,QFhD5igC6
4,公众反馈/举报,"{'1': 0, '2': 0, '3': 0, '4': 1.0}",0.0,QFm2W0bhF
4,公众反馈/举报,"{'1': 0.0, '2': 0.0, '3': 1.0, '4': 0.0}",-0.5,QFmUhqwq2
1,政务发布,"{'1': 1.0, '2': 0.0, '3': 0.0, '4': 0.0}",-0.2,QFliI0pYz
4,公众反馈/举报,"{'1': 0.0, '2': 0.0, '3': 0.0, '4': 1.0}",-0.8,R0LHte8uA
1,政务发布,"{'1': 1.0, '2': 0.0, '3': 0.0, '4': 0.0}",0.9,QFjor2kS0
4.0,公众反馈/举报,"{'1': 0.0, '2': 0.1, '3': 0.2, '4': 0.7}",-0.6,R0KMChvK4
1.0,政务发布,"{'1': 1.0, '2': 0.0, '3': 0.0, '4': 0.0}",0.8,R1FvStfVA
4.0,公众反馈/举报,"{'1': 0.0, '2': 0.1, '3': 0.0, '4': 0.9}",-0.8,R1GTjBu5C
1.0,政务发布,"{'1': 1.0, '2': 0.0, '3': 0.0, '4': 0.0}",0.0,R1FODtlaM
3.0,民生服务,"{'1': 0.0, '2': 0.0, '3': 1.0, '4': 0.0}",0.95,R1GSMwW7Z
4.0,公众反馈/举报,"{'1': 0.0, '2': 0.0, '3': 0.0, '4': 1.0}",-1.0,QFmNBoakF
4.0,公众反馈/举报,"{'1': 0.0, '2': 0.0, '3': 0.0, '4': 1.0}",0.0,QFh8klRyB
1.0,政务发布,"{'1': 1.0, '2': 0.0, '3': 0.0, '4': 0.0}",0.5,QFl5YoJSH
4.0,公众反馈/举报,"{'1': 0.0, '2': 0.0, '3': 0.0, '4': 1.0}",0.6,QFnwvhmXd
4.0,公众反馈/举报,"{'1': 0.0, '2': 0.0, '3': 0.0, '4': 1.0}",0.5,QFjmkoDFJ
4.0,公众反馈/举报,"{'1': 0.0, '2': 0.2, '3': 0.3, '4': 0.5}",-0.3,QFi12E0eZ
4.0,公众反馈/举报,"{'1': 0.0, '2': 0.0, '3': 0.0, '4': 1.0}",0.3,QFm6AAesI
1.0,政务发布,"{'1': 1.0, '2': 0.0, '3': 0.0, '4': 0.0}",0.5,QFlkWrBDB
3.0,民生服务,"{'1': 0.0, '2': 0.0, '3': 1.0, '4': 0.0}",0.3,QFnDam5Mn
1.0,政务发布,"{'1': 1.0, '2': 0.0, '3': 0.0, '4': 0.0}",0.0,QFljVyv0X
4.0,公众反馈/举报,"{'1': 0.0, '2': 0.0, '3': 0.0, '4': 1.0}",-0.9,QFhBO5JUo
1.0,政务发布,"{'1': 1.0, '2': 0.0, '3': 0.0, '4': 0.0}",0.6,QFkYFryZl
4.0,公众反馈/举报,"{'1': 0.0, '2': 0.0, '3': 0.0, '4': 1.0}",0.0,QFhNE5RHp
2.0,城市问题,"{'1': 0.0, '2': 1.0, '3': 0.0, '4': 0.0}",0.0,QFlkzbxpS
4.0,公众反馈/举报,"{'1': 0.0, '2': 0.1, '3': 0.0, '4': 0.9}",-0.9,QFn9hyAIm
3.0,民生服务,"{'1': 0.0, '2': 0.0, '3': 1.0, '4': 0.0}",0.0,QFnrnwusi
1.0,政务发布,"{'1': 1.0, '2': 0.0, '3': 0.0, '4': 0.0}",1.0,R24nl2vpo
1.0,政务发布,"{'1': 1.0, '2': 0.0, '3': 0.0, '4': 0.0}",0.9,R24GPnTEp
1.0,政务发布,"{'1': 1.0, '2': 0.0, '3': 0.0, '4': 0.0}",0.0,R24lldKbO
1.0,政务发布,"{'1': 1.0, '2': 0.0, '3': 0.0, '4': 0.0}",0.8,R272ykJmY
3.0,民生服务,"{'1': 0.0, '2': 0.0, '3': 1.0, '4': 0.0}",0.8,R24QAfbyM
1.0,政务发布,"{'1': 1.0, '2': 0.0, '3': 0.0, '4': 0.0}",0.0,R22C88a4t
3.0,民生服务,"{'1': 0.0, '2': 0.0, '3': 1.0, '4': 0.0}",0.6,R2hMirXc2
1.0,政务发布,"{'1': 1.0, '2': 0.0, '3': 0.0, '4': 0.0}",0.9,R2iykutUm
3.0,民生服务,"{'1': 0.0, '2': 0.0, '3': 1.0, '4': 0.0}",0.5,R2fQGoz2U
4.0,公众反馈/举报,"{'1': 0.0, '2': 0.1, '3': 0.0, '4': 0.9}",-0.8,R2ixRrtfx
4.0,公众反馈/举报,"{'1': 0.0, '2': 0.0, '3': 0.0, '4': 1.0}",-0.6,R2iTEwlws
1.0,政务发布,"{'1': 1.0, '2': 0.0, '3': 0.0, '4': 0.0}",1.0,R2fU2cWpq
4.0,公众反馈/举报,"{'1': 0.0, '2': 0.0, '3': 0.0, '4': 1.0}",0.0,####1.**明确战略定位**
0.0,,"{'1': 0.0, '2': 0.0, '3': 0.0, '4': 0.0}",0.0,"-**政策导向**：将\""全球利润反哺内需\""纳入国家\""双循环\""发展战略的核心目标"
4.0,公众反馈/举报,"{'1': 0.0, '2': 0.0, '3': 0.0, '4': 1.0}",0.0,-**量化指标**：制定年度全球利润回流目标，争取到2030年实现50%以上的国际收支盈余转化为国内需求
4.0,公众反馈/举报,"{'1': 0.0, '2': 0.0, '3': 0.0, '4': 1.0}",0.0,-**部门协同**：建立由央行、财政部、商务部、发改委组成的跨部门协调机制
,,,,####2.**健全法律法规框架**
,,,,-**完善税收政策**：对汇回国内的境外利润给予企业所得税减免（如减按10%税率征收）
0.0,,"{'1': 0.0, '2': 0.0, '3': 0.0, '4': 0.0}",0.0,-**修订《境外投资管理办法》**：明确要求跨国企业将一定比例的境外利润汇回国内，用于技术研发和国内市场拓展
4.0,公众反馈/举报,"{'1': 0.0, '2': 0.0, '3': 0.0, '4': 1.0}",0.0,-**建立利润回流台账**：实施企业境外利润汇回的申报、监测和考核制度
4.0,公众反馈/举报,"{'1': 0.0, '2': 0.0, '3': 0.0, '4': 1.0}",0.0,####3.**构建利润回流的引导机制**
-1.0,unknown,"{'1': 0.0, '2': 0.0, '3': 0.0, '4': 0.0}",0.0,"-**设立专项基金**：成立\""全球利润反哺内需引导基金\""，为积极汇回利润并用于国内投资的企业提供融资支持"
0.0,未知,"{'1': 0.0, '2': 0.0, '3': 0.0, '4': 0.0}",0.0,-**建立评价体系**：将境外利润回流情况纳入企业国际化发展评价指标，作为政策支持的重要依据
4.0,公众反馈/举报,"{'1': 0.0, '2': 0.0, '3': 0.0, '4': 1.0}",0.0,-**加强宣传引导**：定期发布境外利润回流优秀案例，形成示范效应
1.0,政务发布,"{'1': 0.0, '2': 0.0, '3': 0.0, '4': 0.0}",0.0,"####1.**企业层面：从\""走出去\""到\""带回来\""的利润转化**"
4.0,公众反馈/举报,"{'1': 0.0, '2': 0.0, '3': 0.0, '4': 1.0}",0.0,###💸**二、政策工具：多元化的利润回流手段**####1.**金融工具创新**-**人民币跨境结算优化**：扩大CIPS系统覆盖范围，降低人民币跨境结算成本，鼓励企业用人民币进行贸易和投资结算-**跨境人民币贷款**：允许符合条件的境外企业从国内银行获得人民币贷款，用于中国市场的投资和采购-**人民币资产证券化**：支持境外机构将持有的人民币资产证券化，在境内外市场发行，吸引更多人民币回流####2.**贸易政策调整**-**扩大进口政策**：对使用人民币结算且用于国内消费的进口商品，给予关税减免和通关便利-**鼓励境外采购**：对从境外采购原材料、零部件用于国内生产的企业，提供人民币结算的融资支持和汇率风险对冲工具-**建立跨境电商人民币结算绿色通道**：简化跨境电商人民币结算流程，降低结算成本####3.**投资政策引导**-**鼓励境内企业海外投资**：支持境内企业通过海外并购、绿地投资等方式获取境外利润，并引导其将利润回流国内进行再投资-**吸引境外人民币直接投资**：对使用人民币进行直接投资的境外投资者，给予税收优惠和市场准入便利-**建立境外利润回流投资引导目录**：明确鼓励投资的领域（如先进制造业、现代服务业、科技创新等）---###📊**三、传导机制：利润回流到内需的具体路径**
4.0,公众反馈/举报,"{'1': 0.0, '2': 0.0, '3': 0.0, '4': 1.0}",0.0,---
3.0,民生服务,"{'1': 0.0, '2': 0.0, '3': 1.0, '4': 0.0}",0.0,-**技术回流**：鼓励跨国企业将境外利润投入到国内研发中心建设，提升国内产业的技术水平
4.0,公众反馈/举报,"{'1': 0.0, '2': 0.0, '3': 0.0, '4': 1.0}",0.0,-**产能回流**：引导企业将境外利润用于国内产能升级，扩大国内生产能力，满足国内市场需求
0.0,,"{'1': 0.0, '2': 0.0, '3': 0.0, '4': 0.0}",0.0,-**市场拓展**：支持企业将境外利润用于国内市场的品牌建设和营销网络拓展，提升国内市场份额
3.0,民生服务,"{'1': 0.0, '2': 0.0, '3': 1.0, '4': 0.0}",0.0,####2.**居民层面：财富效应与消费升级**
0.0,,"{'1': 0.0, '2': 0.0, '3': 0.0, '4': 0.0}",0.0,-**增加居民收入**：通过提高企业盈利能力和分红水平，增加居民的财产性收入，提升居民消费能力
4.0,公众反馈/举报,"{'1': 0.0, '2': 0.0, '3': 0.0, '4': 1.0}",0.0,-**丰富消费选择**：鼓励进口更多高品质的商品和服务，满足居民日益增长的美好生活需要
,,,,####3.**政府层面：公共服务与基础设施投入**
1.0,政务发布,"{'1': 1.0, '2': 0.0, '3': 0.0, '4': 0.0}",0.0,-**增加财政收入**：通过对境外利润汇回的税收收入，增加政府财政收入，为公共服务和基础设施建设提供资金支持
4.0,公众反馈/举报,"{'1': 0.0, '2': 0.0, '3': 0.0, '4': 1.0}",0.0,-**促进消费升级**：推动境外利润回流到教育、医疗、文化、旅游等领域，提升国内消费供给质量
0.0,,"{'1': 0.0, '2': 0.0, '3': 0.0, '4': 0.0}",0.0,-**优化财政支出结构**：加大对教育、医疗、社会保障等民生领域的投入，提升居民消费意愿和能力
1.0,政务发布,"{'1': 1.0, '2': 0.0, '3': 0.0, '4': 0.0}",0.0,-**改善基础设施**：将部分境外利润回流资金用于交通、能源、通信等基础设施建设，降低国内生产和流通成本
4.0,公众反馈/举报,"{'1': 0.0, '2': 0.0, '3': 0.0, '4': 1.0}",0.0,---
1.0,政务发布,"{'1': 0.0, '2': 0.0, '3': 0.0, '4': 0.0}",0.0,####1.**能源资源领域**
4.0,公众反馈/举报,"{'1': 0.0, '2': 0.0, '3': 0.0, '4': 1.0}",0.0,###🔄**四、保障机制：确保利润回流的可持续性**####1.**汇率稳定机制**-**完善人民币汇率形成机制**：保持人民币汇率在合理均衡水平上的基本稳定，降低企业汇率风险-**加强跨境资金流动监测**：建立健全跨境资金流动监测预警体系，防范短期跨境资本流动对汇率的冲击-**丰富汇率风险管理工具**：为企业提供更多的汇率风险管理工具（如远期外汇合约、货币互换等），帮助企业规避汇率风险####2.**金融市场开放**-**扩大金融市场准入**：进一步开放国内金融市场，吸引更多境外投资者参与，提升人民币资产的吸引力-**丰富金融产品供给**：推出更多适合境外投资者的人民币金融产品，如人民币国债、人民币股票、人民币基金等-**完善金融市场基础设施**：加强金融市场基础设施建设，提高金融市场的效率和透明度####3.**国际合作机制**-**加强双边货币合作**：与更多国家和地区签署双边本币互换协议，扩大人民币在国际贸易和投资中的使用范围-**推动多边金融合作**：积极参与国际金融治理改革，提升人民币在国际货币体系中的地位-**建立全球人民币清算网络**：完善全球人民币清算网络，提高人民币跨境支付的效率和安全性---###🌍**五、全球合作中的利润回流重点领域**
4.0,公众反馈/举报,"{'1': 0.0, '2': 0.0, '3': 0.0, '4': 1.0}",0.0,-**推动大宗商品人民币结算**：扩大石油、天然气、铁矿石等大宗商品的人民币结算规模，减少外汇需求
4.0,公众反馈/举报,"{'1': 0.0, '2': 0.0, '3': 0.0, '4': 1.0}",0.0,-**支持能源资源企业海外投资**：鼓励能源资源企业通过海外投资获取资源权益，并引导其将利润回流国内
1.0,政务发布,"{'1': 1.0, '2': 0.0, '3': 0.0, '4': 0.0}",0.0,-**建立资源储备体系**：利用境外利润回流资金，建立战略资源储备体系，保障国内能源资源安全
0.0,,"{'1': 0.0, '2': 0.0, '3': 0.0, '4': 0.0}",0.0,####2.**先进制造业领域**
4.0,公众反馈/举报,"{'1': 0.0, '2': 0.0, '3': 0.0, '4': 1.0}",0.0,-**支持企业海外并购**：鼓励企业通过海外并购获取先进技术和品牌，提升国内产业的竞争力
1.0,政务发布,"{'1': 1.0, '2': 0.0, '3': 0.0, '4': 0.0}",0.0,-**推动高端装备出口**：鼓励高端装备制造企业扩大出口，获取更多境外利润
1.0,政务发布,"{'1': 1.0, '2': 0.0, '3': 0.0, '4': 0.0}",0.0,-**支持企业海外研发**：鼓励企业在海外设立研发中心，利用全球创新资源提升自身技术水平
1.0,政务发布,"{'1': 1.0, '2': 0.0, '3': 0.0, '4': 0.0}",0.0,####3.**科技创新领域**
4.0,公众反馈/举报,"{'1': 0.0, '2': 0.0, '3': 0.0, '4': 1.0}",0.0,-**促进制造业升级**：引导境外利润回流到制造业升级领域，推动制造业向高端化、智能化、绿色化发展
0.0,,"{'1': 0.0, '2': 0.0, '3': 0.0, '4': 0.0}",0.0,-**吸引境外创新资源**：利用境外利润回流资金，吸引境外高端人才、技术和项目进入国内
1.0,政务发布,"{'1': 1.0, '2': 0.0, '3': 0.0, '4': 0.0}",0.0,-**推动科技创新成果转化**：加大对科技创新成果转化的支持力度，提升国内创新能力和产业竞争力
3.0,民生服务,"{'1': 0.0, '2': 0.0, '3': 1.0, '4': 0.0}",0.0,R1cqZAmhD
1.0,政务发布,"{'1': 1.0, '2': 0.0, '3': 0.0, '4': 0.0}",0.0,"###🌟**总结：构建全球利润反哺内需的良性循环**将人民币国际化和全球合作的利润反哺内需，是一个系统工程，需要政府、企业和市场的共同努力：1.**政府层面**：加强顶层设计，完善政策法规，提供政策支持和引导2.**企业层面**：积极响应国家号召，优化境外利润管理，推动利润回流国内3.**市场层面**：完善金融市场体系，丰富金融产品供给，为利润回流提供便利渠道通过以上措施，我们可以构建一个\""全球资源获取-全球利润创造-利润回流国内-内需市场扩大\""的良性循环，实现内外市场的更好联通和相互促进，推动中国经济的高质量发展。如果需要更具体的政策解读或实施建议，我可以为你提供更详细的信息。以上内容由AI搜集并生成，仅供参考"""
1.0,政务发布,"{'1': 1.0, '2': 0.0, '3': 0.0, '4': 0.0}",0.0,---
1.0,政务发布,"{'1': 0.8, '2': 0.0, '3': 0.2, '4': 0.0}",0.8,R1dbDzcQX
4.0,公众反馈/举报,"{'1': 0.0, '2': 0.2, '3': 0.3, '4': 0.5}",-0.2,R07MFDDET
3.0,民生服务,"{'1': 0.0, '2': 0.0, '3': 1.0, '4': 0.0}",0.5,R05uZCyfI
1.0,政务发布,"{'1': 1.0, '2': 0.0, '3': 0.0, '4': 0.0}",0.9,R06XxFKnL
4.0,公众反馈/举报,"{'1': 0.0, '2': 0.2, '3': 0.1, '4': 0.7}",-0.8,R07N7EBD3
1.0,政务发布,"{'1': 1.0, '2': 0.0, '3': 0.0, '4': 0.0}",0.0,R062jyxc0
4.0,公众反馈/举报,"{'1': 0.0, '2': 0.0, '3': 0.0, '4': 1.0}",0.3,R07u9B8H4
4.0,公众反馈/举报,"{'1': 0.0, '2': 0.0, '3': 0.0, '4': 1.0}",0.1,R07P33BT2
3.0,民生服务,"{'1': 0.0, '2': 0.0, '3': 1.0, '4': 0.0}",0.3,R07VD83KJ
1.0,政务发布,"{'1': 1.0, '2': 0.0, '3': 0.0, '4': 0.0}",0.5,R08pG0zUh
4.0,公众反馈/举报,"{'1': 0.0, '2': 0.0, '3': 0.0, '4': 1.0}",-1.0,R0UdA7aV9
3.0,民生服务,"{'1': 0.0, '2': 0.0, '3': 1.0, '4': 0.0}",0.0,R0VEBj7E1
0.0,,"{'1': 0.0, '2': 0.0, '3': 0.0, '4': 0.0}",0.0,R247lELQy
4.0,公众反馈/举报,"{'1': 0.0, '2': 0.0, '3': 0.0, '4': 1.0}",-0.9,R0SwX3dHp
4.0,公众反馈/举报,"{'1': 0.0, '2': 0.0, '3': 0.0, '4': 1.0}",0.0,R0Ut9DgAN
1.0,政务发布,"{'1': 1.0, '2': 0.0, '3': 0.0, '4': 0.0}",0.9,R24pOsnmK
3.0,民生服务,"{'1': 0.2, '2': 0.0, '3': 0.8, '4': 0.0}",0.7,QFWhIuEwZ
3.0,民生服务,"{'1': 0.0, '2': 0.2, '3': 0.8, '4': 0.0}",0.7,QFWG533Pq
4.0,公众反馈/举报,"{'1': 0.0, '2': 0.0, '3': 0.0, '4': 1.0}",-1.0,R00e6EpYr
3.0,民生服务,"{'1': 0.0, '2': 0.0, '3': 1.0, '4': 0.0}",0.0,QFTttmFKf
1.0,政务发布,"{'1': 1.0, '2': 0.0, '3': 0.0, '4': 0.0}",0.9,QFWrrgL0n
1.0,政务发布,"{'1': 1.0, '2': 0.0, '3': 0.0, '4': 0.0}",0.8,R00ftv43x
4.0,公众反馈/举报,"{'1': 0.0, '2': 0.0, '3': 0.0, '4': 1.0}",0.0,R01HOiKPL
4.0,公众反馈/举报,"{'1': 0.0, '2': 0.1, '3': 0.2, '4': 0.7}",-1.0,QFUoqtkmx
1,政务发布,"{'1': 1.0, '2': 0.0, '3': 0.0, '4': 0.0}",0.9,QFX9nDtD8
1,政务发布,"{'1': 1.0, '2': 0.0, '3': 0.0, '4': 0.0}",0.8,QFVsYDRl4
4,公众反馈/举报,"{'1': 0.0, '2': 0.0, '3': 0.0, '4': 1.0}",-0.9,R00e6EpYr
3,民生服务,"{'1': 0.0, '2': 0.0, '3': 1.0, '4': 0.0}",0.8,QFWhIuEwZ
1,政务发布,"{'1': 1.0, '2': 0.0, '3': 0.0, '4': 0.0}",0.5,QFTttmFKf
3,民生服务,"{'1': 0.0, '2': 0.0, '3': 1.0, '4': 0.0}",0.6,QFWG533Pq
1,政务发布,"{'1': 1.0, '2': 0.0, '3': 0.0, '4': 0.0}",0.9,QFWrrgL0n
4,公众反馈/举报,"{'1': 0.0, '2': 0.0, '3': 0.1, '4': 0.9}",-0.9,QFUoqtkmx
4,公众反馈/举报,"{'1': 0.0, '2': 0.0, '3': 0.0, '4': 1.0}",0.0,R01HOiKPL
1,政务发布,"{'1': 1.0, '2': 0.0, '3': 0.0, '4': 0.0}",0.8,R00ftv43x
1,政务发布,"{'1': 1.0, '2': 0.0, '3': 0.0, '4': 0.0}",1.0,QFX9nDtD8
1,政务发布,"{'1': 1.0, '2': 0.0, '3': 0.0, '4': 0.0}",0.8,QFVsYDRl4
3,民生服务,"{'1': 0.0, '2': 0.0, '3': 1.0, '4': 0.0}",0.8,R000hDgSJ
4,公众反馈/举报,"{'1': 0.0, '2': 0.0, '3': 0.0, '4': 1.0}",0.0,QFWQiDkZk
1,政务发布,"{'1': 1.0, '2': 0.0, '3': 0.0, '4': 0.0}",0.9,QFU6qyPQT
1,政务发布,"{'1': 1.0, '2': 0.0, '3': 0.0, '4': 0.0}",0.7,R00CGhk1x
1,政务发布,"{'1': 1.0, '2': 0.0, '3': 0.0, '4': 0.0}",0.8,QFUaRmhvf
4,公众反馈/举报,"{'1': 0.0, '2': 1.0, '3': 0.0, '4': 1.0}",-0.9,QFQ2UEehW
1,政务发布,"{'1': 1.0, '2': 0.0, '3': 0.0, '4': 0.0}",0.8,QFUh3vH5c
4,公众反馈/举报,"{'1': 0.0, '2': 0.0, '3': 0.0, '4': 1.0}",-0.8,QFU5usP3W
1,政务发布,"{'1': 1.0, '2': 0.0, '3': 0.0, '4': 0.0}",0.8,R000hDgSJ
2,城市问题,"{'1': 0.0, '2': 1.0, '3': 0.0, '4': 0.0}",0.0,QFWQiDkZk
1,政务发布,"{'1': 1.0, '2': 0.0, '3': 0.0, '4': 0.0}",0.8,QFUaRmhvf
1,政务发布,"{'1': 1.0, '2': 0.0, '3': 0.0, '4': 0.0}",0.9,R00CGhk1x
1,政务发布,"{'1': 1.0, '2': 0.0, '3': 0.0, '4': 0.0}",0.9,QFU6qyPQT
1,政务发布,"{'1': 1.0, '2': 0.0, '3': 0.0, '4': 0.0}",0.8,QFUh3vH5c
4,公众反馈/举报,"{'1': 0.0, '2': 0.3, '3': 0.1, '4': 0.6}",-0.9,QFQ2UEehW
4,公众反馈/举报,"{'1': 0.0, '2': 0.2, '3': 0.1, '4': 0.7}",-1.0,QFU5usP3W
4,公众反馈/举报,"{'1': 0.0, '2': 0.0, '3': 0.0, '4': 1.0}",-1.0,R1dxvmNDM
1,政务发布,"{'1': 1.0, '2': 0.0, '3': 0.0, '4': 0.0}",0.8,R19MAb9L0
4,公众反馈/举报,"{'1': 0.0, '2': 0.0, '3': 0.0, '4': 1.0}",-1.0,QFVTRzsp8
1,政务发布,"{'1': 1.0, '2': 0.0, '3': 0.0, '4': 0.0}",1.0,R1bBZDmKb
1,政务发布,"{'1': 1.0, '2': 0.0, '3': 0.0, '4': 0.0}",0.9,QFTxKg80X
3,民生服务,"{'1': 0.0, '2': 0.0, '3': 1.0, '4': 0.0}",1.0,QFX8w1PVz
4,公众反馈/举报,"{'1': 0.0, '2': 0.0, '3': 0.0, '4': 1.0}",0.8,QFSP2gzU0
4,公众反馈/举报,"{'1': 0.0, '2': 0.0, '3': 0.0, '4': 1.0}",-0.9,QFXhxFhqM
1,政务发布,"{'1': 1.0, '2': 0.0, '3': 0.0, '4': 0.0}",0.8,QFVB9EpaS
1,政务发布,"{'1': 1.0, '2': 0.0, '3': 0.0, '4': 0.0}",0.85,QFWbgaCRF
4,公众反馈/举报,"{'1': 0.0, '2': 0.0, '3': 0.0, '4': 1.0}",0.0,QFWf3CCSz
4,公众反馈/举报,"{'1': 0.0, '2': 0.0, '3': 0.0, '4': 1.0}",-0.9,QFVTRzsp8
1,政务发布,"{'1': 1.0, '2': 0.0, '3': 0.0, '4': 0.0}",0.9,QFTxKg80X
3,民生服务,"{'1': 0.0, '2': 0.0, '3': 1.0, '4': 0.0}",0.9,QFX8w1PVz
4,公众反馈/举报,"{'1': 0.0, '2': 0.0, '3': 0.0, '4': 1.0}",0.9,QFSP2gzU0
3,民生服务,"{'1': 0.3, '2': 0.0, '3': 0.7, '4': 0.0}",0.9,QFVB9EpaS
4,公众反馈/举报,"{'1': 0.0, '2': 0.0, '3': 0.0, '4': 1.0}",-0.9,QFXhxFhqM
4,公众反馈/举报,"{'1': 0.0, '2': 0.0, '3': 0.0, '4': 1.0}",-0.5,QFWf3CCSz
1,政务发布,"{'1': 1.0, '2': 0.0, '3': 0.0, '4': 0.0}",0.9,QFWbgaCRF
4,公众反馈/举报,"{'1': 0.0, '2': 0.0, '3': 0.0, '4': 1.0}",-0.6,QFnDWsE3p
3,民生服务,"{'1': 0.0, '2': 0.0, '3': 1.0, '4': 0.0}",0.0,QFnAUikFm
1,政务发布,"{'1': 1.0, '2': 0.0, '3': 0.0, '4': 0.0}",0.9,QFkP1kRoU
4,公众反馈/举报,"{'1': 0.0, '2': 0.0, '3': 0.0, '4': 1.0}",0.9,QFnvfxhio
3,民生服务,"{'1': 0.0, '2': 0.0, '3': 1.0, '4': 0.0}",0.0,QFnwenpNX
2,城市问题,"{'1': 0.0, '2': 1.0, '3': 0.0, '4': 0.0}",-0.7,QFk1YjGZU
1,政务发布,"{'1': 1.0, '2': 0.0, '3': 0.0, '4': 0.0}",0.8,QFi7ctV3g
1,政务发布,"{'1': 1.0, '2': 0.0, '3': 0.0, '4': 0.0}",0.3,QFhFwqQDM
3,民生服务,"{'1': 0.0, '2': 0.0, '3': 1.0, '4': 0.0}",0.0,QFm2RuFI7
3,民生服务,"{'1': 0.0, '2': 0.0, '3': 1.0, '4': 0.0}",0.6,QFkU5kH8J
4,公众反馈/举报,"{'1': 0.0, '2': 0.0, '3': 0.0, '4': 1.0}",-0.5,QFm1agRcS
1,政务发布,"{'1': 1.0, '2': 0.0, '3': 0.0, '4': 0.0}",0.3,QFkzJnppd
4,公众反馈/举报,"{'1': 0.0, '2': 0.5, '3': 0.0, '4': 1.0}",-0.9,R2hcAFz3R
1,政务发布,"{'1': 1.0, '2': 0.0, '3': 0.0, '4': 0.0}",0.9,R2imDCN77
3,民生服务,"{'1': 0.0, '2': 0.0, '3': 1.0, '4': 0.0}",0.0,QFkwRubQg
1,政务发布,"{'1': 1.0, '2': 0.0, '3': 0.0, '4': 0.0}",0.0,R2gNJ3B2z
3,民生服务,"{'1': 0.0, '2': 0.0, '3': 1.0, '4': 0.0}",0.8,R2jmpwi3G
1,政务发布,"{'1': 0.9, '2': 0.1, '3': 0.0, '4': 0.0}",0.0,R2gYysdiT
1,政务发布,"{'1': 1.0, '2': 0.0, '3': 0.0, '4': 0.0}",0.8,R2heZ3aCZ
3,民生服务,"{'1': 0.0, '2': 0.0, '3': 1.0, '4': 0.0}",0.8,R2gBAuJMG
4,公众反馈/举报,"{'1': 0.0, '2': 0.0, '3': 0.0, '4': 1.0}",-0.2,R2dNjsAqy
4,公众反馈/举报,"{'1': 0.0, '2': 0.0, '3': 0.0, '4': 1.0}",-0.8,R2fFm64ie
1,政务发布,"{'1': 1.0, '2': 0.0, '3': 0.0, '4': 0.0}",0.3,R2fzpp1Lu
1,政务发布,"{'1': 1.0, '2': 0.0, '3': 0.0, '4': 0.0}",0.8,R2dnkEr3J
4,公众反馈/举报,"{'1': 0.0, '2': 0.0, '3': 0.0, '4': 1.0}",0.8,R2g6scLoO
4,公众反馈/举报,"{'1': 0.0, '2': 0.0, '3': 0.0, '4': 1.0}",0.5,R242tmv3P
4,公众反馈/举报,"{'1': 0.0, '2': 0.0, '3': 0.0, '4': 1.0}",-0.9,R23v7eJRA
1,政务发布,"{'1': 1.0, '2': 0.0, '3': 0.0, '4': 0.0}",0.5,R26DcwRo9
1,政务发布,"{'1': 0.8, '2': 0.0, '3': 0.2, '4': 0.0}",0.9,R0TE8oPmU
4,公众反馈/举报,"{'1': 0.0, '2': 0.0, '3': 0.0, '4': 1.0}",-0.6,R0W7hyb02
4,公众反馈/举报,"{'1': 0.0, '2': 0.0, '3': 0.0, '4': 1.0}",-1.0,R0UNNdORO
3,民生服务,"{'1': 0.1, '2': 0.0, '3': 0.9, '4': 0.0}",0.0,R0VWW5Nzc
3,民生服务,"{'1': 0.0, '2': 0.0, '3': 1.0, '4': 0.0}",0.6,R0RfUmhTc
1,政务发布,"{'1': 1.0, '2': 0.0, '3': 0.0, '4': 0.0}",0.6,R0U4Ujljr
1,政务发布,"{'1': 1.0, '2': 0.0, '3': 0.0, '4': 0.0}",0.3,R0SnAbmpc
1,政务发布,"{'1': 1.0, '2': 0.0, '3': 0.0, '4': 0.0}",0.5,R1mzn3ie7
1,政务发布,"{'1': 0.9, '2': 0.0, '3': 0.1, '4': 0.0}",0.7,R1msyDMn3
1,政务发布,"{'1': 1.0, '2': 0.0, '3': 0.0, '4': 0.0}",0.0,R1oLS1jzb
3,民生服务,"{'1': 0.0, '2': 0.0, '3': 1.0, '4': 0.0}",0.0,QFnHekXG5
3,民生服务,"{'1': 0.0, '2': 0.0, '3': 1.0, '4': 0.0}",0.8,QFirFEmp0
1,政务发布,"{'1': 0.8, '2': 0.0, '3': 0.1, '4': 0.1}",0.9,QFnze8KjH
1,政务发布,"{'1': 1.0, '2': 0.0, '3': 0.0, '4': 0.0}",0.0,QFkUHgJEk
4,公众反馈/举报,"{'1': 0.0, '2': 0.0, '3': 0.0, '4': 1.0}",0.2,QFiBRo0g9
1,政务发布,"{'1': 1.0, '2': 0.0, '3': 0.0, '4': 0.0}",0.8,QFibSxDXm
1,政务发布,"{'1': 1.0, '2': 0.0, '3': 0.0, '4': 0.0}",0.8,QFhqUg28w
1,政务发布,"{'1': 1.0, '2': 0.0, '3': 0.0, '4': 0.0}",0.0,QFmVP2dr5
1,政务发布,"{'1': 1.0, '2': 0.0, '3': 0.0, '4': 0.0}",0.8,QFj4Pz1SL
1,政务发布,"{'1': 1.0, '2': 0.0, '3': 0.0, '4': 0.0}",0.9,QFkzltv1b
4,公众反馈/举报,"{'1': 0.0, '2': 0.0, '3': 0.0, '4': 1.0}",-1.0,QFlDMzGrY
4,公众反馈/举报,"{'1': 0.0, '2': 0.0, '3': 0.0, '4': 1.0}",0.0,R1NqF0pF8
4,公众反馈/举报,"{'1': 0.0, '2': 0.0, '3': 0.0, '4': 1.0}",-0.5,R1L4B9bJL
4,公众反馈/举报,"{'1': 0.0, '2': 0.0, '3': 0.0, '4': 1.0}",-0.2,R1I72c9Kq
3,民生服务,"{'1': 0.0, '2': 0.0, '3': 1.0, '4': 0.0}",0.0,R18cdcGfZ
1,政务发布,"{'1': 1.0, '2': 0.0, '3': 0.0, '4': 0.0}",0.8,R1cNnofLZ
4,公众反馈/举报,"{'1': 0.0, '2': 0.0, '3': 0.8, '4': 1.0}",0.0,R1cRqfAr3
3,民生服务,"{'1': 0.0, '2': 0.0, '3': 1.0, '4': 0.0}",0.0,R16d8oi5U
1,政务发布,"{'1': 1.0, '2': 0.0, '3': 0.0, '4': 0.0}",0.5,R19WWbTf8
4,公众反馈/举报,"{'1': 0.0, '2': 0.0, '3': 0.0, '4': 1.0}",-0.9,R1e8jagCK
4,公众反馈/举报,"{'1': 0.0, '2': 0.0, '3': 0.1, '4': 0.9}",0.0,QEVdds6nN
2,城市问题,"{'1': 0.0, '2': 1.0, '3': 0.0, '4': 0.0}",0.8,R1c1SEAgR
3,民生服务,"{'1': 0.0, '2': 0.0, '3': 1.0, '4': 0.0}",0.8,QEV76v35I
1,政务发布,"{'1': 1.0, '2': 0.0, '3': 0.0, '4': 0.0}",0.0,QEVgwE262
1,政务发布,"{'1': 1.0, '2': 0.0, '3': 0.0, '4': 0.0}",0.8,R00jxfDqw
4,公众反馈/举报,"{'1': 0.0, '2': 0.0, '3': 0.0, '4': 1.0}",0.0,QER1LaHWj
1,政务发布,"{'1': 1.0, '2': 0.0, '3': 0.0, '4': 0.0}",0.8,QESN9rswj
1,政务发布,"{'1': 1.0, '2': 0.0, '3': 0.0, '4': 0.0}",0.8,QFUJYfJB2
1,政务发布,"{'1': 1.0, '2': 0.0, '3': 0.0, '4': 0.0}",1.0,QFVX7Ecru
4,公众反馈/举报,"{'1': 0.0, '2': 0.3, '3': 0.2, '4': 1.0}",-0.9,QFUFpBh8L
1,政务发布,"{'1': 1.0, '2': 0.0, '3': 0.0, '4': 0.0}",0.8,QFWykD1sX
1,政务发布,"{'1': 1.0, '2': 0.0, '3': 0.0, '4': 0.0}",0.8,QFWlx5x0r
4,公众反馈/举报,"{'1': 0.0, '2': 0.2, '3': 0.3, '4': 0.5}",-0.9,QFWG60Ibt
1,政务发布,"{'1': 1.0, '2': 0.0, '3': 0.0, '4': 0.0}",0.5,R01LkiI7b
2,城市问题,"{'1': 0.0, '2': 1.0, '3': 0.0, '4': 0.0}",-0.3,QFWRweWad
1,政务发布,"{'1': 1.0, '2': 0.0, '3': 0.0, '4': 0.0}",0.8,QFUJYfJB2
1,政务发布,"{'1': 1.0, '2': 0.0, '3': 0.0, '4': 0.0}",0.8,R00jxfDqw
1,政务发布,"{'1': 1.0, '2': 0.0, '3': 0.0, '4': 0.0}",0.8,QFW9xpIbz
1,政务发布,"{'1': 1.0, '2': 0.0, '3': 0.0, '4': 0.0}",0.8,QFVX7Ecru
1,政务发布,"{'1': 1.0, '2': 0.0, '3': 0.0, '4': 0.0}",0.8,QFWlx5x0r
4,公众反馈/举报,"{'1': 0.0, '2': 0.0, '3': 0.0, '4': 1.0}",0.5,QFWykD1sX
4,公众反馈/举报,"{'1': 0.0, '2': 0.0, '3': 0.0, '4': 1.0}",-1.0,QFUFpBh8L
4,公众反馈/举报,"{'1': 0.0, '2': 0.2, '3': 0.1, '4': 0.7}",-0.9,QFWG60Ibt
1,政务发布,"{'1': 1.0, '2': 0.0, '3': 0.0, '4': 0.0}",0.8,R01LkiI7b
1,政务发布,"{'1': 1.0, '2': 0.0, '3': 0.0, '4': 0.0}",0.8,QFW9xpIbz
4,公众反馈/举报,"{'1': 0.0, '2': 0.0, '3': 0.0, '4': 1.0}",-0.5,QFWRweWad
3,民生服务,"{'1': 0.0, '2': 0.0, '3': 1.0, '4': 0.0}",0.0,QFmPI2YFt
1,政务发布,"{'1': 1.0, '2': 0.0, '3': 0.0, '4': 0.0}",0.8,QFlXZdvba
3,民生服务,"{'1': 0.0, '2': 0.0, '3': 1.0, '4': 0.0}",0.5,QFl9EegDo
1,政务发布,"{'1': 1.0, '2': 0.0, '3': 0.0, '4': 0.0}",1.0,QFlOUdeh2
1,政务发布,"{'1': 1.0, '2': 0.0, '3': 0.0, '4': 0.0}",0.9,QFkQcDQrn
3,民生服务,"{'1': 0.0, '2': 0.0, '3': 1.0, '4': 0.0}",0.0,QFnlHfGJW
3,民生服务,"{'1': 0.1, '2': 0.0, '3': 0.9, '4': 0.0}",0.8,QFkrozuLU
1,政务发布,"{'1': 1.0, '2': 0.0, '3': 0.0, '4': 0.0}",0.5,QFlJs0LlX
4,公众反馈/举报,"{'1': 0.0, '2': 0.0, '3': 0.0, '4': 1.0}",-0.8,QFm37s5BN
3,民生服务,{'3': 1.0},0.9,QFkm2caOG
4,公众反馈/举报,{'4': 1.0},0.9,QFkm0pGP3
1,政务发布,"{'1': 1.0, '2': 0.0, '3': 0.0, '4': 0.0}",0.0,QFkxsb0QN
1,政务发布,"{'1': 1.0, '2': 0.0, '3': 0.0, '4': 0.0}",0.9,R12RPl2a1
3,民生服务,"{'1': 0.0, '2': 0.0, '3': 1.0, '4': 0.0}",0.8,QFk2mgUqM
4,公众反馈/举报,"{'1': 0.0, '2': 0.0, '3': 0.0, '4': 1.0}",0.6,R10q5uCWE
1,政务发布,"{'1': 1.0, '2': 0.0, '3': 0.0, '4': 0.0}",0.8,R12U9efTB
3,民生服务,"{'1': 0.0, '2': 0.0, '3': 1.0, '4': 0.0}",0.9,QEettlLZ3
4,公众反馈/举报,"{'1': 0.0, '2': 0.0, '3': 0.0, '4': 1.0}",-0.9,QEfwY9OJk
1,政务发布,"{'1': 1.0, '2': 0.0, '3': 0.0, '4': 0.0}",0.8,QEeYOiWAd
4,公众反馈/举报,"{'1': 0.0, '2': 0.0, '3': 0.0, '4': 1.0}",-0.5,QEiI7arHJ
1,政务发布,"{'1': 1.0, '2': 0.0, '3': 0.0, '4': 0.0}",0.0,R0SzR4V24
4,公众反馈/举报,"{'1': 0.0, '2': 0.0, '3': 0.0, '4': 1.0}",0.3,R0VUB0DJd
1,政务发布,"{'1': 1.0, '2': 0.0, '3': 0.0, '4': 0.0}",0.8,R0SK0rxsN
2,城市问题,"{'1': 0.0, '2': 1.0, '3': 0.0, '4': 0.0}",0.2,R0VKAjEoR
4,公众反馈/举报,"{'1': 0.0, '2': 0.0, '3': 0.0, '4': 1.0}",0.0,R0Tdyuyq0
3,民生服务,"{'1': 0.2, '2': 0.0, '3': 0.8, '4': 0.0}",0.6,R0SDmg3eu
4,公众反馈/举报,"{'1': 0.0, '2': 0.0, '3': 0.1, '4': 0.9}",-0.1,R0VgYxM95
1,政务发布,"{'1': 1.0, '2': 0.0, '3': 0.0, '4': 0.0}",1.0,R0W0AkY1B
4,公众反馈/举报,"{'1': 0.0, '2': 0.0, '3': 0.0, '4': 1.0}",-0.3,R0S50563T
1,政务发布,"{'1': 1.0, '2': 0.0, '3': 0.0, '4': 0.0}",0.6,QFliV0w4J
1,政务发布,"{'1': 1.0, '2': 0.0, '3': 0.0, '4': 0.0}",0.3,QFkgGvK7E
1,政务发布,"{'1': 1.0, '2': 0.0, '3': 0.0, '4': 0.0}",-0.2,QFmxvcPcp
4,公众反馈/举报,"{'1': 0.0, '2': 0.0, '3': 0.0, '4': 1.0}",-0.3,QFmUhprAd
4,公众反馈/举报,"{'1': 0.0, '2': 0.5, '3': 0.0, '4': 0.5}",-0.9,QFhUG6Smb
4,公众反馈/举报,"{'1': 0.0, '2': 0.2, '3': 0.3, '4': 0.5}",-0.8,QFjosphkq
1,政务发布,"{'1': 1.0, '2': 0.0, '3': 0.0, '4': 0.0}",0.0,QFmQ825Kr
4,公众反馈/举报,"{'1': 0.0, '2': 0.0, '3': 0.0, '4': 1.0}",0.0,QFkwThLgi
4,公众反馈/举报,"{'1': 0.0, '2': 0.0, '3': 0.0, '4': 1.0}",-0.6,R06ldmaG6
1,政务发布,"{'1': 1.0, '2': 0.0, '3': 0.0, '4': 0.0}",1.0,R06Cqk9y5
1,政务发布,"{'1': 0.9, '2': 0.0, '3': 0.1, '4': 0.0}",0.8,R05PA2AID
4,公众反馈/举报,"{'1': 0.0, '2': 0.0, '3': 0.0, '4': 1.0}",-0.8,R09eBjh7Q
1,政务发布,"{'1': 1.0, '2': 0.0, '3': 0.0, '4': 0.0}",0.6,R05SSE0vB
4,公众反馈/举报,"{'1': 0.0, '2': 0.0, '3': 0.0, '4': 1.0}",0.0,R05pk1N9d
1,政务发布,"{'1': 1.0, '2': 0.0, '3': 0.0, '4': 0.0}",0.8,R05uvcBh5
2,城市问题,"{'1': 0.0, '2': 1.0, '3': 0.0, '4': 0.0}",0.8,QFn6P6mIP
1,政务发布,"{'1': 1.0, '2': 0.0, '3': 0.0, '4': 0.0}",0.7,R08EfitmA
3,民生服务,"{'1': 0.0, '2': 0.0, '3': 1.0, '4': 0.0}",0.9,QFmhEa24W
4,公众反馈/举报,"{'1': 0.0, '2': 0.0, '3': 0.0, '4': 1.0}",0.0,QFmytFCgK
4,公众反馈/举报,"{'1': 0.0, '2': 0.0, '3': 0.0, '4': 1.0}",-0.9,QFmQLci11
1,政务发布,"{'1': 1.0, '2': 0.0, '3': 0.0, '4': 0.0}",1.0,QFlSyp54Z
1,政务发布,"{'1': 1.0, '2': 0.0, '3': 0.0, '4': 0.0}",0.8,QFlUJrsY7
0,,"{'1': 0.0, '2': 0.0, '3': 0.0, '4': 0.0}",0.0,QFjayB2uG
1,政务发布,"{'1': 1.0, '2': 0.0, '3': 0.0, '4': 0.0}",1.0,QFiAogI7a
1,政务发布,"{'1': 1.0, '2': 0.0, '3': 0.0, '4': 0.0}",0.8,QFk6fo9Uk
1,政务发布,"{'1': 1.0, '2': 0.0, '3': 0.0, '4': 0.0}",0.0,QFiZu78H7
1,政务发布,"{'1': 1.0, '2': 0.0, '3': 0.0, '4': 0.0}",1.0,QFhYi6Ygb
2,城市问题,"{'1': 0.0, '2': 1.0, '3': 0.0, '4': 0.0}",-0.5,QFm03qUgf
4,公众反馈/举报,"{'1': 0.0, '2': 0.0, '3': 0.0, '4': 1.0}",0.0,QFiZqgAxi
4,公众反馈/举报,"{'1': 0.0, '2': 0.0, '3': 0.0, '4': 1.0}",-0.6,QEB1233U2
4,公众反馈/举报,"{'1': 0.0, '2': 0.2, '3': 0.1, '4': 0.7}",-0.8,QEz5flfbh
4,公众反馈/举报,"{'1': 0.0, '2': 0.0, '3': 0.0, '4': 1.0}",0.9,QEAzgtwvb
3,民生服务,"{'1': 0.0, '2': 0.0, '3': 1.0, '4': 0.0}",0.2,QEA5seMCH
4,公众反馈/举报,"{'1': 0.0, '2': 0.0, '3': 0.0, '4': 1.0}",0.6,QF3stlLtr
4,公众反馈/举报,"{'1': 0.0, '2': 0.3, '3': 0.0, '4': 0.7}",-0.9,QF4aCbArP
4,公众反馈/举报,"{'1': 0.0, '2': 0.0, '3': 0.0, '4': 1.0}",0.0,R1Hvc4ego
3,民生服务,"{'1': 0.0, '2': 0.0, '3': 1.0, '4': 0.0}",0.5,R1BWjidpe
1,政务发布,"{'1': 1.0, '2': 0.0, '3': 0.0, '4': 0.0}",0.0,R1DToxh1h
1,政务发布,"{'1': 1.0, '2': 0.0, '3': 0.0, '4': 0.0}",0.3,R1j0vvvmK
4,公众反馈/举报,"{'1': 0.0, '2': 0.2, '3': 0.0, '4': 0.8}",-0.9,R1DU7eYSj
1,政务发布,"{'1': 0.9, '2': 0.0, '3': 0.1, '4': 0.0}",0.9,R1jaV5aPk
1,政务发布,"{'1': 1.0, '2': 0.0, '3': 0.0, '4': 0.0}",0.8,R1lGuzmxk
3,民生服务,"{'1': 0.0, '2': 0.1, '3': 0.7, '4': 0.2}",-0.5,R1i3493Sn
4,公众反馈/举报,"{'1': 0.0, '2': 0.0, '3': 0.0, '4': 1.0}",-0.8,R1iFPAmHW
1,政务发布,"{'1': 1.0, '2': 0.0, '3': 0.0, '4': 0.0}",0.8,R1jcj4tnm
4,公众反馈/举报,"{'1': 0.0, '2': 0.0, '3': 0.0, '4': 1.0}",-0.6,R0Wets46T
4,公众反馈/举报,"{'1': 0.0, '2': 0.0, '3': 0.0, '4': 1.0}",0.0,R0W6whA5E
1,政务发布,"{'1': 1.0, '2': 0.0, '3': 0.0, '4': 0.0}",0.8,R0UIjFijH
3,民生服务,"{'1': 0.0, '2': 0.0, '3': 1.0, '4': 0.0}",0.8,R0Un5c2Kp
3,民生服务,"{'1': 0.0, '2': 0.0, '3': 1.0, '4': 0.0}",0.3,R0Ud47WNv
1,政务发布,"{'1': 1.0, '2': 0.0, '3': 0.0, '4': 0.0}",0.0,R0VJZaeGF
4,公众反馈/举报,"{'1': 0.0, '2': 0.0, '3': 0.0, '4': 1.0}",1.0,QDZGWs3hi
1,政务发布,"{'1': 1.0, '2': 0.0, '3': 0.0, '4': 0.0}",0.9,QDSeIeMYN
4,公众反馈/举报,"{'1': 0.0, '2': 0.0, '3': 0.0, '4': 1.0}",-0.6,QDUoj5Afc
4,公众反馈/举报,"{'1': 0.0, '2': 0.0, '3': 0.0, '4': 1.0}",-0.9,QE0M5DdZ6
4,公众反馈/举报,"{'1': 0.0, '2': 0.0, '3': 0.0, '4': 1.0}",1.0,QDW2UeuMa
1,政务发布,"{'1': 1.0, '2': 0.0, '3': 0.0, '4': 0.0}",0.8,QFlHCbvcf
1,政务发布,"{'1': 0.9, '2': 0.0, '3': 0.1, '4': 0.0}",0.8,QDXNNpgBE
4,公众反馈/举报,"{'1': 0.0, '2': 0.0, '3': 0.0, '4': 1.0}",0.0,QFnCSB7pP
1,政务发布,"{'1': 1.0, '2': 0.0, '3': 0.0, '4': 0.0}",0.8,QFllsCVzZ
4,公众反馈/举报,"{'1': 0.0, '2': 0.0, '3': 0.0, '4': 1.0}",0.0,QFnqO0LmX
4,公众反馈/举报,"{'1': 0.0, '2': 0.0, '3': 0.0, '4': 1.0}",-0.9,QFigkFONM
4,公众反馈/举报,"{'1': 0.0, '2': 0.0, '3': 0.0, '4': 1.0}",0.0,QFk5MykLn
4,公众反馈/举报,"{'1': 0.0, '2': 0.0, '3': 0.0, '4': 1.0}",-0.8,QFmRPxuF2
4,公众反馈/举报,"{'1': 0.0, '2': 0.0, '3': 0.0, '4': 1.0}",-0.8,QEGqy0tGR
1,政务发布,"{'1': 1.0, '2': 0.0, '3': 0.0, '4': 0.0}",0.0,QFjXIsgXE
4,公众反馈/举报,"{'1': 0.0, '2': 0.2, '3': 0.0, '4': 0.8}",0.0,QEG1ZabTv
2,城市问题,"{'1': 0.0, '2': 1.0, '3': 0.0, '4': 0.0}",0.4,QEK9YuqiQ
1,政务发布,"{'1': 1.0, '2': 0.0, '3': 0.0, '4': 0.0}",0.0,QEJp36P7k
4,公众反馈/举报,"{'1': 0.0, '2': 0.0, '3': 0.0, '4': 1.0}",0.2,QEHoQ3mwl
4,公众反馈/举报,"{'1': 0.0, '2': 0.4, '3': 0.0, '4': 0.6}",0.1,QEFYGCWe1
1,政务发布,"{'1': 0.9, '2': 0.0, '3': 0.0, '4': 0.1}",0.8,QEHPpkSAB
4,公众反馈/举报,"{'1': 0.0, '2': 0.3, '3': 0.2, '4': 0.5}",-0.8,QFmXphaP3
1,政务发布,"{'1': 1.0, '2': 0.0, '3': 0.0, '4': 0.0}",0.7,QFlKNfWQn
4,公众反馈/举报,"{'1': 0.0, '2': 0.0, '3': 0.0, '4': 1.0}",0.0,QFmzf4aAq
1,政务发布,"{'1': 1.0, '2': 0.0, '3': 0.0, '4': 0.0}",1.0,QFkLUmlH1
1,政务发布,"{'1': 1.0, '2': 0.0, '3': 0.0, '4': 0.0}",0.9,QFhLarsAE
1,政务发布,"{'1': 1.0, '2': 0.0, '3': 0.0, '4': 0.0}",0.8,QFiPzo5rf
1,政务发布,"{'1': 1.0, '2': 0.0, '3': 0.0, '4': 0.0}",0.9,QFiIm8kDn
4,公众反馈/举报,"{'1': 0.0, '2': 0.0, '3': 0.0, '4': 1.0}",0.0,QFjKEA1oS
3,民生服务,"{'1': 0.0, '2': 0.0, '3': 1.0, '4': 0.0}",0.9,QFk2KhqJT
1,政务发布,"{'1': 1.0, '2': 0.0, '3': 0.0, '4': 0.0}",0.3,QFUnCpilE
3,民生服务,"{'1': 0.0, '2': 0.0, '3': 1.0, '4': 0.0}",0.0,R01tvanyo
4,公众反馈/举报,"{'1': 0.0, '2': 0.0, '3': 0.0, '4': 1.0}",0.8,R00HE2J5P
3,民生服务,"{'1': 0.0, '2': 0.0, '3': 0.9, '4': 0.1}",0.8,R01qnECgr
3,民生服务,"{'1': 0.0, '2': 0.0, '3': 0.8, '4': 0.2}",0.5,QFVQFbnFz
1,政务发布,"{'1': 1.0, '2': 0.0, '3': 0.0, '4': 0.0}",0.8,QFTDOyxhn
4,公众反馈/举报,"{'1': 0.0, '2': 0.1, '3': 0.2, '4': 0.7}",-0.9,R00cI9dzl
4,公众反馈/举报,"{'1': 0.0, '2': 0.0, '3': 0.0, '4': 1.0}",-1.0,QFWC5k40q
3,民生服务,"{'1': 0.0, '2': 0.0, '3': 1.0, '4': 0.0}",0.8,QFVStkLFT
4,公众反馈/举报,"{'1': 0.0, '2': 0.0, '3': 0.0, '4': 1.0}",0.8,R00HE2J5P
1,政务发布,"{'1': 1.0, '2': 0.0, '3': 0.0, '4': 0.0}",0.3,QFUnCpilE
3,民生服务,"{'1': 0.0, '2': 0.0, '3': 1.0, '4': 0.0}",0.9,R01qnECgr
4,公众反馈/举报,"{'1': 0.0, '2': 0.0, '3': 0.0, '4': 1.0}",0.0,R01tvanyo
4,公众反馈/举报,"{'1': 0.0, '2': 0.0, '3': 0.0, '4': 1.0}",-0.9,R00cI9dzl
3,民生服务,"{'1': 0.0, '2': 0.0, '3': 1.0, '4': 0.0}",0.3,QFVQFbnFz
1,政务发布,"{'1': 1.0, '2': 0.0, '3': 0.0, '4': 0.0}",0.5,QFTDOyxhn
1,政务发布,"{'1': 1.0, '2': 0.0, '3': 0.0, '4': 0.0}",0.5,R08ie2ElM
3,民生服务,"{'1': 0.0, '2': 0.0, '3': 1.0, '4': 0.0}",0.5,QFVStkLFT
4,公众反馈/举报,"{'1': 0.0, '2': 0.0, '3': 0.0, '4': 1.0}",-1.0,QFWC5k40q
3,民生服务,"{'1': 0.0, '2': 0.0, '3': 1.0, '4': 0.0}",0.8,R08gg4NGo
4,公众反馈/举报,"{'1': 0.0, '2': 0.0, '3': 0.0, '4': 1.0}",0.0,R02dnbt7U
1,政务发布,"{'1': 1.0, '2': 0.0, '3': 0.0, '4': 0.0}",1.0,R05zsah5A
1,政务发布,"{'1': 1.0, '2': 0.0, '3': 0.0, '4': 0.0}",0.9,R26GoCf4A
3,民生服务,"{'1': 0.0, '2': 0.0, '3': 1.0, '4': 0.0}",0.0,R27NeoKI3
4,公众反馈/举报,"{'1': 0.0, '2': 0.0, '3': 0.0, '4': 1.0}",-0.8,QDXGBdM81
1,政务发布,"{'1': 1.0, '2': 0.0, '3': 0.0, '4': 0.0}",0.5,QDStVlPJK
4,公众反馈/举报,"{'1': 0.0, '2': 0.0, '3': 0.0, '4': 1.0}",0.2,QDWbMdzSM
1,政务发布,"{'1': 1.0, '2': 0.0, '3': 0.0, '4': 0.0}",-0.8,QDYM3jGkK
1,政务发布,"{'1': 1.0, '2': 0.0, '3': 0.0, '4': 0.0}",0.8,R061NDKdl
3,民生服务,"{'1': 0.0, '2': 0.0, '3': 1.0, '4': 0.0}",0.8,R07rG5LM8
4,公众反馈/举报,"{'1': 0.0, '2': 0.0, '3': 0.0, '4': 1.0}",-0.9,R09ctuIHz
3,民生服务,"{'1': 0.0, '2': 0.0, '3': 1.0, '4': 0.0}",0.9,R09fNup08
1,政务发布,"{'1': 1.0, '2': 0.0, '3': 0.0, '4': 0.0}",0.5,R06n64m4e
1,政务发布,"{'1': 1.0, '2': 0.0, '3': 0.0, '4': 0.0}",0.6,R06i7u77i
4,公众反馈/举报,"{'1': 0.0, '2': 0.0, '3': 0.0, '4': 1.0}",-0.5,R05Nqy9XV
1,政务发布,"{'1': 1.0, '2': 0.0, '3': 0.0, '4': 0.0}",0.8,R05CuB4wB
3,民生服务,"{'1': 0.0, '2': 0.0, '3': 1.0, '4': 0.0}",0.8,R05Fxpdlm
1,政务发布,"{'1': 1.0, '2': 0.0, '3': 0.0, '4': 0.0}",0.0,R07QUgVaZ
4,公众反馈/举报,"{'1': 0.0, '2': 0.0, '3': 0.0, '4': 1.0}",0.6,R07UlCAtn
2,城市问题,"{'1': 0.0, '2': 1.0, '3': 0.0, '4': 0.0}",0.3,R08Wf7s5L
4,公众反馈/举报,"{'1': 0.0, '2': 0.0, '3': 0.0, '4': 1.0}",0.0,QEShOauV3
1,政务发布,"{'1': 1.0, '2': 0.0, '3': 0.0, '4': 0.0}",0.0,QEUX27EEH
4,公众反馈/举报,"{'1': 0.0, '2': 0.0, '3': 0.0, '4': 1.0}",0.0,QEMMHlQ9t
4,公众反馈/举报,"{'1': 0.0, '2': 0.0, '3': 0.2, '4': 0.8}",0.3,R24UpszOO
4,公众反馈/举报,"{'1': 0.0, '2': 0.0, '3': 0.1, '4': 0.9}",-0.6,R0Jxujw4b
4,公众反馈/举报,"{'1': 0.1, '2': 0.2, '3': 0.3, '4': 0.4}",0.0,R0Jy0frH8
3,民生服务,"{'1': 0.0, '2': 0.0, '3': 1.0, '4': 0.0}",0.0,R23YEwd94
4,公众反馈/举报,"{'1': 0.0, '2': 0.0, '3': 0.0, '4': 1.0}",0.0,R0KFEeLyf
2,城市问题,"{'1': 0.0, '2': 1.0, '3': 0.0, '4': 0.0}",0.0,R1QVO0Liq
2,城市问题,"{'1': 0.0, '2': 1.0, '3': 0.0, '4': 0.0}",-0.9,R1Q5VfVQ4
1,政务发布,"{'1': 1.0, '2': 0.0, '3': 0.0, '4': 0.0}",0.8,QFl1feTO5
4,公众反馈/举报,"{'1': 0.0, '2': 0.0, '3': 0.0, '4': 1.0}",-0.8,R1KmX2gtA
1,政务发布,"{'1': 1.0, '2': 0.0, '3': 0.0, '4': 0.0}",0.8,QFiXioJoJ
4,公众反馈/举报,"{'1': 0.0, '2': 0.0, '3': 0.0, '4': 1.0}",0.0,QFl6uDlWX
1,政务发布,"{'1': 1.0, '2': 0.0, '3': 0.0, '4': 0.0}",0.9,QFnkcwVO4
4,公众反馈/举报,"{'1': 0.0, '2': 0.0, '3': 0.0, '4': 1.0}",-0.5,QFllZ9ppk
1,政务发布,"{'1': 1.0, '2': 0.0, '3': 0.0, '4': 0.0}",0.8,QFiMdFcRX
1,政务发布,"{'1': 1.0, '2': 0.0, '3': 0.0, '4': 0.0}",0.8,QFmws6OFY
1,政务发布,"{'1': 1.0, '2': 0.0, '3': 0.0, '4': 0.0}",0.0,QFmRNjw8M
3,民生服务,"{'1': 0.2, '2': 0.0, '3': 0.5, '4': 0.3}",-0.3,QFkQ1mVhp
1,政务发布,"{'1': 1.0, '2': 0.0, '3': 0.0, '4': 0.0}",0.8,QFiuwmKEQ
1,政务发布,"{'1': 1.0, '2': 0.0, '3': 0.0, '4': 0.0}",0.0,QFkakbQsK
1,政务发布,"{'1': 1.0, '2': 0.0, '3': 0.0, '4': 0.0}",0.8,QFll7mx7a
1,政务发布,"{'1': 1.0, '2': 0.0, '3': 0.0, '4': 0.0}",0.0,R24OmkZQv
3,民生服务,"{'1': 0.0, '2': 0.0, '3': 1.0, '4': 0.0}",0.9,R23SX3u5C
4,公众反馈/举报,"{'1': 0.0, '2': 0.3, '3': 0.2, '4': 0.5}",0.0,R26bwrA40
4,公众反馈/举报,"{'1': 0.0, '2': 0.0, '3': 0.0, '4': 1.0}",0.3,R25I5weUs
1,政务发布,"{'1': 1.0, '2': 0.0, '3': 0.0, '4': 0.0}",0.8,R26NroO0y
1,政务发布,"{'1': 0.9, '2': 0.0, '3': 0.1, '4': 0.0}",0.8,R1iZQhed6
4,公众反馈/举报,"{'1': 0.0, '2': 0.0, '3': 0.0, '4': 1.0}",-0.3,R1ktS3maJ
4,公众反馈/举报,"{'1': 0.0, '2': 0.0, '3': 0.0, '4': 1.0}",-0.9,R06wg1CTE
4,公众反馈/举报,"{'1': 0.0, '2': 0.0, '3': 0.0, '4': 1.0}",-0.9,R1jJUuHjr
1,政务发布,"{'1': 1.0, '2': 0.0, '3': 0.0, '4': 0.0}",0.8,R07wa4PUV
4,公众反馈/举报,"{'1': 0.0, '2': 0.0, '3': 0.0, '4': 1.0}",-0.5,R07DZcepw
3,民生服务,"{'1': 0.0, '2': 0.0, '3': 1.0, '4': 0.0}",1.0,R05C53HXn
1,政务发布,"{'1': 1.0, '2': 0.0, '3': 0.0, '4': 0.0}",0.8,R06aV5pbw
4,公众反馈/举报,"{'1': 0.0, '2': 0.0, '3': 0.0, '4': 1.0}",-0.6,R06M4jbRW
1,政务发布,"{'1': 1.0, '2': 0.0, '3': 0.0, '4': 0.0}",0.0,R07KTEULZ
4,公众反馈/举报,"{'1': 0.0, '2': 0.0, '3': 0.0, '4': 1.0}",0.6,R06E6EJWc
1,政务发布,"{'1': 1.0, '2': 0.0, '3': 0.0, '4': 0.0}",0.8,R075rwV0g
4,公众反馈/举报,"{'1': 0.0, '2': 0.0, '3': 0.0, '4': 1.0}",-0.8,R05Tkyo09
1,政务发布,"{'1': 1.0, '2': 0.0, '3': 0.0, '4': 0.0}",0.6,R071K1JWk
4,公众反馈/举报,"{'1': 0.0, '2': 0.0, '3': 0.0, '4': 1.0}",-0.8,R06PWET1A
4,公众反馈/举报,"{'1': 0.0, '2': 0.0, '3': 0.0, '4': 1.0}",-1.0,R08laEn5p
4,公众反馈/举报,"{'1': 0.0, '2': 0.0, '3': 0.0, '4': 1.0}",-0.9,R08kG3nXr
2,城市问题,"{'1': 0.0, '2': 1.0, '3': 0.0, '4': 0.0}",0.8,R07Imj00r
4,公众反馈/举报,"{'1': 0.0, '2': 0.0, '3': 0.0, '4': 1.0}",0.0,R096M6o4J
3,民生服务,"{'1': 0.1, '2': 0.0, '3': 0.9, '4': 0.0}",0.3,R08oAnE6z
3,民生服务,"{'1': 0.0, '2': 0.0, '3': 1.0, '4': 0.0}",1.0,R2i4pmnEx
3,民生服务,"{'1': 0.0, '2': 0.0, '3': 1.0, '4': 0.0}",0.6,R2gU71baA
4,公众反馈/举报,"{'1': 0.0, '2': 0.0, '3': 0.0, '4': 1.0}",-1.0,R2ewn4MyJ
3,民生服务,"{'1': 0.2, '2': 0.0, '3': 1.0, '4': 0.0}",0.9,R2gjWhjSs
4,公众反馈/举报,"{'1': 0.0, '2': 0.0, '3': 0.0, '4': 1.0}",-1.0,R2guefmrv
1,政务发布,"{'1': 1.0, '2': 0.0, '3': 0.0, '4': 0.0}",0.8,R2fV9hca2
1,政务发布,"{'1': 1.0, '2': 0.0, '3': 0.0, '4': 0.0}",0.7,R2dXZq3yG
4,公众反馈/举报,"{'1': 0.0, '2': 0.0, '3': 0.0, '4': 1.0}",0.0,R2ftJ1D4k
1,政务发布,"{'1': 1.0, '2': 0.0, '3': 0.0, '4': 0.0}",-0.5,QFmpvmCjo
4,公众反馈/举报,"{'1': 0.0, '2': 0.0, '3': 0.0, '4': 1.0}",0.0,R2dN6vMEI
1,政务发布,"{'1': 1.0, '2': 0.0, '3': 0.0, '4': 0.0}",0.8,QFm3K8A8q
1,政务发布,"{'1': 1.0, '2': 0.0, '3': 0.0, '4': 0.0}",0.8,QFjzemSVm
4,公众反馈/举报,"{'1': 0.1, '2': 0.2, '3': 0.3, '4': 0.4}",0.5,QFlS7mQWW
4,公众反馈/举报,"{'1': 0.0, '2': 0.0, '3': 0.0, '4': 1.0}",-0.8,QFhBooeTT
1,政务发布,"{'1': 1.0, '2': 0.0, '3': 0.0, '4': 0.0}",0.9,QFihUti50
1,政务发布,"{'1': 1.0, '2': 0.0, '3': 0.0, '4': 0.0}",0.9,QFhHoqNkV
2,城市问题,"{'1': 0.0, '2': 1.0, '3': 0.0, '4': 0.0}",-0.8,QFmpBzVuC
1,政务发布,"{'1': 1.0, '2': 0.0, '3': 0.0, '4': 0.0}",0.8,QFjMdqW17
3,民生服务,"{'1': 0.0, '2': 0.0, '3': 1.0, '4': 0.0}",0.6,QFkoVbPwv
1,政务发布,"{'1': 0.9, '2': 0.0, '3': 0.1, '4': 0.0}",0.6,QFkU62UX0
1,政务发布,"{'1': 1.0, '2': 0.0, '3': 0.0, '4': 0.0}",0.8,QFitZpTnd
1,政务发布,"{'1': 0.9, '2': 0.0, '3': 0.1, '4': 0.0}",0.3,R2izkxF9L
4,公众反馈/举报,"{'1': 0.0, '2': 0.0, '3': 0.0, '4': 1.0}",-0.3,R2gs9kOut
1,政务发布,"{'1': 1.0, '2': 0.0, '3': 0.0, '4': 0.0}",1.0,R2g8aEIxg
2,城市问题,"{'1': 0.0, '2': 1.0, '3': 0.0, '4': 0.0}",-0.8,R2gqjEl4f
4,公众反馈/举报,"{'1': 0.0, '2': 0.0, '3': 0.0, '4': 1.0}",-0.3,R2dNdsrNF
3,民生服务,"{'1': 0.0, '2': 0.0, '3': 1.0, '4': 0.0}",0.7,R2hbfAigX
4,公众反馈/举报,"{'1': 0.0, '2': 0.0, '3': 0.0, '4': 1.0}",-1.0,R2dZ5wH4f
2,城市问题,"{'1': 0.0, '2': 1.0, '3': 0.0, '4': 0.0}",-0.5,R06kpFftS
1,政务发布,"{'1': 1.0, '2': 0.0, '3': 0.0, '4': 0.0}",1.0,R06C1ej5h
3,民生服务,"{'1': 0.0, '2': 0.0, '3': 1.0, '4': 0.0}",0.8,R07uFdh9d
1,政务发布,"{'1': 1.0, '2': 0.0, '3': 0.0, '4': 0.0}",0.0,R058HtSKW
1,政务发布,"{'1': 1.0, '2': 0.0, '3': 0.0, '4': 0.0}",0.8,R05rU1e1T
4,公众反馈/举报,"{'1': 0.0, '2': 0.0, '3': 0.0, '4': 1.0}",-0.8,R07VaAWmM
1,政务发布,"{'1': 0.8, '2': 0.2, '3': 0.0, '4': 0.0}",-0.3,R07OeEsDe
3,民生服务,"{'1': 0.0, '2': 0.0, '3': 1.0, '4': 0.0}",0.9,R07Cpt9HF
1,政务发布,"{'1': 1.0, '2': 0.0, '3': 0.0, '4': 0.0}",0.0,R05vAunuT
4,公众反馈/举报,"{'1': 0.0, '2': 0.0, '3': 0.0, '4': 1.0}",-0.6,R073PaAhb
1,政务发布,"{'1': 1.0, '2': 0.0, '3': 0.0, '4': 0.0}",1.0,R06i7u6Zl
3,民生服务,"{'1': 0.0, '2': 0.0, '3': 1.0, '4': 0.0}",0.8,QDY8Mq8Gh
4,公众反馈/举报,"{'1': 0.0, '2': 0.0, '3': 0.0, '4': 1.0}",-1.0,QDYAZaG6D
2,城市问题,"{'1': 0.0, '2': 0.8, '3': 0.2, '4': 0.0}",0.9,QE00sxKKC
2,城市问题,"{'1': 0.0, '2': 1.0, '3': 0.0, '4': 0.0}",0.7,QE0qDl4hZ
1,政务发布,"{'1': 1.0, '2': 0.0, '3': 0.0, '4': 0.0}",0.0,QDXHI2C9G
4,公众反馈/举报,"{'1': 0.0, '2': 0.0, '3': 0.0, '4': 1.0}",-1.0,QDVKUa7DN
4,公众反馈/举报,"{'1': 0.0, '2': 0.0, '3': 0.0, '4': 1.0}",-1.0,QDZHpsSUQ
4,公众反馈/举报,"{'1': 0.0, '2': 0.2, '3': 0.1, '4': 0.7}",-0.9,QE0oZbaet
2,城市问题,"{'1': 0.0, '2': 1.0, '3': 0.0, '4': 0.0}",0.2,QEi1mAq7d
1,政务发布,"{'1': 1.0, '2': 0.0, '3': 0.0, '4': 0.0}",0.5,QEgXXhGYZ
3,民生服务,"{'1': 0.0, '2': 0.0, '3': 1.0, '4': 0.0}",0.9,R0hOehMtz
3,民生服务,"{'1': 0.0, '2': 0.0, '3': 1.0, '4': 0.0}",0.3,QEf7Av6pD
1,政务发布,"{'1': 1.0, '2': 0.0, '3': 0.0, '4': 0.0}",0.0,QEhFRuPwh
4,公众反馈/举报,"{'1': 0.2, '2': 0.0, '3': 0.3, '4': 0.5}",0.7,R0hhmhgm1
1,政务发布,"{'1': 1.0, '2': 0.0, '3': 0.0, '4': 0.0}",0.8,R0fdkF5gw
1,政务发布,"{'1': 1.0, '2': 0.0, '3': 0.0, '4': 0.0}",1.0,R0hsglgvz
1,政务发布,"{'1': 1.0, '2': 0.0, '3': 0.0, '4': 0.0}",0.8,R0ePR91lQ
3,民生服务,"{'1': 0.0, '2': 0.0, '3': 1.0, '4': 0.0}",1.0,R0fYl6wnz
4,公众反馈/举报,"{'1': 0.0, '2': 0.0, '3': 0.0, '4': 1.0}",0.0,R0hResorK
1,政务发布,"{'1': 1.0, '2': 0.0, '3': 0.0, '4': 0.0}",0.0,R0fnEsVUn
1,政务发布,"{'1': 1.0, '2': 0.0, '3': 0.0, '4': 0.0}",0.9,R0hsglgvz
3,民生服务,"{'1': 0.0, '2': 0.0, '3': 1.0, '4': 0.0}",0.9,R0hOehMtz
4,公众反馈/举报,"{'1': 0.0, '2': 0.0, '3': 0.0, '4': 1.0}",0.8,R0hhmhgm1
1,政务发布,"{'1': 1.0, '2': 0.0, '3': 0.0, '4': 0.0}",0.8,R0ePR91lQ
1,政务发布,"{'1': 1.0, '2': 0.0, '3': 0.0, '4': 0.0}",1.0,R0fYl6wnz
1,政务发布,"{'1': 1.0, '2': 0.0, '3': 0.0, '4': 0.0}",0.8,R0fdkF5gw
1,政务发布,"{'1': 1.0, '2': 0.0, '3': 0.0, '4': 0.0}",0.0,R0fnEsVUn
4,公众反馈/举报,"{'1': 0.0, '2': 0.0, '3': 0.0, '4': 1.0}",0.5,R0hResorK
3,民生服务,"{'1': 0.0, '2': 0.0, '3': 1.0, '4': 0.0}",0.0,QEqBXsw8G
1,政务发布,"{'1': 1.0, '2': 0.0, '3': 0.0, '4': 0.0}",0.8,QEnpI7043
4,公众反馈/举报,"{'1': 0.0, '2': 0.0, '3': 0.0, '4': 1.0}",0.0,QEsMOkZYN
4,公众反馈/举报,"{'1': 0.0, '2': 0.0, '3': 0.0, '4': 1.0}",0.0,QEpoAhir3
1,政务发布,"{'1': 1.0, '2': 0.0, '3': 0.0, '4': 0.0}",0.9,R1F8UqijW
3,民生服务,"{'1': 0.0, '2': 0.0, '3': 1.0, '4': 0.0}",0.8,R05Eq7LMx
1,政务发布,"{'1': 1.0, '2': 0.0, '3': 0.0, '4': 0.0}",0.5,R06tF7QL3
4,公众反馈/举报,"{'1': 0.0, '2': 0.0, '3': 0.0, '4': 1.0}",0.8,R07riB9mo
1,政务发布,"{'1': 1.0, '2': 0.0, '3': 0.0, '4': 0.0}",1.0,R062Mw35h
3,民生服务,"{'1': 0.0, '2': 0.0, '3': 1.0, '4': 0.0}",0.8,R06nktAug
4,公众反馈/举报,"{'1': 0.0, '2': 0.0, '3': 0.0, '4': 1.0}",0.0,R07wY6DCT
1,政务发布,"{'1': 1.0, '2': 0.0, '3': 0.0, '4': 0.0}",0.8,R06i7xoNf
1,政务发布,"{'1': 1.0, '2': 0.0, '3': 0.0, '4': 0.0}",0.8,R09clfv2B
3,民生服务,"{'1': 0.0, '2': 0.0, '3': 1.0, '4': 0.0}",0.8,R08lSopn1
1,政务发布,"{'1': 1.0, '2': 0.0, '3': 0.0, '4': 0.0}",0.8,R2iH8782I
4,公众反馈/举报,"{'1': 0.0, '2': 0.2, '3': 0.3, '4': 0.5}",0.2,R2dc8nVMQ
1,政务发布,"{'1': 1.0, '2': 0.0, '3': 0.0, '4': 0.0}",0.8,R2heDolQb
1,政务发布,"{'1': 1.0, '2': 0.0, '3': 0.0, '4': 0.0}",0.9,R2eF2rWUh
1,政务发布,"{'1': 1.0, '2': 0.0, '3': 0.0, '4': 0.0}",0.8,R2hqgbae3
3,民生服务,"{'1': 0.0, '2': 0.0, '3': 1.0, '4': 0.0}",0.8,R2eaZbf78
1,政务发布,"{'1': 1.0, '2': 0.0, '3': 0.0, '4': 0.0}",1.0,R2fGNyzvE
4,公众反馈/举报,"{'1': 0.0, '2': 0.1, '3': 0.0, '4': 0.9}",-0.9,QFlaxebhm
1,政务发布,"{'1': 1.0, '2': 0.0, '3': 0.0, '4': 0.0}",0.8,QFkeCEkKU
1,政务发布,"{'1': 1.0, '2': 0.0, '3': 0.0, '4': 0.0}",0.5,QFju8sRK9
3,民生服务,"{'1': 0.0, '2': 0.0, '3': 1.0, '4': 0.0}",0.3,QFiwMhIAi
1,政务发布,"{'1': 1.0, '2': 0.0, '3': 0.0, '4': 0.0}",0.95,QFkkqgeyV
2,城市问题,"{'1': 0.0, '2': 1.0, '3': 0.0, '4': 0.0}",0.4,QFmVgiRiP
3,民生服务,"{'1': 0.0, '2': 0.0, '3': 1.0, '4': 0.0}",0.8,QFklxAYR5
3,民生服务,"{'1': 0.0, '2': 0.0, '3': 1.0, '4': 0.0}",0.9,QFk22aftl
1,政务发布,"{'1': 1.0, '2': 0.0, '3': 0.0, '4': 0.0}",0.9,R1sTQf7jE
1,政务发布,"{'1': 0.9, '2': 0.0, '3': 0.1, '4': 0.0}",0.8,R1vkBFLbt
2,城市问题,"{'1': 0.0, '2': 1.0, '3': 0.0, '4': 0.0}",0.0,R1wqumnWt
1,政务发布,"{'1': 0.9, '2': 0.0, '3': 0.1, '4': 0.0}",0.8,R1taRq1Az
1,政务发布,"{'1': 1.0, '2': 0.0, '3': 0.0, '4': 0.0}",0.5,R1sZ10AZH
1,政务发布,"{'1': 1.0, '2': 0.0, '3': 0.0, '4': 0.0}",0.9,R1t1udfxw
1,政务发布,"{'1': 1.0, '2': 0.0, '3': 0.0, '4': 0.0}",0.8,R0frxo4cR
4,公众反馈/举报,"{'1': 0.0, '2': 0.0, '3': 0.0, '4': 1.0}",0.0,R0fH3D2nM
3,民生服务,"{'1': 0.2, '2': 0.1, '3': 0.6, '4': 0.1}",0.8,R0h6kw8zX
1,政务发布,"{'1': 1.0, '2': 0.0, '3': 0.0, '4': 0.0}",0.8,R0hY5BMQ1
1,政务发布,"{'1': 1.0, '2': 0.0, '3': 0.0, '4': 0.0}",0.8,R0eMAry51
2,城市问题,"{'1': 0.0, '2': 1.0, '3': 0.0, '4': 0.0}",-0.3,R0fH3D2nM
4,公众反馈/举报,"{'1': 0.0, '2': 0.0, '3': 0.0, '4': 1.0}",0.9,R0h6kw8zX
1,政务发布,"{'1': 1.0, '2': 0.0, '3': 0.0, '4': 0.0}",0.8,R0frxo4cR
1,政务发布,"{'1': 1.0, '2': 0.0, '3': 0.0, '4': 0.0}",0.8,R0eMAry51
3,民生服务,"{'1': 0.1, '2': 0.2, '3': 0.6, '4': 0.1}",0.8,R0hY5BMQ1
4,公众反馈/举报,"{'1': 0.0, '2': 0.2, '3': 0.1, '4': 0.7}",-0.8,QFmGTept6
1,政务发布,"{'1': 1.0, '2': 0.0, '3': 0.0, '4': 0.0}",0.8,QFibdzS73
1,政务发布,"{'1': 1.0, '2': 0.0, '3': 0.0, '4': 0.0}",0.9,QFhqU0Dgp
1,政务发布,"{'1': 1.0, '2': 0.0, '3': 0.0, '4': 0.0}",0.0,QFhNWyR7i
1,政务发布,"{'1': 1.0, '2': 0.0, '3': 0.0, '4': 0.0}",0.8,QFliR7Lc3
2,城市问题,"{'1': 0.0, '2': 1.0, '3': 0.0, '4': 0.0}",0.8,QFi2ACLx9
3,民生服务,"{'1': 0.0, '2': 0.0, '3': 1.0, '4': 0.0}",0.5,QFhI503go
4,公众反馈/举报,"{'1': 0.0, '2': 0.2, '3': 0.0, '4': 0.8}",-0.9,QFVUK8Y49
1,政务发布,"{'1': 1.0, '2': 0.0, '3': 0.0, '4': 0.0}",0.8,QFiP9nSIW
1,政务发布,"{'1': 1.0, '2': 0.0, '3': 0.0, '4': 0.0}",0.5,QFWMWeFfn
3,民生服务,"{'1': 0.0, '2': 0.0, '3': 1.0, '4': 0.0}",0.0,QFUl3vcfB
1,政务发布,"{'1': 1.0, '2': 0.0, '3': 0.0, '4': 0.0}",0.8,QFUw7D70R
4,公众反馈/举报,"{'1': 0.0, '2': 0.0, '3': 0.0, '4': 1.0}",-0.9,QFVk52s0T
4,公众反馈/举报,"{'1': 0.0, '2': 0.8, '3': 0.1, '4': 0.1}",-0.9,R00EFmKQn
4,公众反馈/举报,"{'1': 0.0, '2': 0.0, '3': 0.0, '4': 1.0}",0.0,QFWfEr9Us
4,公众反馈/举报,"{'1': 0.0, '2': 0.0, '3': 0.0, '4': 1.0}",-1.0,QFVUK8Y49
1,政务发布,"{'1': 1.0, '2': 0.0, '3': 0.0, '4': 0.0}",0.0,QFWMWeFfn
4,公众反馈/举报,"{'1': 0.0, '2': 0.0, '3': 1.0, '4': 1.0}",0.0,QFUl3vcfB
4,公众反馈/举报,"{'1': 0.0, '2': 0.0, '3': 0.0, '4': 1.0}",-1.0,R00EFmKQn
4,公众反馈/举报,"{'1': 0.0, '2': 1.0, '3': 0.0, '4': 1.0}",-0.9,QFVk52s0T
4,公众反馈/举报,"{'1': 0.0, '2': 0.0, '3': 0.3, '4': 0.7}",0.0,QFWfEr9Us
1,政务发布,"{'1': 1.0, '2': 0.0, '3': 0.0, '4': 0.0}",1.0,QFUw7D70R
1,政务发布,"{'1': 1.0, '2': 0.0, '3': 0.0, '4': 0.0}",0.7,R2heeyYjb
3,民生服务,"{'1': 0.0, '2': 0.0, '3': 1.0, '4': 0.0}",0.7,R2fEKl0ko
4,公众反馈/举报,"{'1': 0.0, '2': 0.0, '3': 0.0, '4': 1.0}",-1.0,R2eoSdXlg
4,公众反馈/举报,"{'1': 0.0, '2': 0.0, '3': 0.0, '4': 1.0}",0.2,R2eYe7aEG
2,城市问题,"{'1': 0.0, '2': 0.8, '3': 0.2, '4': 0.0}",0.9,R2giamYSI
4,公众反馈/举报,"{'1': 0.0, '2': 0.0, '3': 0.0, '4': 1.0}",-0.3,R2dN77qc6
4,公众反馈/举报,"{'1': 0.0, '2': 0.1, '3': 0.1, '4': 0.8}",-0.8,R06Bnz4Qe
3,民生服务,"{'1': 0.2, '2': 0.0, '3': 0.8, '4': 0.0}",0.8,R07IV2llp
1,政务发布,"{'1': 1.0, '2': 0.0, '3': 0.0, '4': 0.0}",1.0,R05sPtpzw
1,政务发布,"{'1': 1.0, '2': 0.0, '3': 0.0, '4': 0.0}",0.9,R092UfuaB
1,政务发布,"{'1': 0.9, '2': 0.0, '3': 0.1, '4': 0.0}",0.8,R05vkaWKe
3,民生服务,"{'1': 0.0, '2': 0.0, '3': 1.0, '4': 0.0}",0.5,R07OdBjWp
1,政务发布,"{'1': 1.0, '2': 0.0, '3': 0.0, '4': 0.0}",1.0,R06dM4iuf
4,公众反馈/举报,"{'1': 0.0, '2': 0.3, '3': 0.0, '4': 0.7}",-0.8,R07TNdhkM
0,无,"{'1': 0.0, '2': 0.0, '3': 0.0, '4': 0.0}",0.0,R02eMlBY2
4,公众反馈/举报,"{'1': 0.0, '2': 0.0, '3': 0.0, '4': 1.0}",-1.0,R083oeZBO
1,政务发布,"{'1': 1.0, '2': 0.0, '3': 0.0, '4': 0.0}",0.0,R1kveras7
1,政务发布,"{'1': 1.0, '2': 0.0, '3': 0.0, '4': 0.0}",0.3,R1k6s0vTA
1,政务发布,"{'1': 1.0, '2': 0.0, '3': 0.0, '4': 0.0}",0.9,R1llwzqBC
1,政务发布,"{'1': 1.0, '2': 0.0, '3': 0.0, '4': 0.0}",0.8,QFC7zEeqV
4,公众反馈/举报,"{'1': 0.0, '2': 0.0, '3': 0.0, '4': 1.0}",-1.0,R0y9ahzYV
4,公众反馈/举报,"{'1': 0.0, '2': 0.0, '3': 0.0, '4': 1.0}",-1.0,R0vARkm5g
4,公众反馈/举报,"{'1': 0.0, '2': 0.0, '3': 0.0, '4': 1.0}",0.0,R0wkdykY6
1,政务发布,"{'1': 0.9, '2': 0.0, '3': 0.1, '4': 0.0}",0.8,QEKx5qtii
2,城市问题,"{'1': 0.0, '2': 1.0, '3': 0.0, '4': 0.0}",0.0,QEHnGC51P
1,政务发布,"{'1': 1.0, '2': 0.0, '3': 0.0, '4': 0.0}",0.0,R1sf23Vnq
4,公众反馈/举报,"{'1': 0.0, '2': 0.0, '3': 0.0, '4': 1.0}",0.5,QFQ2btU77
4,公众反馈/举报,"{'1': 0.0, '2': 0.0, '3': 0.1, '4': 0.9}",0.9,R1v9Jn77o
1,政务发布,"{'1': 1.0, '2': 0.0, '3': 0.0, '4': 0.0}",0.9,R1uFiAGGk
1,政务发布,"{'1': 1.0, '2': 0.0, '3': 0.0, '4': 0.0}",0.0,R1vcqAOuP
3,民生服务,"{'1': 0.0, '2': 0.0, '3': 1.0, '4': 0.0}",0.9,R1stdaiQz
1,政务发布,"{'1': 1.0, '2': 0.0, '3': 0.0, '4': 0.0}",0.5,R1iV3k95U
4,公众反馈/举报,"{'1': 0.0, '2': 0.0, '3': 0.0, '4': 1.0}",0.0,R1iZXFoPW
1,政务发布,"{'1': 1.0, '2': 0.0, '3': 0.0, '4': 0.0}",0.0,R1mU5gPib
3,民生服务,"{'1': 0.0, '2': 0.0, '3': 1.0, '4': 0.0}",0.9,R1lepzdYa
4,公众反馈/举报,"{'1': 0.0, '2': 0.0, '3': 0.0, '4': 1.0}",0.3,QFnGKwprA
3,民生服务,"{'1': 0.0, '2': 0.0, '3': 1.0, '4': 0.0}",0.8,QFkbkwCec
1,政务发布,"{'1': 1.0, '2': 0.0, '3': 0.0, '4': 0.0}",0.8,R1iRJcKWA
1,政务发布,"{'1': 1.0, '2': 0.0, '3': 0.0, '4': 0.0}",0.8,QFlfWzVoJ
2,城市问题,"{'1': 0.0, '2': 1.0, '3': 0.0, '4': 0.0}",0.0,QFnqXbnzd
4,公众反馈/举报,"{'1': 0.0, '2': 0.0, '3': 0.0, '4': 1.0}",0.0,QFl2gfIjj
4,公众反馈/举报,"{'1': 0.0, '2': 0.0, '3': 0.0, '4': 1.0}",-0.5,QFlm7yvpl
3,民生服务,"{'1': 0.0, '2': 0.0, '3': 1.0, '4': 0.0}",0.0,QFm5NdlNc
4,公众反馈/举报,"{'1': 0.0, '2': 0.0, '3': 0.0, '4': 1.0}",0.4,QFnkYrmQK
4,公众反馈/举报,"{'1': 0.0, '2': 0.1, '3': 0.0, '4': 0.9}",-0.2,QFm5ki2kq
1,政务发布,"{'1': 1.0, '2': 0.0, '3': 0.0, '4': 0.0}",0.0,QFj0jy6Ip
2,城市问题,"{'1': 0.0, '2': 1.0, '3': 0.0, '4': 0.0}",-0.1,QFnbwqp8M
4,公众反馈/举报,"{'1': 0.0, '2': 0.0, '3': 0.0, '4': 1.0}",-1.0,QFmQBscnA
1,政务发布,"{'1': 0.9, '2': 0.1, '3': 0.0, '4': 0.0}",0.8,QExJxcdde
3,民生服务,"{'1': 0.0, '2': 0.0, '3': 1.0, '4': 0.0}",0.0,QEzUtnGHC
3,民生服务,"{'1': 0.0, '2': 0.0, '3': 1.0, '4': 0.0}",0.9,QFj1t2FP8
4,公众反馈/举报,"{'1': 0.0, '2': 0.0, '3': 0.0, '4': 1.0}",0.8,QEzuVkbhU
4,公众反馈/举报,"{'1': 0.0, '2': 0.0, '3': 0.0, '4': 1.0}",-0.5,QEzmoFTzF
1,政务发布,"{'1': 1.0, '2': 0.0, '3': 0.0, '4': 0.0}",0.7,QEzAY0fXa
4,公众反馈/举报,"{'1': 0.0, '2': 0.0, '3': 0.1, '4': 0.9}",0.0,QFgY9bG7G
4,公众反馈/举报,"{'1': 0.0, '2': 0.1, '3': 0.2, '4': 0.7}",-0.2,QFldggyxH
4,公众反馈/举报,"{'1': 0.0, '2': 0.2, '3': 0.1, '4': 0.7}",-0.1,QFjEo49II
1,政务发布,"{'1': 1.0, '2': 0.0, '3': 0.0, '4': 0.0}",0.5,QFkvs2s0E
4,公众反馈/举报,"{'1': 0.0, '2': 0.0, '3': 0.0, '4': 1.0}",0.0,QFnfY3MsC
4,公众反馈/举报,"{'1': 0.0, '2': 0.0, '3': 0.0, '4': 1.0}",-0.8,QFgT2sPFc
3,民生服务,"{'1': 0.0, '2': 0.0, '3': 1.0, '4': 0.0}",1.0,QFmPm7Dtt
1,政务发布,"{'1': 1.0, '2': 0.0, '3': 0.0, '4': 0.0}",0.5,QFmnM6UlJ
1,政务发布,"{'1': 1.0, '2': 0.0, '3': 0.0, '4': 0.0}",0.7,QFX5H4PHM
1,政务发布,"{'1': 1.0, '2': 0.0, '3': 0.0, '4': 0.0}",0.5,QFVFP6HYv
4,公众反馈/举报,"{'1': 0.0, '2': 0.2, '3': 0.3, '4': 0.5}",0.8,QFUebCtFZ
1,政务发布,"{'1': 1.0, '2': 0.0, '3': 0.0, '4': 0.0}",1.0,QFUUYoglH
4,公众反馈/举报,"{'1': 0.0, '2': 0.0, '3': 0.0, '4': 1.0}",-0.9,QFVqExrSl
4,公众反馈/举报,"{'1': 0.0, '2': 0.0, '3': 0.0, '4': 1.0}",-0.1,QFVofbkge
1,政务发布,"{'1': 1.0, '2': 0.0, '3': 0.0, '4': 0.0}",0.6,QFX5H4PHM
4,公众反馈/举报,"{'1': 0.0, '2': 0.0, '3': 0.0, '4': 1.0}",0.8,QFUebCtFZ
1,政务发布,"{'1': 1.0, '2': 0.0, '3': 0.0, '4': 0.0}",0.5,QFVFP6HYv
1,政务发布,"{'1': 1.0, '2': 0.0, '3': 0.0, '4': 0.0}",0.8,QFUUYoglH
4,公众反馈/举报,"{'1': 0.0, '2': 0.0, '3': 0.0, '4': 1.0}",-0.3,QFVofbkge
4,公众反馈/举报,"{'1': 0.0, '2': 0.0, '3': 0.0, '4': 1.0}",-0.8,QFVqExrSl
3,民生服务,"{'1': 0.0, '2': 0.0, '3': 1.0, '4': 0.0}",0.8,R07Luq8JD
4,公众反馈/举报,"{'1': 0.0, '2': 0.0, '3': 0.0, '4': 1.0}",0.6,R06uwrS7p
1,政务发布,"{'1': 1.0, '2': 0.0, '3': 0.0, '4': 0.0}",1.0,R05WdCrwi
1,政务发布,"{'1': 1.0, '2': 0.0, '3': 0.0, '4': 0.0}",0.0,R05OwzgdV
1,政务发布,"{'1': 1.0, '2': 0.0, '3': 0.0, '4': 0.0}",0.9,R07QbruFf
3,民生服务,"{'1': 0.2, '2': 0.0, '3': 0.8, '4': 0.0}",0.9,R08Lct5Sk
4,公众反馈/举报,"{'1': 0.0, '2': 0.0, '3': 0.0, '4': 1.0}",-1.0,R072UCvxD
1,政务发布,"{'1': 1.0, '2': 0.0, '3': 0.0, '4': 0.0}",0.8,R08snqmMw
1,政务发布,"{'1': 1.0, '2': 0.0, '3': 0.0, '4': 0.0}",1.0,R0TwrzX3z
4,公众反馈/举报,"{'1': 0.0, '2': 0.0, '3': 0.0, '4': 1.0}",-0.5,R0W7e0yuw
3,民生服务,"{'1': 0.0, '2': 0.0, '3': 1.0, '4': 0.0}",0.8,R0T01kZJm
1,政务发布,"{'1': 1.0, '2': 0.0, '3': 0.0, '4': 0.0}",0.8,R0V4HAU63
1,政务发布,"{'1': 0.9, '2': 0.0, '3': 0.0, '4': 0.1}",0.8,R0TQqzP28
1,政务发布,"{'1': 1.0, '2': 0.0, '3': 0.0, '4': 0.0}",-0.6,R0W4IwoLR
4,公众反馈/举报,"{'1': 0.0, '2': 0.0, '3': 0.0, '4': 1.0}",-1.0,R1OsBgfb5
1,政务发布,"{'1': 1.0, '2': 0.0, '3': 0.0, '4': 0.0}",0.2,R0TBlvTSR
1,政务发布,"{'1': 1.0, '2': 0.0, '3': 0.0, '4': 0.0}",1.0,R1L77i4lX
1,政务发布,"{'1': 1.0, '2': 0.0, '3': 0.0, '4': 0.0}",0.8,R1Orbtnc5
1,政务发布,"{'1': 1.0, '2': 0.0, '3': 0.0, '4': 0.0}",0.8,R1QXXuWQL
1,政务发布,"{'1': 1.0, '2': 0.0, '3': 0.0, '4': 0.0}",1.0,R06iDDf2d
1,政务发布,"{'1': 0.9, '2': 0.0, '3': 0.1, '4': 0.0}",0.8,R06rS8bxE
3,民生服务,"{'1': 0.0, '2': 0.0, '3': 1.0, '4': 0.0}",0.0,R07VCzIpP
3,民生服务,"{'1': 0.0, '2': 0.0, '3': 1.0, '4': 0.0}",0.8,R05QD9HlA
4,公众反馈/举报,"{'1': 0.0, '2': 0.0, '3': 0.0, '4': 1.0}",-0.8,R05cCnAIp
2,城市问题,"{'1': 0.0, '2': 1.0, '3': 0.0, '4': 0.0}",0.0,R07srF4Yn
1,政务发布,"{'1': 1.0, '2': 0.0, '3': 0.0, '4': 0.0}",0.8,R08a6lqsR
1,政务发布,"{'1': 1.0, '2': 0.0, '3': 0.0, '4': 0.0}",0.8,R06Sg002i
1,政务发布,"{'1': 1.0, '2': 0.0, '3': 0.0, '4': 0.0}",0.9,R07oeB4TC
1,政务发布,"{'1': 0.0, '2': 0.0, '3': 0.0, '4': 1.0}",0.0,R1krqu75G
4,公众反馈/举报,"{'1': 0.0, '2': 0.0, '3': 0.0, '4': 1.0}",-0.5,R08T0mlK2
3,民生服务,"{'1': 0.0, '2': 0.0, '3': 1.0, '4': 0.0}",0.9,R1iUD7QKk
4,公众反馈/举报,"{'1': 0.0, '2': 0.0, '3': 0.0, '4': 1.0}",0.8,R1PsVwQZI
4,公众反馈/举报,"{'1': 0.0, '2': 0.2, '3': 0.0, '4': 0.8}",-0.9,R1Pzncczy
4,公众反馈/举报,"{'1': 0.0, '2': 0.3, '3': 0.0, '4': 0.7}",-0.8,R1OEeFA8n
1,政务发布,"{'1': 0.9, '2': 0.0, '3': 0.1, '4': 0.0}",0.2,R1PEC1syU
4,公众反馈/举报,"{'1': 0.0, '2': 0.0, '3': 0.0, '4': 1.0}",-0.8,R1PzYijAn
1,政务发布,"{'1': 1.0, '2': 0.0, '3': 0.0, '4': 0.0}",0.9,R1OR2EOj8
1,政务发布,"{'1': 0.8, '2': 0.0, '3': 0.0, '4': 0.2}",0.9,QErw7BzKF
1,政务发布,"{'1': 1.0, '2': 0.0, '3': 0.0, '4': 0.0}",0.8,QEpZIdDJj
1,政务发布,"{'1': 1.0, '2': 0.0, '3': 0.0, '4': 0.0}",0.0,QEqTL8qPz
1,政务发布,"{'1': 1.0, '2': 0.0, '3': 0.0, '4': 0.0}",-0.3,QEsZulxtp
4,公众反馈/举报,"{'1': 0.0, '2': 0.0, '3': 0.0, '4': 1.0}",-0.8,QFSRCuj3v
4,公众反馈/举报,"{'1': 0.0, '2': 0.0, '3': 0.0, '4': 1.0}",-1.0,QFWYD1XAU
1,政务发布,"{'1': 1.0, '2': 0.0, '3': 0.0, '4': 0.0}",0.8,QFU8zEPxs
1,政务发布,"{'1': 1.0, '2': 0.0, '3': 0.0, '4': 0.0}",0.3,QFUevqrRK
4,公众反馈/举报,"{'1': 0.0, '2': 0.0, '3': 0.0, '4': 1.0}",0.0,R01qE5Zgv
4,公众反馈/举报,"{'1': 0.0, '2': 0.4, '3': 0.2, '4': 0.4}",-0.9,QFTSY6RDj
3,民生服务,"{'1': 0.0, '2': 0.0, '3': 1.0, '4': 0.0}",0.7,QFUpm3s6r
3,民生服务,"{'1': 0.0, '2': 0.0, '3': 1.0, '4': 0.0}",0.9,QFU9skWCw
4,公众反馈/举报,"{'1': 0.0, '2': 0.0, '3': 0.0, '4': 1.0}",0.0,R01oo7HNS
1,政务发布,"{'1': 1.0, '2': 0.0, '3': 0.0, '4': 0.0}",0.9,QFUhsFXcl
1,政务发布,"{'1': 1.0, '2': 0.0, '3': 0.0, '4': 0.0}",0.8,QFWi7Awo9
4,公众反馈/举报,"{'1': 0.0, '2': 0.0, '3': 0.0, '4': 1.0}",-1.0,QFSRCuj3v
1,政务发布,"{'1': 1.0, '2': 0.0, '3': 0.0, '4': 0.0}",0.0,QFWObFNJy
4,公众反馈/举报,"{'1': 0.0, '2': 0.0, '3': 0.0, '4': 1.0}",-1.0,QFWYD1XAU
1,政务发布,"{'1': 1.0, '2': 0.0, '3': 0.0, '4': 0.0}",0.8,QFU8zEPxs
1,政务发布,"{'1': 1.0, '2': 0.0, '3': 0.0, '4': 0.0}",0.0,QFUevqrRK
2,城市问题,"{'1': 0.0, '2': 1.0, '3': 0.0, '4': 0.0}",0.0,R01qE5Zgv
4,公众反馈/举报,"{'1': 0.0, '2': 0.0, '3': 0.0, '4': 1.0}",-1.0,QFTSY6RDj
3,民生服务,"{'1': 0.0, '2': 0.0, '3': 1.0, '4': 0.0}",0.8,QFUpm3s6r
4,公众反馈/举报,"{'1': 0.0, '2': 0.0, '3': 0.0, '4': 1.0}",-0.6,R01oo7HNS
1,政务发布,"{'1': 1.0, '2': 0.0, '3': 0.0, '4': 0.0}",0.8,QFUhsFXcl
3,民生服务,"{'1': 0.0, '2': 0.0, '3': 1.0, '4': 0.0}",1.0,QFU9skWCw
1,政务发布,"{'1': 1.0, '2': 0.0, '3': 0.0, '4': 0.0}",-0.8,QFWObFNJy
1,政务发布,"{'1': 1.0, '2': 0.0, '3': 0.0, '4': 0.0}",0.9,QFWi7Awo9
2,城市问题,"{'1': 0.0, '2': 0.8, '3': 0.0, '4': 0.2}",0.1,R0W6k8v0A
1,政务发布,"{'1': 1.0, '2': 0.0, '3': 0.0, '4': 0.0}",0.8,R0W3EnfxV
4,公众反馈/举报,"{'1': 0.0, '2': 0.1, '3': 0.2, '4': 0.7}",0.0,R0UbTeeUU
4,公众反馈/举报,"{'1': 0.0, '2': 0.0, '3': 0.0, '4': 1.0}",0.3,R0ULn0FJD
1,政务发布,"{'1': 1.0, '2': 0.0, '3': 0.0, '4': 0.0}",0.0,R0VDN0OyE
4,公众反馈/举报,"{'1': 0.0, '2': 0.0, '3': 0.0, '4': 1.0}",-1.0,QFmNsqJp0
4,公众反馈/举报,"{'1': 0.0, '2': 0.0, '3': 0.0, '4': 1.0}",-0.3,QFnG3FynO
3,民生服务,{'3': 1.0},0.9,QFkTZ0Lf0
3,民生服务,"{'1': 0.0, '2': 0.0, '3': 1.0, '4': 0.0}",0.7,QFnx63Gyr
1,政务发布,"{'1': 1.0, '2': 0.0, '3': 0.0, '4': 0.0}",0.9,QFkfU3cCX
1,政务发布,"{'1': 1.0, '2': 0.0, '3': 0.0, '4': 0.0}",0.8,QFlvxjik7
1,政务发布,"{'1': 1.0, '2': 0.0, '3': 0.0, '4': 0.0}",1.0,QFkaExU2C
4,公众反馈/举报,"{'1': 0.0, '2': 0.0, '3': 0.0, '4': 1.0}",0.8,QFjNt9Wti
1,政务发布,"{'1': 1.0, '2': 0.0, '3': 0.0, '4': 0.0}",0.0,QFlmjnLuR
1,政务发布,"{'1': 1.0, '2': 0.0, '3': 0.0, '4': 0.0}",0.3,QFi1igvI8
1,政务发布,"{'1': 1.0, '2': 0.0, '3': 0.0, '4': 0.0}",0.8,QFkDNaao7
4,公众反馈/举报,"{'1': 0.0, '2': 0.2, '3': 0.0, '4': 0.8}",-0.9,QFkVDFt0q
4,公众反馈/举报,"{'1': 0.0, '2': 0.0, '3': 0.0, '4': 1.0}",0.1,QFlJCCKiZ
1,政务发布,"{'1': 1.0, '2': 0.0, '3': 0.0, '4': 0.0}",0.9,QFk9yA6FJ
1,政务发布,"{'1': 1.0, '2': 0.0, '3': 0.0, '4': 0.0}",0.5,QFlft5pN4
1,政务发布,"{'1': 1.0, '2': 0.0, '3': 0.0, '4': 0.0}",0.0,QFmOGcf10
1,政务发布,"{'1': 1.0, '2': 0.0, '3': 0.0, '4': 0.0}",0.8,R00GCvM3h
1,政务发布,"{'1': 1.0, '2': 0.0, '3': 0.0, '4': 0.0}",0.8,QFWHZwo51
4,公众反馈/举报,"{'1': 0.0, '2': 0.0, '3': 0.0, '4': 1.0}",0.0,QFSKHEgkd
2,城市问题,"{'1': 0.0, '2': 0.8, '3': 0.1, '4': 0.1}",0.0,QFWoLdTFQ
1,政务发布,"{'1': 1.0, '2': 0.0, '3': 0.0, '4': 0.0}",0.8,R00GCvM3h
4,公众反馈/举报,"{'1': 0.0, '2': 0.0, '3': 0.0, '4': 1.0}",-0.9,QFTbzp1Hy
1,政务发布,"{'1': 1.0, '2': 0.0, '3': 0.0, '4': 0.0}",0.5,QFUAw5XVS
1,政务发布,"{'1': 1.0, '2': 0.0, '3': 0.0, '4': 0.0}",0.8,QFWHZwo51
4,公众反馈/举报,"{'1': 0.0, '2': 0.0, '3': 0.0, '4': 1.0}",0.0,QFSKHEgkd
1,政务发布,"{'1': 1.0, '2': 0.0, '3': 0.0, '4': 0.0}",0.8,QFUAw5XVS
2,城市问题,"{'1': 0.0, '2': 1.0, '3': 0.0, '4': 0.0}",0.3,QFWoLdTFQ
4,公众反馈/举报,"{'1': 0.0, '2': 0.0, '3': 0.0, '4': 1.0}",-1.0,QFTbzp1Hy
1,政务发布,"{'1': 1.0, '2': 0.0, '3': 0.0, '4': 0.0}",1.0,R074VC5pq
1,政务发布,"{'1': 1.0, '2': 0.0, '3': 0.0, '4': 0.0}",0.9,R07Us03f3
4,公众反馈/举报,"{'1': 0.0, '2': 0.0, '3': 0.0, '4': 1.0}",-1.0,R05sccCdJ
4,公众反馈/举报,"{'1': 0.0, '2': 0.0, '3': 0.0, '4': 1.0}",-0.8,R05AhlOJQ
1,政务发布,"{'1': 1.0, '2': 0.0, '3': 0.0, '4': 0.0}",0.8,R06hXEvT6
4,公众反馈/举报,"{'1': 0.0, '2': 0.3, '3': 0.2, '4': 0.5}",-0.9,R06VpeFHy
1,政务发布,"{'1': 1.0, '2': 0.0, '3': 0.0, '4': 0.0}",0.3,R08R45s6h
4,公众反馈/举报,"{'1': 0.0, '2': 0.0, '3': 0.0, '4': 1.0}",0.5,R07sYqWAh
3,民生服务,"{'1': 0.0, '2': 0.0, '3': 1.0, '4': 0.0}",0.8,R06mv88lG
4,公众反馈/举报,"{'1': 0.0, '2': 0.0, '3': 0.0, '4': 1.0}",0.5,R08sSzE8V
3,民生服务,"{'1': 0.0, '2': 0.0, '3': 1.0, '4': 0.0}",0.8,R06EzA3Ab
1,政务发布,"{'1': 1.0, '2': 0.0, '3': 0.0, '4': 0.0}",-0.8,R07Udmieu
2,城市问题,"{'1': 0.0, '2': 1.0, '3': 0.0, '4': 0.0}",-0.3,R074owrjn
1,政务发布,"{'1': 1.0, '2': 0.0, '3': 0.0, '4': 0.0}",0.8,R05KTBy3j
4,公众反馈/举报,"{'1': 0.0, '2': 0.0, '3': 0.0, '4': 1.0}",-1.0,R0537jOqV
3,民生服务,"{'1': 0.0, '2': 0.0, '3': 1.0, '4': 0.0}",0.8,R05u9tmoo
4,公众反馈/举报,"{'1': 0.0, '2': 0.0, '3': 0.0, '4': 1.0}",-0.8,R09cobIgj
1,政务发布,"{'1': 1.0, '2': 0.0, '3': 0.0, '4': 0.0}",0.5,R075LqnAx
1,政务发布,"{'1': 1.0, '2': 0.0, '3': 0.0, '4': 0.0}",0.3,QE0OTENPz
4,公众反馈/举报,"{'1': 0.0, '2': 0.0, '3': 0.0, '4': 1.0}",-0.3,QE0raypSW
2,城市问题,"{'1': 0.0, '2': 1.0, '3': 0.0, '4': 0.0}",-0.5,QDXhOj9Ft
4,公众反馈/举报,"{'1': 0.0, '2': 0.4, '3': 0.0, '4': 0.6}",-0.4,QDYd9grHO
4,公众反馈/举报,"{'1': 0.0, '2': 0.0, '3': 0.0, '4': 1.0}",0.0,QE08MuEj7
3,民生服务,"{'1': 0.0, '2': 0.0, '3': 1.0, '4': 0.0}",0.8,QDWdVp5Ba
1,政务发布,"{'1': 1.0, '2': 0.0, '3': 0.0, '4': 0.0}",0.9,QDWpnfTHw
4,公众反馈/举报,"{'1': 0.0, '2': 0.0, '3': 0.0, '4': 1.0}",0.0,QE0q2oQhF
4,公众反馈/举报,"{'1': 0.0, '2': 0.0, '3': 0.0, '4': 1.0}",-0.3,QDXmZwajy
4,公众反馈/举报,"{'1': 0.0, '2': 0.0, '3': 0.2, '4': 0.8}",-0.6,R06naaiXp
4,公众反馈/举报,"{'1': 0.0, '2': 0.0, '3': 0.1, '4': 0.9}",-0.6,R06I8j2nH
4,公众反馈/举报,"{'1': 0.0, '2': 0.0, '3': 0.0, '4': 1.0}",-0.2,R05d9ayps
3,民生服务,"{'1': 0.0, '2': 0.0, '3': 1.0, '4': 0.0}",0.8,R091qumCj
4,公众反馈/举报,"{'1': 0.0, '2': 0.2, '3': 0.0, '4': 0.8}",-0.8,R07sbDgeT
4,公众反馈/举报,"{'1': 0.0, '2': 0.0, '3': 0.0, '4': 1.0}",-0.9,R05vMo28K
4,公众反馈/举报,"{'1': 0.0, '2': 0.3, '3': 0.0, '4': 0.7}",-0.8,R07QgrN5f
1,政务发布,"{'1': 1.0, '2': 0.0, '3': 0.0, '4': 0.0}",0.8,R08RYf6y8
2,城市问题,"{'1': 0.0, '2': 1.0, '3': 0.0, '4': 0.0}",-0.8,R06kwvj3X
3,民生服务,"{'1': 0.0, '2': 0.0, '3': 1.0, '4': 0.0}",0.8,R07UIdY5N
1,政务发布,"{'1': 1.0, '2': 0.0, '3': 0.0, '4': 0.0}",0.9,R07n16iNt
4,公众反馈/举报,"{'1': 0.0, '2': 0.0, '3': 0.0, '4': 1.0}",1.0,R05Ck2nN3
4,公众反馈/举报,"{'1': 0.0, '2': 0.0, '3': 0.0, '4': 1.0}",0.0,R07r1BHco
4,公众反馈/举报,"{'1': 0.2, '2': 0.0, '3': 0.0, '4': 0.8}",-0.2,R07sgAftH
3,民生服务,"{'1': 0.0, '2': 0.0, '3': 1.0, '4': 0.0}",1.0,R05xRFFFZ
3,民生服务,"{'1': 0.1, '2': 0.0, '3': 0.9, '4': 0.0}",0.8,R06LDgWno
4,公众反馈/举报,"{'1': 0.0, '2': 0.0, '3': 0.0, '4': 1.0}",0.5,R08QdiqhP
3,民生服务,"{'1': 0.2, '2': 0.1, '3': 0.6, '4': 0.1}",0.8,R07Jnb21E
1,政务发布,"{'1': 0.0, '2': 0.0, '3': 1.0, '4': 0.0}",0.9,R2j9CkMVU
1,政务发布,"{'1': 1.0, '2': 0.0, '3': 0.0, '4': 0.0}",1.0,R2iHsyFjf
1,政务发布,"{'1': 1.0, '2': 0.0, '3': 0.0, '4': 0.0}",0.3,R2fUXgVYp
4,公众反馈/举报,"{'1': 0.0, '2': 0.0, '3': 0.0, '4': 1.0}",-0.5,R2jePmtnD
1,政务发布,"{'1': 1.0, '2': 0.0, '3': 0.0, '4': 0.0}",0.0,R2ha1pt5H
1,政务发布,"{'1': 1.0, '2': 0.0, '3': 0.0, '4': 0.0}",0.2,R2d2zCoGS
4,公众反馈/举报,"{'1': 0.0, '2': 0.0, '3': 0.0, '4': 1.0}",-1.0,QEfwzwzcc
2,城市问题,"{'1': 0.0, '2': 1.0, '3': 0.0, '4': 0.0}",0.8,QEgnPhVGO
1,政务发布,"{'1': 1.0, '2': 0.0, '3': 0.0, '4': 0.0}",-0.5,QEevAltXo
1,政务发布,"{'1': 1.0, '2': 0.0, '3': 0.0, '4': 0.0}",0.8,QEdZj2T2O
1,政务发布,"{'1': 1.0, '2': 0.0, '3': 0.0, '4': 0.0}",0.0,QEfYlqXHV
1,政务发布,"{'1': 1.0, '2': 0.0, '3': 0.0, '4': 0.0}",0.5,R2iGMgaKY
1,政务发布,"{'1': 1.0, '2': 0.0, '3': 0.0, '4': 0.0}",0.8,R2gPnu11l
1,政务发布,"{'1': 1.0, '2': 0.0, '3': 0.0, '4': 0.0}",1.0,R2hd0EFzS
1,政务发布,"{'1': 1.0, '2': 0.0, '3': 0.0, '4': 0.0}",0.8,R2gdbqK7b
1,政务发布,"{'1': 1.0, '2': 0.0, '3': 0.0, '4': 0.0}",0.5,R2dMF39hW
4,公众反馈/举报,"{'1': 0.1, '2': 0.1, '3': 0.1, '4': 0.7}",-0.3,R2fl0obHq
3,民生服务,"{'1': 0.0, '2': 0.0, '3': 1.0, '4': 0.0}",0.5,R2gfx7xuy
1,政务发布,"{'1': 1.0, '2': 0.0, '3': 0.0, '4': 0.0}",0.9,QEq6OcTzR
3,民生服务,"{'1': 0.0, '2': 0.0, '3': 1.0, '4': 0.0}",0.5,QEsPYBIoH
1,政务发布,"{'1': 1.0, '2': 0.0, '3': 0.0, '4': 0.0}",0.8,QEqSxfea6
4,公众反馈/举报,"{'1': 0.0, '2': 0.0, '3': 0.0, '4': 1.0}",0.0,QEpC7eLd4
4,公众反馈/举报,"{'1': 0.0, '2': 0.0, '3': 0.0, '4': 1.0}",0.0,QEqefaY31
3,民生服务,"{'1': 0.0, '2': 0.0, '3': 1.0, '4': 0.0}",0.8,QEnVFsPzc
1,政务发布,"{'1': 1.0, '2': 0.0, '3': 0.0, '4': 0.0}",0.8,R00h6yxn5
3,民生服务,"{'1': 0.0, '2': 0.0, '3': 1.0, '4': 0.0}",0.8,QFW1jBLnQ
4,公众反馈/举报,"{'1': 0.0, '2': 1.0, '3': 0.0, '4': 1.0}",-1.0,QFSNxCd13
4,公众反馈/举报,"{'1': 0.0, '2': 0.0, '3': 0.0, '4': 1.0}",1.0,R00N42j8A
1,政务发布,"{'1': 1.0, '2': 0.0, '3': 0.0, '4': 0.0}",0.8,QFVO6vA8W
1,政务发布,"{'1': 1.0, '2': 0.0, '3': 0.0, '4': 0.0}",0.9,R00SNDwIC
1,政务发布,"{'1': 1.0, '2': 0.0, '3': 0.0, '4': 0.0}",0.8,QFWkZc7Lb
4,公众反馈/举报,"{'1': 0.0, '2': 0.0, '3': 0.0, '4': 1.0}",0.0,R00lgoJoz
1,政务发布,"{'1': 1.0, '2': 0.0, '3': 0.0, '4': 0.0}",0.8,QFWywmMKW
1,政务发布,"{'1': 1.0, '2': 0.0, '3': 0.0, '4': 0.0}",1.0,R00h6yxn5
4,公众反馈/举报,"{'1': 0.0, '2': 0.0, '3': 0.0, '4': 1.0}",-1.0,QFU9wBTjc
1,政务发布,"{'1': 1.0, '2': 0.0, '3': 0.0, '4': 0.0}",0.9,QFW1jBLnQ
3,民生服务,"{'1': 0.0, '2': 0.0, '3': 1.0, '4': 0.0}",0.8,R00N42j8A
1,政务发布,"{'1': 1.0, '2': 0.0, '3': 0.0, '4': 0.0}",1.0,QFVO6vA8W
4,公众反馈/举报,"{'1': 0.0, '2': 0.0, '3': 0.0, '4': 1.0}",-1.0,QFSNxCd13
1,政务发布,"{'1': 1.0, '2': 0.0, '3': 0.0, '4': 0.0}",0.8,QFWkZc7Lb
3,民生服务,"{'1': 0.0, '2': 0.0, '3': 1.0, '4': 0.0}",0.9,R00SNDwIC
3,民生服务,"{'1': 0.0, '2': 0.0, '3': 1.0, '4': 0.0}",0.5,R00lgoJoz
4,公众反馈/举报,"{'1': 0.0, '2': 0.1, '3': 0.1, '4': 0.8}",-0.9,QFU9wBTjc
1,政务发布,"{'1': 1.0, '2': 0.0, '3': 0.0, '4': 0.0}",0.8,QFWywmMKW
1,政务发布,"{'1': 1.0, '2': 0.0, '3': 0.0, '4': 0.0}",0.8,R05UZtPIk
1,政务发布,"{'1': 1.0, '2': 0.0, '3': 0.0, '4': 0.0}",0.8,R07QWCBvl
4,公众反馈/举报,"{'1': 0.0, '2': 0.4, '3': 0.1, '4': 0.5}",-0.8,R07RY0KTW
4,公众反馈/举报,"{'1': 0.0, '2': 0.0, '3': 0.0, '4': 1.0}",0.8,R08O4nq7h
1,政务发布,"{'1': 1.0, '2': 0.0, '3': 0.0, '4': 0.0}",0.8,R06bSsRH4
1,政务发布,"{'1': 1.0, '2': 0.0, '3': 0.0, '4': 0.0}",1.0,R07OICUTz
4,公众反馈/举报,"{'1': 0.0, '2': 0.0, '3': 0.0, '4': 1.0}",-1.0,R06F1Df44
1,政务发布,"{'1': 1.0, '2': 0.0, '3': 0.0, '4': 0.0}",0.8,R06x9veM9
1,政务发布,"{'1': 1.0, '2': 0.0, '3': 0.0, '4': 0.0}",0.9,R06eYpl6d
1,政务发布,"{'1': 1.0, '2': 0.0, '3': 0.0, '4': 0.0}",0.8,R06jElmjt
4,公众反馈/举报,"{'1': 0.0, '2': 0.0, '3': 0.0, '4': 1.0}",0.0,R07rvrlDe
3,民生服务,"{'3': 1.0, '1': 0.0, '2': 0.0, '4': 0.0}",0.9,R07oyp2No
1,政务发布,"{'1': 1.0, '2': 0.0, '3': 0.0, '4': 0.0}",0.3,R07UHz1in
4,公众反馈/举报,"{'1': 0.0, '2': 0.3, '3': 0.0, '4': 0.7}",-0.6,R071l4FOM
1,政务发布,"{'1': 1.0, '2': 0.0, '3': 0.0, '4': 0.0}",0.8,R09g0f6wS
3,民生服务,"{'1': 0.1, '2': 0.0, '3': 0.9, '4': 0.0}",0.9,R062CzSbS
1,政务发布,"{'1': 1.0, '2': 0.0, '3': 0.0, '4': 0.0}",0.0,R09dv3R6t
1,政务发布,"{'1': 1.0, '2': 0.0, '3': 0.0, '4': 0.0}",0.9,QFVJD73oS
1,政务发布,"{'1': 1.0, '2': 0.0, '3': 0.0, '4': 0.0}",0.7,QFWjAe6hr
1,政务发布,"{'1': 1.0, '2': 0.0, '3': 0.0, '4': 0.0}",0.8,QFTqC0Gls
1,政务发布,"{'1': 1.0, '2': 0.0, '3': 0.0, '4': 0.0}",0.9,QFUbH55mv
1,政务发布,"{'1': 1.0, '2': 0.0, '3': 0.0, '4': 0.0}",0.2,QFXgA0d3D
4,公众反馈/举报,"{'1': 0.0, '2': 0.6, '3': 0.1, '4': 0.3}",-0.8,R019uFAfx
4,公众反馈/举报,"{'1': 0.0, '2': 0.0, '3': 0.0, '4': 1.0}",-0.5,R01ey8rk2
1,政务发布,"{'1': 1.0, '2': 0.0, '3': 0.0, '4': 0.0}",0.3,QFWpPFJ11
1,政务发布,"{'1': 1.0, '2': 0.0, '3': 0.0, '4': 0.0}",1.0,QFW2H1Rms
1,政务发布,"{'1': 1.0, '2': 0.0, '3': 0.0, '4': 0.0}",0.0,QFXgA0d3D
1,政务发布,"{'1': 1.0, '2': 0.0, '3': 0.0, '4': 0.0}",0.5,QFWpPFJ11
1,政务发布,"{'1': 0.9, '2': 0.0, '3': 0.1, '4': 0.0}",0.8,QFWR7BH9p
4,公众反馈/举报,"{'1': 0.0, '2': 0.0, '3': 0.0, '4': 1.0}",-0.5,R01ey8rk2
1,政务发布,"{'1': 1.0, '2': 0.0, '3': 0.0, '4': 0.0}",0.8,QFWR7BH9p
4,公众反馈/举报,"{'1': 0.0, '2': 0.0, '3': 0.0, '4': 1.0}",-0.9,R019uFAfx
4,公众反馈/举报,"{'1': 0.0, '2': 0.0, '3': 0.0, '4': 1.0}",-0.9,R13b5kuxZ
1,政务发布,"{'1': 1.0, '2': 0.0, '3': 0.0, '4': 0.0}",1.0,QFW2H1Rms
4,公众反馈/举报,"{'1': 0.0, '2': 0.0, '3': 0.0, '4': 1.0}",0.5,R11R7avhb
3,民生服务,"{'1': 0.0, '2': 0.0, '3': 1.0, '4': 0.0}",0.3,R11unaLw8
1,政务发布,"{'1': 1.0, '2': 0.0, '3': 0.0, '4': 0.0}",0.5,QEGqs6WZn
4,公众反馈/举报,"{'1': 0.0, '2': 0.0, '3': 0.0, '4': 1.0}",0.9,QEJVDF3nN
4,公众反馈/举报,"{'1': 0.0, '2': 0.0, '3': 0.0, '4': 1.0}",0.3,QEKkZadbX
1,政务发布,"{'1': 1.0, '2': 0.0, '3': 0.0, '4': 0.0}",1.0,R01uOs3QP
3,民生服务,"{'1': 0.0, '2': 0.0, '3': 1.0, '4': 0.0}",0.9,QFWBUFDSp
1,政务发布,"{'1': 1.0, '2': 0.0, '3': 0.0, '4': 0.0}",0.9,QFUb56OQy
1,政务发布,"{'1': 1.0, '2': 0.0, '3': 0.0, '4': 0.0}",1.0,R00UXpzKW
3,民生服务,"{'1': 0.3, '2': 0.0, '3': 0.7, '4': 0.0}",0.8,R01uOs3QP
1,政务发布,"{'1': 1.0, '2': 0.0, '3': 0.0, '4': 0.0}",0.8,R00zXdQl4
3,民生服务,"{'1': 0.0, '2': 0.0, '3': 1.0, '4': 0.0}",0.8,QFWBUFDSp
1,政务发布,"{'1': 0.9, '2': 0.0, '3': 0.1, '4': 0.0}",0.9,R00zXdQl4
1,政务发布,"{'1': 1.0, '2': 0.0, '3': 0.0, '4': 0.0}",0.9,R00UXpzKW
1,政务发布,"{'1': 1.0, '2': 0.0, '3': 0.0, '4': 0.0}",0.9,QFUb56OQy
4,公众反馈/举报,"{'1': 0.0, '2': 0.1, '3': 0.1, '4': 0.8}",-0.9,R255ujOgW
3,民生服务,"{'1': 1.0, '2': 0.0, '3': 0.0, '4': 0.0}",0.9,R27kCxfpr
4,公众反馈/举报,"{'1': 0.0, '2': 0.3, '3': 0.2, '4': 0.5}",-0.3,R26IYaba0
1,政务发布,"{'1': 1.0, '2': 0.0, '3': 0.0, '4': 0.0}",0.9,R24rTfdsu
4,公众反馈/举报,"{'1': 0.2, '2': 0.3, '3': 0.1, '4': 0.4}",-0.8,R25B33IFZ
4,公众反馈/举报,"{'1': 0.0, '2': 0.0, '3': 0.0, '4': 1.0}",1.0,R27EJflH1
1,政务发布,"{'1': 1.0, '2': 0.0, '3': 0.0, '4': 0.0}",0.9,R27x9c7DK
4,公众反馈/举报,"{'4': 1.0, '1': 0.0, '2': 0.0, '3': 0.0}",0.4,R26dwffa3
4,公众反馈/举报,"{'1': 0.0, '2': 0.0, '3': 0.0, '4': 1.0}",-0.2,R20Ihi0Me
4,公众反馈/举报,"{'1': 0.0, '2': 0.0, '3': 0.0, '4': 1.0}",-0.7,QEjmsvOai
4,公众反馈/举报,"{'1': 0.0, '2': 0.0, '3': 0.0, '4': 1.0}",0.8,QEjnrFJmu
4,公众反馈/举报,"{'1': 0.0, '2': 0.0, '3': 0.0, '4': 1.0}",0.0,QEivrsC01
1,政务发布,"{'1': 1.0, '2': 0.0, '3': 0.0, '4': 0.0}",0.6,R076YpggF
1,政务发布,"{'1': 1.0, '2': 0.0, '3': 0.0, '4': 0.0}",1.0,R07Ut7ACW
1,政务发布,"{'1': 1.0, '2': 0.0, '3': 0.0, '4': 0.0}",0.8,R06jji8eY
4,公众反馈/举报,"{'1': 0.0, '2': 0.0, '3': 0.0, '4': 1.0}",0.0,QEfLh9q0O
4,公众反馈/举报,"{'1': 0.0, '2': 0.1, '3': 0.0, '4': 0.9}",-0.9,R07AL9lMj
4,公众反馈/举报,"{'1': 0.0, '2': 0.2, '3': 0.0, '4': 0.8}",-0.9,R07b4aB6b
1,政务发布,"{'1': 1.0, '2': 0.0, '3': 0.0, '4': 0.0}",0.9,R07IApy0g
1,政务发布,"{'1': 1.0, '2': 0.0, '3': 0.0, '4': 0.0}",0.8,R09lQ4Z8j
1,政务发布,"{'1': 1.0, '2': 0.0, '3': 0.0, '4': 0.0}",0.5,R067E6kMU
1,政务发布,"{'1': 1.0, '2': 0.0, '3': 0.0, '4': 0.0}",0.9,R06EHazT7
1,政务发布,"{'1': 1.0, '2': 0.0, '3': 0.0, '4': 0.0}",1.0,R07pNCYJp
3,民生服务,"{'1': 0.0, '2': 0.0, '3': 1.0, '4': 0.0}",0.8,R07ImbjTE
4,公众反馈/举报,"{'1': 0.0, '2': 0.0, '3': 0.0, '4': 1.0}",-0.3,R0rNKrqv8
1,政务发布,"{'1': 1.0, '2': 0.0, '3': 0.0, '4': 0.0}",0.8,R08RCn2QV
4,公众反馈/举报,"{'1': 0.0, '2': 0.0, '3': 0.0, '4': 1.0}",-1.0,QFWUwDSwb
1,政务发布,"{'1': 1.0, '2': 0.0, '3': 0.0, '4': 0.0}",0.9,QFWA4oRV8
3,民生服务,"{'1': 0.0, '2': 0.0, '3': 1.0, '4': 0.0}",-0.6,QFWJRnwPd
4,公众反馈/举报,"{'1': 0.0, '2': 0.0, '3': 0.0, '4': 1.0}",0.5,R00bZuMK2
3,民生服务,"{'1': 0.0, '2': 0.0, '3': 1.0, '4': 0.0}",0.0,QFWnLuw03
1,政务发布,"{'1': 1.0, '2': 0.0, '3': 0.0, '4': 0.0}",0.8,QFVZKaxXN
3,民生服务,"{'1': 0.3, '2': 0.0, '3': 0.7, '4': 0.0}",0.8,QFW1u45Jd
4,公众反馈/举报,"{'1': 0.0, '2': 0.0, '3': 0.0, '4': 1.0}",-0.5,QFWJRnwPd
4,公众反馈/举报,"{'1': 0.0, '2': 0.0, '3': 0.0, '4': 1.0}",-1.0,QFWUwDSwb
1,政务发布,"{'1': 1.0, '2': 0.0, '3': 0.0, '4': 0.0}",0.8,QFWA4oRV8
1,政务发布,"{'1': 1.0, '2': 0.0, '3': 0.0, '4': 0.0}",0.7,QFWnLuw03
4,公众反馈/举报,"{'1': 0.0, '2': 0.0, '3': 0.0, '4': 1.0}",0.5,R00bZuMK2
1,政务发布,"{'1': 1.0, '2': 0.0, '3': 0.0, '4': 0.0}",0.8,QFVZKaxXN
4,公众反馈/举报,"{'1': 0.0, '2': 0.0, '3': 0.0, '4': 1.0}",0.0,QFEu2uI2w
1,政务发布,"{'1': 0.9, '2': 0.0, '3': 0.1, '4': 0.0}",0.8,QFW1u45Jd
4,公众反馈/举报,"{'1': 0.0, '2': 0.0, '3': 0.0, '4': 1.0}",0.0,QFGo9sbng
4,公众反馈/举报,"{'1': 0.0, '2': 0.0, '3': 0.0, '4': 1.0}",0.0,QFzDnsbss
4,公众反馈/举报,"{'1': 0.0, '2': 0.0, '3': 0.0, '4': 1.0}",0.2,QEr3dBZOE
4,公众反馈/举报,"{'1': 0.0, '2': 0.0, '3': 0.0, '4': 1.0}",-0.8,QEsKTg1UH
3,民生服务,"{'1': 0.0, '2': 0.1, '3': 1.0, '4': 0.0}",0.8,R00QsfEKX
1,政务发布,"{'1': 1.0, '2': 0.0, '3': 0.0, '4': 0.0}",1.0,QFVYoBk04
3,民生服务,"{'1': 0.0, '2': 0.0, '3': 1.0, '4': 0.0}",1.0,QFWBV5aXi
1,政务发布,"{'1': 1.0, '2': 0.0, '3': 0.0, '4': 0.0}",1.0,R01cY1aUj
1,政务发布,"{'1': 1.0, '2': 0.0, '3': 0.0, '4': 0.0}",0.8,QFT77rPVV
1,政务发布,"{'1': 1.0, '2': 0.0, '3': 0.0, '4': 0.0}",0.8,QFUDQ3srr
1,政务发布,"{'1': 1.0, '2': 0.0, '3': 0.0, '4': 0.0}",0.8,QFWJZ7Whc
3,民生服务,"{'1': 0.0, '2': 0.0, '3': 1.0, '4': 0.0}",0.2,R00Jlen7k
1,政务发布,"{'1': 1.0, '2': 0.0, '3': 0.0, '4': 0.0}",0.8,QFWWublUW
1,政务发布,"{'1': 1.0, '2': 0.0, '3': 0.0, '4': 0.0}",0.8,QFTaYuZS7
4,公众反馈/举报,"{'1': 0.0, '2': 0.2, '3': 0.0, '4': 0.8}",0.5,R00QsfEKX
1,政务发布,"{'1': 1.0, '2': 0.0, '3': 0.0, '4': 0.0}",0.8,QFVYoBk04
3,民生服务,"{'1': 0.0, '2': 0.0, '3': 1.0, '4': 0.0}",0.8,QFWBV5aXi
1,政务发布,"{'1': 1.0, '2': 0.0, '3': 0.0, '4': 0.0}",0.9,QFT77rPVV
1,政务发布,"{'1': 1.0, '2': 0.0, '3': 0.0, '4': 0.0}",0.5,R01cY1aUj
1,政务发布,"{'1': 1.0, '2': 0.0, '3': 0.0, '4': 0.0}",0.6,QFUDQ3srr
1,政务发布,"{'1': 1.0, '2': 0.0, '3': 0.0, '4': 0.0}",0.7,QFWJZ7Whc
3,民生服务,"{'1': 0.0, '2': 0.0, '3': 1.0, '4': 0.0}",0.3,R00Jlen7k
1,政务发布,"{'1': 1.0, '2': 0.0, '3': 0.0, '4': 0.0}",0.8,QFTaYuZS7
1,政务发布,"{'1': 1.0, '2': 0.0, '3': 0.0, '4': 0.0}",0.0,QFWWublUW
1,政务发布,"{'1': 1.0, '2': 0.0, '3': 0.0, '4': 0.0}",0.8,R1KybcWv4
4,公众反馈/举报,"{'1': 0.0, '2': 0.0, '3': 0.0, '4': 1.0}",-0.8,R1JL2mDYh
1,政务发布,"{'1': 1.0, '2': 0.0, '3': 0.0, '4': 0.0}",0.8,R1NBb4Zm6
4,公众反馈/举报,"{'1': 0.0, '2': 0.1, '3': 0.2, '4': 0.7}",-0.3,QEndghpbE
1,政务发布,"{'1': 1.0, '2': 0.0, '3': 0.0, '4': 0.0}",0.8,QEqcU8ZIK
1,政务发布,"{'1': 1.0, '2': 0.0, '3': 0.0, '4': 0.0}",0.8,QEo5JzKD8
4,公众反馈/举报,"{'1': 0.0, '2': 0.0, '3': 0.0, '4': 1.0}",0.3,QEsPJh1Cp
1,政务发布,"{'1': 1.0, '2': 0.0, '3': 0.0, '4': 0.0}",0.8,QEqhm8mXG
4,公众反馈/举报,"{'1': 0.0, '2': 0.0, '3': 0.0, '4': 1.0}",0.6,QEsOjgXXU
3,民生服务,"{'1': 0.0, '2': 0.0, '3': 1.0, '4': 0.0}",0.9,QEpKA2u20
3,民生服务,"{'1': 0.0, '2': 0.0, '3': 1.0, '4': 0.0}",0.0,QFXeWCHi3
4,公众反馈/举报,"{'1': 0.0, '2': 0.0, '3': 0.0, '4': 1.0}",0.0,QFVU9xDPn
1,政务发布,"{'1': 1.0, '2': 0.0, '3': 0.0, '4': 0.0}",0.0,QFWG51XDt
4,公众反馈/举报,"{'1': 0.0, '2': 0.0, '3': 0.0, '4': 1.0}",0.3,QFSrpljVS
1,政务发布,"{'1': 1.0, '2': 0.0, '3': 0.0, '4': 0.0}",0.8,QFTVzh93n
4,公众反馈/举报,"{'1': 0.0, '2': 0.0, '3': 0.0, '4': 1.0}",-0.8,R01HexozT
3,民生服务,"{'1': 0.0, '2': 0.0, '3': 1.0, '4': 0.0}",0.8,QFWoa4ub8
2,城市问题,"{'1': 0.0, '2': 1.0, '3': 0.0, '4': 0.0}",-0.8,R01lY04g9
3,民生服务,"{'1': 0.0, '2': 0.0, '3': 0.0, '4': 0.0}",0.0,R019cgZOA
4,公众反馈/举报,"{'1': 0.0, '2': 0.0, '3': 0.0, '4': 1.0}",0.2,QFVU9xDPn
1,政务发布,"{'1': 1.0, '2': 0.0, '3': 0.0, '4': 0.0}",0.5,QFXeWCHi3
4,公众反馈/举报,"{'1': 0.0, '2': 0.0, '3': 0.0, '4': 1.0}",-0.5,QFSrpljVS
3,民生服务,"{'1': 0.0, '2': 0.0, '3': 1.0, '4': 0.0}",0.9,QFTVzh93n
1,政务发布,"{'1': 1.0, '2': 0.0, '3': 0.0, '4': 0.0}",0.5,QFWG51XDt
4,公众反馈/举报,"{'1': 0.0, '2': 0.4, '3': 0.0, '4': 0.6}",-0.8,R01HexozT
1,政务发布,"{'1': 1.0, '2': 0.0, '3': 0.0, '4': 0.0}",0.8,QFWoa4ub8
2,城市问题,"{'1': 0.0, '2': 1.0, '3': 0.0, '4': 0.0}",-0.8,R01lY04g9
1,政务发布,"{'1': 1.0, '2': 0.0, '3': 0.0, '4': 0.0}",0.0,R019cgZOA
1,政务发布,"{'1': 1.0, '2': 0.0, '3': 0.0, '4': 0.0}",1.0,QFvewflPz
1,政务发布,"{'1': 1.0, '2': 0.0, '3': 0.0, '4': 0.0}",0.8,QFWXEA0Bx
1,政务发布,"{'1': 1.0, '2': 0.0, '3': 0.0, '4': 0.0}",0.8,QFUTc2rZc
1,政务发布,"{'1': 1.0, '2': 0.0, '3': 0.0, '4': 0.0}",1.0,QFTI2iAe0
1,政务发布,"{'1': 1.0, '2': 0.0, '3': 0.0, '4': 0.0}",0.5,QFXs7w1yY
1,政务发布,"{'1': 1.0, '2': 0.0, '3': 0.0, '4': 0.0}",0.6,QFW1M7MkF
4,公众反馈/举报,"{'1': 0.0, '2': 0.0, '3': 0.0, '4': 1.0}",-1.0,R01Gqim8o
1,政务发布,"{'1': 1.0, '2': 0.0, '3': 0.0, '4': 0.0}",0.8,QFVTKeB49
1,政务发布,"{'1': 0.8, '2': 0.0, '3': 0.1, '4': 0.1}",0.7,QFTlYy36P
1,政务发布,"{'1': 1.0, '2': 0.0, '3': 0.0, '4': 0.0}",0.5,R00Hu7Ewg
4,公众反馈/举报,"{'1': 0.0, '2': 0.0, '3': 0.0, '4': 1.0}",0.0,QFVVz6dxO
1,政务发布,"{'1': 1.0, '2': 0.0, '3': 0.0, '4': 0.0}",0.8,R01wRxVgn
1,政务发布,"{'1': 1.0, '2': 0.0, '3': 0.0, '4': 0.0}",0.0,QFWXEA0Bx
1,政务发布,"{'1': 1.0, '2': 0.0, '3': 0.0, '4': 0.0}",0.8,QFUTc2rZc
1,政务发布,"{'1': 1.0, '2': 0.0, '3': 0.0, '4': 0.0}",0.8,QFTI2iAe0
3,民生服务,"{'1': 0.2, '2': 0.3, '3': 0.5, '4': 0.0}",0.7,QFXs7w1yY
1,政务发布,"{'1': 1.0, '2': 0.0, '3': 0.0, '4': 0.0}",0.9,QFTlYy36P
1,政务发布,"{'1': 1.0, '2': 0.0, '3': 0.0, '4': 0.0}",0.8,QFVTKeB49
1,政务发布,"{'1': 1.0, '2': 0.0, '3': 0.0, '4': 0.0}",0.8,QFW1M7MkF
4,公众反馈/举报,"{'1': 0.0, '2': 0.2, '3': 0.3, '4': 0.5}",-0.9,R01Gqim8o
1,政务发布,"{'1': 1.0, '2': 0.0, '3': 0.0, '4': 0.0}",0.8,R00Hu7Ewg
1,政务发布,"{'1': 1.0, '2': 0.0, '3': 0.0, '4': 0.0}",0.8,R01wRxVgn
2,城市问题,"{'1': 0.0, '2': 1.0, '3': 0.0, '4': 0.0}",0.0,R01nm3L15
4,公众反馈/举报,"{'1': 0.0, '2': 0.0, '3': 0.0, '4': 1.0}",0.0,QFVVz6dxO
4,公众反馈/举报,"{'1': 0.0, '2': 0.0, '3': 0.0, '4': 1.0}",-0.9,R00KEjXPQ
1,政务发布,"{'1': 1.0, '2': 0.0, '3': 0.0, '4': 0.0}",0.8,QFWAFmc6X
4,公众反馈/举报,"{'1': 0.0, '2': 0.0, '3': 0.0, '4': 1.0}",-0.9,QFWEaj08l
1,政务发布,"{'1': 1.0, '2': 0.0, '3': 0.0, '4': 0.0}",0.0,QFX5uwfg2
1,政务发布,"{'1': 1.0, '2': 0.0, '3': 0.0, '4': 0.0}",0.5,R007be4Kt
2,城市问题,"{'1': 0.0, '2': 1.0, '3': 0.0, '4': 0.0}",-0.5,R0079ycak
1,政务发布,"{'1': 1.0, '2': 0.0, '3': 0.0, '4': 0.0}",0.0,QFX3g68TF
4,公众反馈/举报,"{'1': 0.1, '2': 0.2, '3': 0.3, '4': 0.4}",0.2,R01nm3L15
4,公众反馈/举报,"{'1': 0.0, '2': 0.1, '3': 0.1, '4': 0.8}",-0.9,R00KEjXPQ
1,政务发布,"{'1': 1.0, '2': 0.0, '3': 0.0, '4': 0.0}",1.0,QFThlgDOd
1,政务发布,"{'1': 1.0, '2': 0.0, '3': 0.0, '4': 0.0}",0.9,QFWAFmc6X
1,政务发布,"{'1': 1.0, '2': 0.0, '3': 0.0, '4': 0.0}",0.6,R007be4Kt
1,政务发布,"{'1': 1.0, '2': 0.0, '3': 0.0, '4': 0.0}",0.0,QFX5uwfg2
4,公众反馈/举报,"{'1': 0.0, '2': 0.0, '3': 0.0, '4': 1.0}",-1.0,QFWEaj08l
1,政务发布,"{'1': 1.0, '2': 0.0, '3': 0.0, '4': 0.0}",0.5,QFX3g68TF
4,公众反馈/举报,"{'1': 0.0, '2': 0.0, '3': 0.0, '4': 1.0}",-0.6,R0079ycak
4,公众反馈/举报,"{'1': 0.0, '2': 0.0, '3': 0.0, '4': 1.0}",-0.5,R0W78F89q
1,政务发布,"{'1': 1.0, '2': 0.0, '3': 0.0, '4': 0.0}",1.0,QFThlgDOd
4,公众反馈/举报,"{'1': 0.0, '2': 0.0, '3': 0.0, '4': 1.0}",-1.0,R0WvWahIj
1,政务发布,"{'1': 1.0, '2': 0.0, '3': 0.0, '4': 0.0}",0.8,R0W2jfMre
1,政务发布,"{'1': 1.0, '2': 0.0, '3': 0.0, '4': 0.0}",-0.8,R0VDjEQAv
4,公众反馈/举报,"{'1': 0.0, '2': 0.0, '3': 0.0, '4': 1.0}",0.0,R0RFT2Ihd
4,公众反馈/举报,"{'1': 0.0, '2': 0.0, '3': 0.0, '4': 1.0}",-1.0,R0SSb0zFK
1,政务发布,"{'1': 1.0, '2': 0.0, '3': 0.0, '4': 0.0}",0.8,R0VDN1VT4
4,公众反馈/举报,"{'1': 0.0, '2': 0.0, '3': 0.0, '4': 1.0}",-1.0,R0UnoetI5
3,民生服务,"{'1': 0.0, '2': 0.0, '3': 1.0, '4': 0.0}",0.0,R0VCf4ek2
4,公众反馈/举报,"{'1': 0.0, '2': 0.0, '3': 0.0, '4': 1.0}",-1.0,R0RGYFnBF
3,民生服务,"{'1': 0.0, '2': 0.0, '3': 1.0, '4': 0.0}",-0.6,R0VHFeNVh
2,城市问题,"{'1': 0.0, '2': 1.0, '3': 0.0, '4': 0.0}",-0.6,R0VHr3Svn
4,公众反馈/举报,"{'1': 0.0, '2': 0.0, '3': 0.0, '4': 1.0}",-0.8,R0VxBESSN
1,政务发布,"{'1': 1.0, '2': 0.0, '3': 0.0, '4': 0.0}",0.8,R0Ws7sMSn
3,民生服务,"{'1': 0.0, '2': 0.0, '3': 1.0, '4': 0.0}",0.5,R0VkZApCj
1,政务发布,"{'1': 1.0, '2': 0.0, '3': 0.0, '4': 0.0}",0.8,R0Vfh3rFh
4,公众反馈/举报,"{'1': 0.2, '2': 0.1, '3': 0.2, '4': 0.5}",-0.6,R0R7wwDC1
1,政务发布,"{'1': 1.0, '2': 0.0, '3': 0.0, '4': 0.0}",0.0,R0Uzru7jy
3,民生服务,"{'1': 0.0, '2': 0.0, '3': 1.0, '4': 0.0}",0.0,R0UxYwIQH
1,政务发布,"{'1': 1.0, '2': 0.0, '3': 0.0, '4': 0.0}",0.9,R0V3mDj4C
1,政务发布,"{'1': 1.0, '2': 0.0, '3': 0.0, '4': 0.0}",0.8,R0SR8yb7g
4,公众反馈/举报,"{'1': 0.0, '2': 0.0, '3': 0.0, '4': 1.0}",-0.9,R0TnS2ZcD
2,城市问题,"{'1': 0.0, '2': 1.0, '3': 0.0, '4': 0.0}",-0.2,R0Ua3inNV
4,公众反馈/举报,"{'1': 0.0, '2': 0.0, '3': 0.0, '4': 1.0}",-0.9,R06v0ee5n
1,政务发布,"{'1': 1.0, '2': 0.0, '3': 0.0, '4': 0.0}",0.9,R064OcMEw
1,政务发布,"{'1': 1.0, '2': 0.0, '3': 0.0, '4': 0.0}",0.8,R072VwPxJ
4,公众反馈/举报,"{'1': 0.0, '2': 0.0, '3': 0.0, '4': 1.0}",-0.2,R07X4tXiI
3,民生服务,"{'1': 0.2, '2': 0.0, '3': 0.8, '4': 0.0}",0.8,R06gsE9iN
3,民生服务,"{'1': 0.0, '2': 0.0, '3': 1.0, '4': 0.0}",0.8,R06CtizYB
4,公众反馈/举报,"{'1': 0.0, '2': 0.3, '3': 0.0, '4': 0.7}",-0.9,R08GpuUmt
3,民生服务,"{'1': 0.0, '2': 0.0, '3': 0.9, '4': 0.1}",0.95,R08m9kyKt
1,政务发布,"{'1': 1.0, '2': 0.0, '3': 0.0, '4': 0.0}",0.8,R06wiw5uY
1,政务发布,"{'1': 1.0, '2': 0.0, '3': 0.0, '4': 0.0}",0.6,R05putSZ7
4,公众反馈/举报,"{'1': 0.0, '2': 0.0, '3': 0.0, '4': 1.0}",-0.8,R07sbElYf
1,政务发布,"{'1': 1.0, '2': 0.0, '3': 0.0, '4': 0.0}",0.8,R08tH5oUl
4,公众反馈/举报,"{'1': 0.0, '2': 0.7, '3': 0.0, '4': 0.3}",-1.0,R08kO0ZNe
1,政务发布,"{'1': 1.0, '2': 0.0, '3': 0.0, '4': 0.0}",0.8,QDTbJ58Gr
3,民生服务,"{'1': 0.0, '2': 0.0, '3': 1.0, '4': 0.0}",0.0,QDVL9x0gO
4,公众反馈/举报,"{'1': 0.0, '2': 0.0, '3': 0.0, '4': 1.0}",0.5,QDVNm7yne
2,城市问题,"{'1': 0.0, '2': 1.0, '3': 0.0, '4': 0.0}",0.5,QDXvTepV9
4,公众反馈/举报,"{'1': 0.0, '2': 0.0, '3': 0.0, '4': 1.0}",-1.0,QFkT6xQle
1,政务发布,"{'1': 1.0, '2': 0.0, '3': 0.0, '4': 0.0}",0.9,QDVOMAeGv
1,政务发布,"{'1': 1.0, '2': 0.0, '3': 0.0, '4': 0.0}",0.7,QFmowyEPo
1,政务发布,"{'1': 1.0, '2': 0.0, '3': 0.0, '4': 0.0}",0.8,QFkJn4Qz7
1,政务发布,"{'1': 1.0, '2': 0.0, '3': 0.0, '4': 0.0}",0.9,QFmUnBEnT
3,民生服务,"{'1': 0.0, '2': 0.0, '3': 1.0, '4': 0.0}",0.7,QFkU657Me
4,公众反馈/举报,"{'1': 0.0, '2': 0.0, '3': 0.0, '4': 1.0}",0.8,QFjM5r7P5
4,公众反馈/举报,"{'1': 0.0, '2': 0.0, '3': 0.0, '4': 1.0}",-0.5,QFk9MbQgn
4,公众反馈/举报,"{'1': 0.0, '2': 0.0, '3': 0.0, '4': 1.0}",-0.8,QFm0StGA4
4,公众反馈/举报,"{'1': 0.0, '2': 0.2, '3': 0.0, '4': 0.8}",-1.0,QFhhvrLOE
1,政务发布,"{'1': 1.0, '2': 0.0, '3': 0.0, '4': 0.0}",1.0,R1GdD6sf6
3,民生服务,"{'1': 0.0, '2': 0.0, '3': 1.0, '4': 0.0}",0.5,R1z0wEN0C
2,城市问题,"{'1': 0.0, '2': 0.0, '3': 1.0, '4': 0.0}",0.9,R26vNlgfj
4,公众反馈/举报,"{'1': 0.0, '2': 0.2, '3': 0.3, '4': 0.5}",-0.8,R257Y0pAk
1,政务发布,"{'1': 1.0, '2': 0.0, '3': 0.0, '4': 0.0}",1.0,R24PdF320
3,民生服务,"{'1': 0.0, '2': 0.0, '3': 1.0, '4': 0.0}",0.8,R26e3x0Ld
4,公众反馈/举报,{'4': 1.0},-0.7,R2iGbiR7T
4,公众反馈/举报,"{'1': 0.0, '2': 0.3, '3': 0.0, '4': 1.0}",-0.9,R2gAIlRpk
1,政务发布,"{'1': 1.0, '2': 0.0, '3': 0.0, '4': 0.0}",0.8,R2hgmoCXY
1,政务发布,"{'1': 1.0, '2': 0.0, '3': 0.0, '4': 0.0}",1.0,R2g27qxX1
1,政务发布,"{'1': 1.0, '2': 0.0, '3': 0.0, '4': 0.0}",0.5,R2fYKmVKP
3,民生服务,"{'1': 0.0, '2': 0.0, '3': 1.0, '4': 0.0}",0.8,R2h3IDaTh
4,公众反馈/举报,"{'1': 0.0, '2': 0.0, '3': 0.0, '4': 1.0}",0.0,R2dI95wy8
3,民生服务,"{'1': 0.3, '2': 0.0, '3': 0.7, '4': 0.0}",0.5,R2jhXuHUF
3,民生服务,"{'1': 0.2, '2': 0.0, '3': 0.8, '4': 0.0}",0.0,R2fMN0Q73
1,政务发布,"{'1': 1.0, '2': 0.0, '3': 0.0, '4': 0.0}",0.9,R2ebO1TEO
3,民生服务,"{'1': 0.0, '2': 0.0, '3': 1.0, '4': 0.0}",0.8,R2foRty8H
3,民生服务,"{'1': 0.0, '2': 0.0, '3': 1.0, '4': 0.0}",0.3,R2fSoxPye
1,政务发布,"{'1': 1.0, '2': 0.0, '3': 0.0, '4': 0.0}",0.86,R2dTmExY9
1,政务发布,"{'1': 1.0, '2': 0.0, '3': 0.0, '4': 0.0}",1.0,QFnmh14T8
4,公众反馈/举报,"{'1': 0.0, '2': 0.2, '3': 0.1, '4': 0.7}",-0.3,QFmLY6p44
4,公众反馈/举报,"{'1': 0.0, '2': 0.2, '3': 0.3, '4': 0.5}",0.2,QFkU5Dnwx
4,公众反馈/举报,"{'1': 0.0, '2': 0.2, '3': 0.1, '4': 0.7}",-0.9,QFSJvcCWt
4,公众反馈/举报,"{'1': 0.0, '2': 0.0, '3': 0.0, '4': 1.0}",-1.0,R01uwsLxL
4,公众反馈/举报,"{'1': 0.0, '2': 0.0, '3': 0.0, '4': 1.0}",0.6,R00RTDNh8
1,政务发布,"{'1': 1.0, '2': 0.0, '3': 0.0, '4': 0.0}",0.6,QFWOdutNd
4,公众反馈/举报,"{'1': 0.0, '2': 0.0, '3': 0.0, '4': 1.0}",-1.0,QFVS7okvc
3,民生服务,"{'1': 0.0, '2': 0.0, '3': 1.0, '4': 0.0}",0.0,QFVDS9MjZ
1,政务发布,"{'1': 0.9, '2': 0.0, '3': 0.05, '4': 0.05}",1.0,QFVv0xN0K
1,政务发布,"{'1': 1.0, '2': 0.0, '3': 0.0, '4': 0.0}",0.5,QFWOdutNd
4,公众反馈/举报,"{'1': 0.0, '2': 0.0, '3': 0.0, '4': 1.0}",-1.0,R01uwsLxL
3,民生服务,"{'1': 0.0, '2': 0.0, '3': 0.9, '4': 0.1}",0.8,QFUItBmcG
4,公众反馈/举报,"{'1': 0.0, '2': 0.0, '3': 0.0, '4': 1.0}",-0.8,QFSJvcCWt
4,公众反馈/举报,"{'1': 0.0, '2': 0.0, '3': 0.0, '4': 1.0}",-1.0,QFVS7okvc
4,公众反馈/举报,"{'1': 0.0, '2': 0.0, '3': 0.0, '4': 1.0}",0.6,R00RTDNh8
3,民生服务,"{'1': 0.0, '2': 0.0, '3': 1.0, '4': 0.0}",0.0,QFVDS9MjZ
1,政务发布,"{'1': 1.0, '2': 0.0, '3': 0.0, '4': 0.0}",1.0,QFVv0xN0K
3,民生服务,"{'1': 0.2, '2': 0.1, '3': 0.7, '4': 0.0}",0.8,QFUItBmcG
1,政务发布,"{'1': 1.0, '2': 0.0, '3': 0.0, '4': 0.0}",0.8,R0raq1nhn
4,公众反馈/举报,"{'1': 0.0, '2': 0.0, '3': 0.0, '4': 1.0}",1.0,R05mJcqMa
3,民生服务,"{'1': 0.0, '2': 0.0, '3': 0.8, '4': 0.2}",0.6,R0qLZlURM
3,民生服务,"{'1': 0.0, '2': 0.0, '3': 1.0, '4': 0.0}",0.5,R07Lu8y7H
3,民生服务,"{'1': 0.0, '2': 0.0, '3': 1.0, '4': 0.0}",0.8,R05vDfzVu
4,公众反馈/举报,"{'1': 0.0, '2': 0.0, '3': 0.0, '4': 1.0}",0.3,R05UmFDnC
3,民生服务,"{'1': 0.0, '2': 0.0, '3': 1.0, '4': 0.0}",0.95,R05uSuSBQ
3,民生服务,"{'1': 0.0, '2': 0.0, '3': 1.0, '4': 0.0}",0.9,R07mWCZVw
3,民生服务,"{'1': 0.1, '2': 0.0, '3': 0.9, '4': 0.0}",0.8,R05vpBDP7
4,公众反馈/举报,"{'1': 0.0, '2': 0.0, '3': 0.0, '4': 1.0}",0.0,R07OXchRi
4,公众反馈/举报,"{'4': 1.0, '2': 0.0, '3': 0.0, '1': 0.0}",-0.9,R2jbYmv46
4,公众反馈/举报,"{'1': 0.0, '2': 0.0, '3': 0.0, '4': 1.0}",-0.7,R2jdqa9B8
4,公众反馈/举报,"{'1': 0.0, '2': 0.3, '3': 0.2, '4': 0.5}",-0.7,R2is6i4SZ
3,民生服务,"{'1': 0.0, '2': 0.0, '3': 1.0, '4': 0.0}",0.9,R2hxnAG3m
3,民生服务,"{'1': 0.0, '2': 0.0, '3': 1.0, '4': 0.0}",0.7,R2fQk2PCW
3,民生服务,"{'1': 0.0, '2': 0.0, '3': 1.0, '4': 0.0}",0.8,R2g2G2c7u
1,政务发布,"{'1': 1.0, '2': 0.0, '3': 0.0, '4': 0.0}",0.2,R2gyCCuiV
4,公众反馈/举报,"{'1': 0.0, '2': 0.0, '3': 0.0, '4': 1.0}",0.0,QF1Zu7y4q
1,政务发布,"{'1': 1.0, '2': 0.0, '3': 0.0, '4': 0.0}",1.0,R2fLbeNhx
1,政务发布,"{'1': 1.0, '2': 0.0, '3': 0.0, '4': 0.0}",0.9,QFWjSfCSs
1,政务发布,"{'1': 1.0, '2': 0.0, '3': 0.0, '4': 0.0}",0.8,R002r2d56
4,公众反馈/举报,"{'1': 0.0, '2': 0.0, '3': 0.5, '4': 0.5}",-0.3,QFV9Ve5zQ
1,政务发布,"{'1': 1.0, '2': 0.0, '3': 0.0, '4': 0.0}",0.9,QFWLHq0tU
4,公众反馈/举报,"{'1': 0.0, '2': 0.0, '3': 0.0, '4': 1.0}",-1.0,R01M7z02X
4,公众反馈/举报,"{'1': 0.0, '2': 0.0, '3': 0.0, '4': 1.0}",-0.9,QFXoP3pyQ
4,公众反馈/举报,"{'1': 0.0, '2': 0.0, '3': 0.0, '4': 1.0}",-0.3,QFVMjgx4T
1,政务发布,"{'1': 1.0, '2': 0.0, '3': 0.0, '4': 0.0}",0.8,QFTGa6wTd
1,政务发布,"{'1': 1.0, '2': 0.0, '3': 0.0, '4': 0.0}",0.8,R002r2d56
3,民生服务,"{'1': 0.1, '2': 0.0, '3': 0.9, '4': 0.0}",0.9,QFWjSfCSs
4,公众反馈/举报,"{'1': 0.0, '2': 0.2, '3': 0.3, '4': 0.5}",0.2,QFV9Ve5zQ
4,公众反馈/举报,{'4': 1.0},-1.0,QFXoP3pyQ
4,公众反馈/举报,"{'1': 0.0, '2': 0.0, '3': 0.0, '4': 1.0}",-1.0,R01M7z02X
4,公众反馈/举报,"{'1': 0.2, '2': 0.4, '3': 0.1, '4': 0.3}",-0.3,QFVMjgx4T
1,政务发布,"{'1': 1.0, '2': 0.0, '3': 0.0, '4': 0.0}",0.9,QFWLHq0tU
1,政务发布,"{'1': 1.0, '2': 0.0, '3': 0.0, '4': 0.0}",0.5,QFTGa6wTd
1,政务发布,"{'1': 1.0, '2': 0.0, '3': 0.0, '4': 0.0}",-0.5,R0VWPzxoM
4,公众反馈/举报,"{'1': 0.0, '2': 0.0, '3': 0.0, '4': 1.0}",-0.9,R0TpBhAub
1,政务发布,"{'1': 1.0, '2': 0.0, '3': 0.0, '4': 0.0}",0.0,R0TJc1yFA
4,公众反馈/举报,"{'1': 0.0, '2': 0.0, '3': 0.0, '4': 1.0}",-0.8,R0UqDAZ4x
1,政务发布,"{'1': 1.0, '2': 0.0, '3': 0.0, '4': 0.0}",0.8,R2iAlcsFC
2,城市问题,"{'1': 0.0, '2': 1.0, '3': 0.0, '4': 0.0}",0.2,R0T5pqoLj
1,政务发布,"{'1': 1.0, '2': 0.0, '3': 0.0, '4': 0.0}",0.8,R2gZT3Nho
4,公众反馈/举报,"{'1': 0.0, '2': 0.0, '3': 0.0, '4': 1.0}",-0.5,R2hzP4pjs
4,公众反馈/举报,"{'1': 0.0, '2': 0.0, '3': 0.0, '4': 1.0}",-0.5,R2htweOQR
4,公众反馈/举报,"{'1': 0.0, '2': 0.2, '3': 0.3, '4': 0.5}",-0.9,R2gUlodpZ
4,公众反馈/举报,"{'1': 0.0, '2': 0.0, '3': 0.0, '4': 1.0}",-0.5,R2gBU16rG
1,政务发布,"{'1': 1.0, '2': 0.0, '3': 0.0, '4': 0.0}",1.0,R2hbifZW8
1,政务发布,"{'1': 1.0, '2': 0.0, '3': 0.0, '4': 0.0}",0.3,R2gr39NSL
1,政务发布,"{'1': 1.0, '2': 0.0, '3': 0.0, '4': 0.0}",0.0,R2gt0w2j0
4,公众反馈/举报,"{'1': 0.0, '2': 0.1, '3': 0.0, '4': 0.9}",-0.8,R2e7U3D60
4,公众反馈/举报,"{'1': 0.0, '2': 0.0, '3': 0.0, '4': 1.0}",-0.5,R2jfNigRU
4,公众反馈/举报,"{'1': 0.0, '2': 0.0, '3': 0.0, '4': 1.0}",-0.6,R2hFQ5I0E
3,民生服务,"{'1': 0.0, '2': 0.0, '3': 1.0, '4': 0.0}",0.8,R2i5vAGkN
1,政务发布,"{'1': 1.0, '2': 0.0, '3': 0.0, '4': 0.0}",0.5,R2g2C1JvK
1,政务发布,"{'1': 1.0, '2': 0.0, '3': 0.0, '4': 0.0}",0.8,R2g1RbxH4
3,民生服务,"{'1': 0.0, '2': 0.0, '3': 1.0, '4': 0.0}",0.8,R2gC07QGj
3,民生服务,"{'1': 0.0, '2': 0.0, '3': 1.0, '4': 0.0}",0.8,R2fQWDAmC
4,公众反馈/举报,"{'1': 0.0, '2': 0.0, '3': 0.0, '4': 1.0}",0.3,R2glAvBWc
4,公众反馈/举报,"{'1': 0.0, '2': 0.0, '3': 0.0, '4': 1.0}",0.3,QE04wg6y4
4,公众反馈/举报,"{'1': 0.0, '2': 0.0, '3': 0.1, '4': 0.9}",0.8,R2eY6vyPs
4,公众反馈/举报,"{'1': 0.0, '2': 0.0, '3': 0.0, '4': 1.0}",-1.0,QDYSB1kWu
1,政务发布,"{'1': 1.0, '2': 0.0, '3': 0.0, '4': 0.0}",0.8,QDZETfAVw
4,公众反馈/举报,"{'1': 0.0, '2': 0.0, '3': 0.0, '4': 1.0}",-0.8,QDZhlEqNU
4,公众反馈/举报,"{'1': 0.0, '2': 0.0, '3': 0.0, '4': 1.0}",0.5,QDW082I7e
1,政务发布,"{'1': 1.0, '2': 0.0, '3': 0.0, '4': 0.0}",0.9,R10k87MEq
4,公众反馈/举报,"{'1': 0.0, '2': 0.0, '3': 0.0, '4': 1.0}",-0.8,R13ZRd9NT
0,,"{'1': 0.0, '2': 0.0, '3': 0.0, '4': 0.0}",0.0,国内多用CIFNi≈1.5%红土镍矿参考，近年受印尼配额影响波动大。
4,公众反馈/举报,"{'1': 0.0, '2': 0.0, '3': 0.0, '4': 1.0}",-0.5,2021≈55–60+20%~+25%
1,政务发布,"{'1': 1.0, '2': 0.0, '3': 0.0, '4': 0.0}",0.0,年份年均价(USD/wmt)同比变幅
1,政务发布,"{'1': 1.0, '2': 0.0, '3': 0.0, '4': 0.0}",0.0,镍矿—印尼红土镍矿（1.5%Ni，FOB/CIF美元/湿吨）
4,公众反馈/举报,"{'1': 0.0, '2': 0.0, '3': 0.0, '4': 1.0}",0.0,2020≈45–48—
4,公众反馈/举报,"{'1': 0.0, '2': 0.0, '3': 0.0, '4': 1.0}",-1.0,2023≈45–50-30%~-35%
4,公众反馈/举报,"{'1': 0.0, '2': 0.0, '3': 0.0, '4': 1.0}",0.0,2024≈38–42-10%~-15%
1,政务发布,"{'1': 1.0, '2': 0.0, '3': 0.0, '4': 0.0}",0.0,2022≈70–75（上半年冲高后回落）+20%~+30%
1,政务发布,"{'1': 1.0, '2': 0.0, '3': 0.0, '4': 0.0}",0.0,2026★≈42–48（预测，视印尼RKAB执行力度）±5%~+10%
3,民生服务,"{'1': 0.0, '2': 0.0, '3': 1.0, '4': 0.0}",0.0,R14mGCvWu
0,,"{'1': 0.0, '2': 0.0, '3': 0.0, '4': 0.0}",0.0,2025≈40–45+3%~+8%（年末配额收紧预期反弹）
4,公众反馈/举报,"{'1': 0.0, '2': 0.0, '3': 0.0, '4': 1.0}",0.0,2026年为Q1实际偏强及全年中性预测
4,公众反馈/举报,"{'1': 0.0, '2': 0.0, '3': 0.0, '4': 1.0}",0.0,R1thZbLVw
3,民生服务,"{'1': 0.0, '2': 0.0, '3': 1.0, '4': 0.0}",1.0,R1vw946vl
4,公众反馈/举报,"{'1': 0.0, '2': 0.0, '3': 0.0, '4': 1.0}",-1.0,R2izeue0g
4,公众反馈/举报,"{'1': 0.0, '2': 0.0, '3': 0.0, '4': 1.0}",0.0,R1xg19Ej7
3,民生服务,"{'1': 0.0, '2': 0.0, '3': 1.0, '4': 0.0}",0.9,R2iVRsTnv
1,政务发布,"{'1': 1.0, '2': 0.0, '3': 0.0, '4': 0.0}",0.8,R2fJo5fOv
1,政务发布,"{'1': 1.0, '2': 0.0, '3': 0.0, '4': 0.0}",0.8,R2ioktvSv
1,政务发布,"{'1': 1.0, '2': 0.0, '3': 0.0, '4': 0.0}",0.8,R2gEzrex5
4,公众反馈/举报,"{'1': 0.0, '2': 0.3, '3': 0.0, '4': 1.0}",-0.5,R2ivg7jBT
1,政务发布,"{'1': 1.0, '2': 0.0, '3': 0.0, '4': 0.0}",0.8,R2hxOnveq
1,政务发布,"{'1': 1.0, '2': 0.0, '3': 0.0, '4': 0.0}",0.9,R2grp1QOf
1,政务发布,"{'1': 1.0, '2': 0.0, '3': 0.0, '4': 0.0}",0.8,R2ggybEjZ
4,公众反馈/举报,"{'1': 0.0, '2': 0.0, '3': 0.0, '4': 1.0}",-0.5,R2gkIFres
4,公众反馈/举报,"{'1': 0.0, '2': 0.0, '3': 0.0, '4': 1.0}",-0.8,R2ggXAd0z
4,公众反馈/举报,"{'1': 0.0, '2': 0.0, '3': 0.0, '4': 1.0}",-0.3,R1kWnqMib
3,民生服务,"{'1': 0.0, '2': 0.0, '3': 0.0, '4': 0.0}",0.0,R1kJV1YQW
1,政务发布,"{'1': 1.0, '2': 0.0, '3': 0.0, '4': 0.0}",0.8,R1CxQidOh
1,政务发布,"{'1': 1.0, '2': 0.0, '3': 0.0, '4': 0.0}",0.8,R1De7j4l7
4,公众反馈/举报,"{'1': 0.0, '2': 0.6, '3': 0.1, '4': 0.3}",-0.3,R1Hlnxo5T
4,公众反馈/举报,"{'1': 0.0, '2': 0.2, '3': 0.0, '4': 0.8}",-0.7,R1CbdcWhj
4,公众反馈/举报,"{'1': 0.0, '2': 0.0, '3': 0.0, '4': 1.0}",-0.8,R1AZlwSlV
4,公众反馈/举报,"{'1': 0.0, '2': 0.0, '3': 0.0, '4': 1.0}",0.0,R27A10XaS
4,公众反馈/举报,"{'1': 0.0, '2': 0.0, '3': 0.0, '4': 1.0}",0.0,R27z2rjXA
2,城市问题,"{'1': 0.0, '2': 1.0, '3': 0.0, '4': 0.0}",-0.8,QFlU8E3u8
4,公众反馈/举报,"{'1': 0.0, '2': 0.0, '3': 0.0, '4': 1.0}",0.0,QFnCva2xx
1,政务发布,"{'1': 1.0, '2': 0.0, '3': 0.0, '4': 0.0}",0.0,QFl4kbwi9
1,政务发布,"{'1': 1.0, '2': 0.0, '3': 0.0, '4': 0.0}",0.8,QFkVLltpS
4,公众反馈/举报,"{'1': 0.0, '2': 0.0, '3': 0.0, '4': 1.0}",-0.5,QFnlf0qDL
4,公众反馈/举报,"{'1': 0.0, '2': 0.0, '3': 0.0, '4': 1.0}",-0.8,QFkalAZ4q
1,政务发布,"{'1': 1.0, '2': 0.0, '3': 0.0, '4': 0.0}",0.8,R05XDFOLQ
1,政务发布,"{'1': 1.0, '2': 0.0, '3': 0.0, '4': 0.0}",0.5,R05A5wz0s
1,政务发布,"{'1': 1.0, '2': 0.0, '3': 0.0, '4': 0.0}",0.0,R05vpyl4s
4,公众反馈/举报,"{'1': 0.0, '2': 0.5, '3': 0.0, '4': 0.5}",-0.5,R06DOC9vy
1,政务发布,"{'1': 1.0, '2': 0.0, '3': 0.0, '4': 0.0}",0.7,R090hn8z5
1,政务发布,"{'1': 1.0, '2': 0.0, '3': 0.0, '4': 0.0}",0.3,R08P4DNNc
1,政务发布,"{'1': 1.0, '2': 0.0, '3': 0.0, '4': 0.0}",0.8,R06i7vcPS
1,政务发布,"{'1': 1.0, '2': 0.0, '3': 0.0, '4': 0.0}",0.5,R05Jp40TM
4,公众反馈/举报,"{'1': 0.0, '2': 0.0, '3': 0.0, '4': 1.0}",-0.8,R06GXFPL3
1,政务发布,"{'1': 1.0, '2': 0.0, '3': 0.0, '4': 0.0}",0.0,R07LuErnd
4,公众反馈/举报,"{'1': 0.0, '2': 0.0, '3': 0.0, '4': 1.0}",0.0,R04xuEWrU
2,城市问题,"{'1': 0.0, '2': 1.0, '3': 0.0, '4': 0.0}",-0.6,R08XYplGC
3,民生服务,"{'1': 0.0, '2': 0.0, '3': 1.0, '4': 0.0}",0.8,R26MjBd9X
4,公众反馈/举报,"{'1': 0.0, '2': 0.0, '3': 0.0, '4': 1.0}",0.0,R0paQF5JX
3,民生服务,"{'1': 0.0, '2': 0.2, '3': 0.8, '4': 0.0}",0.8,R27id7PEj
4,公众反馈/举报,"{'1': 0.0, '2': 0.0, '3': 0.0, '4': 1.0}",-0.8,R0q37jzq5
1,政务发布,"{'1': 1.0, '2': 0.0, '3': 0.0, '4': 0.0}",0.9,R0oND7xDI
3,民生服务,"{'1': 0.0, '2': 0.0, '3': 1.0, '4': 0.0}",1.0,QEnSL0JmC
4,公众反馈/举报,"{'1': 0.0, '2': 0.0, '3': 0.0, '4': 1.0}",-0.5,QEpKklz6s
3,民生服务,"{'1': 0.0, '2': 0.0, '3': 1.0, '4': 0.0}",0.0,QEsMdbBqs
4,公众反馈/举报,"{'1': 0.0, '2': 0.0, '3': 0.0, '4': 1.0}",0.5,QEsMLavGq
1,政务发布,"{'1': 1.0, '2': 0.0, '3': 0.0, '4': 0.0}",0.3,QErhosYL8
1,政务发布,"{'1': 1.0, '2': 0.0, '3': 0.0, '4': 0.0}",0.5,QEpKR8xrS
3,民生服务,"{'1': 0.0, '2': 0.0, '3': 1.0, '4': 0.0}",0.8,QFnxU9Uu0
1,政务发布,"{'1': 0.9, '2': 0.0, '3': 0.1, '4': 0.0}",0.9,QFifT3idx
1,政务发布,"{'1': 1.0, '2': 0.0, '3': 0.0, '4': 0.0}",0.8,QFkfrdovm
1,政务发布,"{'1': 1.0, '2': 0.0, '3': 0.0, '4': 0.0}",0.5,QFntWrFry
4,公众反馈/举报,"{'1': 0.0, '2': 0.0, '3': 0.0, '4': 1.0}",-0.3,QFk1AFaQm
1,政务发布,"{'1': 1.0, '2': 0.0, '3': 0.0, '4': 0.0}",0.9,QFkBt0scb
1,政务发布,"{'1': 1.0, '2': 0.0, '3': 0.0, '4': 0.0}",0.3,QFitMgZ1F
2,城市问题,"{'1': 0.0, '2': 1.0, '3': 0.0, '4': 0.0}",-0.6,QFnt0dYuE
1,政务发布,"{'1': 1.0, '2': 0.0, '3': 0.0, '4': 0.0}",0.9,R2iz5p6PV
4,公众反馈/举报,"{'1': 0.0, '2': 0.0, '3': 0.0, '4': 1.0}",-0.3,R2jml4kVJ
4,公众反馈/举报,"{'1': 0.0, '2': 0.1, '3': 0.0, '4': 0.9}",-0.9,R2gz3AjTz
1,政务发布,"{'1': 1.0, '2': 0.0, '3': 0.0, '4': 0.0}",0.5,R2hMuhcvz
1,政务发布,"{'1': 1.0, '2': 0.0, '3': 0.0, '4': 0.0}",0.8,R2gMDnoJv
4,公众反馈/举报,"{'1': 0.0, '2': 0.0, '3': 0.0, '4': 1.0}",-0.5,R2h3ejPGT
4,公众反馈/举报,"{'1': 0.2, '2': 0.0, '3': 0.0, '4': 0.8}",0.8,R2gv9ulux
1,政务发布,"{'1': 1.0, '2': 0.0, '3': 0.0, '4': 0.0}",0.9,R2enJAqfK
1,政务发布,"{'1': 1.0, '2': 0.0, '3': 0.0, '4': 0.0}",0.0,R2jgymMQ5
1,政务发布,"{'1': 1.0, '2': 0.0, '3': 0.0, '4': 0.0}",0.0,QDVfntbiO
4,公众反馈/举报,"{'1': 0.0, '2': 0.0, '3': 0.0, '4': 1.0}",-0.2,QDY3WmW1t
3,民生服务,"{'1': 0.0, '2': 0.0, '3': 1.0, '4': 0.0}",0.9,QE09Omtvy
3,民生服务,"{'1': 0.0, '2': 0.0, '3': 1.0, '4': 0.0}",0.2,QDUHsnNcE
3,民生服务,"{'1': 0.0, '2': 0.0, '3': 1.0, '4': 0.0}",0.9,QDWqmfWt0
2,城市问题,"{'1': 0.0, '2': 1.0, '3': 0.0, '4': 0.0}",0.0,QDW5SDL55
1,政务发布,"{'1': 1.0, '2': 0.0, '3': 0.0, '4': 0.0}",0.5,QF1XxbIFh
1,政务发布,"{'1': 1.0, '2': 0.0, '3': 0.0, '4': 0.0}",0.8,QF1taBQez
1,政务发布,"{'1': 1.0, '2': 0.0, '3': 0.0, '4': 0.0}",0.5,QF1ko0oek
4,公众反馈/举报,"{'1': 0.0, '2': 0.0, '3': 0.0, '4': 1.0}",-0.8,QF2z8ofNj
1,政务发布,"{'1': 1.0, '2': 0.0, '3': 0.0, '4': 0.0}",0.0,R0WtR2x8Q
3,民生服务,"{'1': 0.0, '2': 0.0, '3': 1.0, '4': 0.0}",0.0,R0UM32Hys
2,城市问题,"{'1': 0.0, '2': 0.7, '3': 0.1, '4': 0.2}",0.0,QF0G21bM1
2,城市问题,"{'1': 0.0, '2': 0.7, '3': 0.1, '4': 0.2}",-0.9,R0WrDAW7K
1,政务发布,"{'1': 1.0, '2': 0.0, '3': 0.0, '4': 0.0}",0.5,R0W3Fzbjq
1,政务发布,"{'1': 1.0, '2': 0.0, '3': 0.0, '4': 0.0}",0.8,R0UIGptgR
4,公众反馈/举报,"{'1': 0.0, '2': 0.0, '3': 0.0, '4': 1.0}",0.0,R0UWvmfpQ
2,城市问题,"{'1': 0.0, '2': 1.0, '3': 0.0, '4': 0.0}",0.3,R0S0nCizK
4,公众反馈/举报,"{'1': 0.0, '2': 0.1, '3': 0.1, '4': 0.8}",0.3,R0TloDZ1o
4,公众反馈/举报,"{'1': 0.0, '2': 0.0, '3': 0.0, '4': 1.0}",-0.5,R0W4XosDP
1,政务发布,"{'1': 1.0, '2': 0.0, '3': 0.0, '4': 0.0}",1.0,R29IU8L70
1,政务发布,"{'1': 1.0, '2': 0.0, '3': 0.0, '4': 0.0}",0.8,R24B76lCQ
4,公众反馈/举报,"{'1': 0.0, '2': 0.0, '3': 0.0, '4': 1.0}",0.0,R294noxdm
1,政务发布,"{'1': 1.0, '2': 0.0, '3': 0.0, '4': 0.0}",0.8,R1jh4CavN
4,公众反馈/举报,"{'1': 0.0, '2': 0.0, '3': 0.0, '4': 1.0}",-0.5,R1iWkdZet
4,公众反馈/举报,"{'1': 0.0, '2': 0.0, '3': 0.0, '4': 1.0}",0.8,QFUsBC235
1,政务发布,"{'1': 1.0, '2': 0.0, '3': 0.0, '4': 0.0}",0.8,R1ao26snw
1,政务发布,"{'1': 1.0, '2': 0.0, '3': 0.0, '4': 0.0}",1.0,QFU7bxPOj
4,公众反馈/举报,"{'1': 0.0, '2': 0.0, '3': 0.0, '4': 1.0}",-0.9,QFHmHvMdx
4,公众反馈/举报,"{'1': 0.0, '2': 0.0, '3': 0.0, '4': 1.0}",0.4,R1bErgZ5D
1,政务发布,"{'1': 1.0, '2': 0.0, '3': 0.0, '4': 0.0}",1.0,R1cmzbmhI
1,政务发布,"{'1': 1.0, '2': 0.0, '3': 0.0, '4': 0.0}",1.0,R19N2rxq2
1,政务发布,"{'1': 1.0, '2': 0.0, '3': 0.0, '4': 0.0}",1.0,R1buL0GYb
3,民生服务,"{'1': 0.0, '2': 0.0, '3': 1.0, '4': 0.0}",0.9,R1a79mPYe
1,政务发布,"{'1': 1.0, '2': 0.0, '3': 0.0, '4': 0.0}",1.0,R07v49dvN
1,政务发布,"{'1': 1.0, '2': 0.0, '3': 0.0, '4': 0.0}",0.9,R06Gtt5k6
1,政务发布,"{'1': 0.6, '2': 0.0, '3': 0.2, '4': 0.2}",0.8,R071J9BLx
1,政务发布,"{'1': 1.0, '2': 0.0, '3': 0.0, '4': 0.0}",0.5,R08LzrzGP
4,公众反馈/举报,"{'1': 0.0, '2': 0.0, '3': 0.0, '4': 1.0}",-0.7,R08NeED17
3,民生服务,"{'1': 0.0, '2': 0.0, '3': 1.0, '4': 0.0}",0.9,R07R38RPf
1,政务发布,"{'1': 1.0, '2': 0.0, '3': 0.0, '4': 0.0}",0.6,R07JZvhuZ
1,政务发布,"{'1': 1.0, '2': 0.0, '3': 0.0, '4': 0.0}",0.0,R05AUApJV
3,民生服务,"{'1': 0.0, '2': 0.0, '3': 1.0, '4': 0.0}",0.9,R05mGe081
4,公众反馈/举报,"{'1': 0.0, '2': 0.0, '3': 0.0, '4': 1.0}",0.0,R071egO8w
1,政务发布,"{'1': 1.0, '2': 0.0, '3': 0.0, '4': 0.0}",1.0,R091z4IbT
4,公众反馈/举报,"{'1': 0.0, '2': 0.0, '3': 0.0, '4': 1.0}",0.0,QFnpssDkj
1,政务发布,"{'1': 1.0, '2': 0.0, '3': 0.0, '4': 0.0}",0.8,R0897rZWW
3,民生服务,"{'1': 0.0, '2': 0.0, '3': 1.0, '4': 0.0}",1.0,QFigVkr3N
1,政务发布,"{'1': 1.0, '2': 0.0, '3': 0.0, '4': 0.0}",0.0,QFl1M44La
1,政务发布,"{'1': 1.0, '2': 0.0, '3': 0.0, '4': 0.0}",0.0,QFlkN9gk1
4,公众反馈/举报,"{'1': 0.0, '2': 0.0, '3': 0.0, '4': 1.0}",0.8,QFnkE5i5y
4,公众反馈/举报,"{'1': 0.0, '2': 0.0, '3': 0.0, '4': 1.0}",0.0,QFlDJCmu3
4,公众反馈/举报,"{'1': 0.0, '2': 0.1, '3': 0.0, '4': 0.9}",-0.8,QFlgfmWCs
3,民生服务,"{'1': 0.0, '2': 0.0, '3': 1.0, '4': 0.0}",0.0,QFm0R7OTd
1,政务发布,"{'1': 1.0, '2': 0.0, '3': 0.0, '4': 0.0}",0.8,R2hslgIL1
1,政务发布,"{'1': 1.0, '2': 0.0, '3': 0.0, '4': 0.0}",0.8,QFn8Uhp0u
4,公众反馈/举报,"{'1': 0.0, '2': 0.0, '3': 0.0, '4': 1.0}",-0.8,R2jnfdYPO
1,政务发布,"{'1': 1.0, '2': 0.0, '3': 0.0, '4': 0.0}",0.8,R2hJIiAwi
4,公众反馈/举报,"{'1': 0.0, '2': 0.0, '3': 0.0, '4': 1.0}",-0.9,R2hyNkg0k
1,政务发布,"{'1': 1.0, '2': 0.0, '3': 0.0, '4': 0.0}",0.5,R2h1yhWoe
1,政务发布,"{'1': 1.0, '2': 0.0, '3': 0.0, '4': 0.0}",0.8,R2j6v2vV4
4,公众反馈/举报,"{'1': 0.0, '2': 0.0, '3': 0.0, '4': 1.0}",-0.5,R2jkvkzLi
4,公众反馈/举报,"{'1': 0.0, '2': 0.0, '3': 0.0, '4': 1.0}",-1.0,R2gqvsuOa
1,政务发布,"{'1': 1.0, '2': 0.0, '3': 0.0, '4': 0.0}",0.2,R2guknbbI
1,政务发布,"{'1': 1.0, '2': 0.0, '3': 0.0, '4': 0.0}",0.0,R2dMFhrtb
4,公众反馈/举报,"{'1': 0.0, '2': 0.0, '3': 0.0, '4': 1.0}",-1.0,R2eJRD1s6
3,民生服务,"{'1': 0.0, '2': 0.0, '3': 1.0, '4': 0.0}",0.5,R00qDdOBu
1,政务发布,"{'1': 1.0, '2': 0.0, '3': 0.0, '4': 0.0}",0.2,QFVRQwzCU
4,公众反馈/举报,"{'1': 0.0, '2': 0.0, '3': 0.0, '4': 1.0}",0.0,QFWWwvUW0
3,民生服务,"{'1': 0.1, '2': 0.0, '3': 0.8, '4': 0.1}",0.5,R01nZg9jo
3,民生服务,"{'1': 0.0, '2': 0.0, '3': 1.0, '4': 0.0}",0.9,QFVQqxBaQ
3,民生服务,"{'1': 0.0, '2': 0.0, '3': 1.0, '4': 0.0}",0.8,QFVBkrCEC
1,政务发布,"{'1': 0.8, '2': 0.0, '3': 0.1, '4': 0.1}",0.2,QFWrt4mrj
1,政务发布,"{'1': 1.0, '2': 0.0, '3': 0.0, '4': 0.0}",0.8,R00ksgjxw
4,公众反馈/举报,"{'1': 0.0, '2': 0.0, '3': 0.0, '4': 1.0}",0.5,QFWzWq9J9
2,城市问题,"{'1': 0.0, '2': 1.0, '3': 0.0, '4': 0.0}",0.0,R00qDdOBu
1,政务发布,"{'1': 1.0, '2': 0.0, '3': 0.0, '4': 0.0}",0.5,QFVRQwzCU
4,公众反馈/举报,"{'1': 0.0, '2': 0.0, '3': 0.0, '4': 1.0}",0.0,QFWWwvUW0
4,公众反馈/举报,"{'1': 0.0, '2': 0.0, '3': 0.0, '4': 1.0}",0.0,R01nZg9jo
1,政务发布,"{'1': 1.0, '2': 0.0, '3': 0.0, '4': 0.0}",0.8,QFVBkrCEC
3,民生服务,"{'1': 0.0, '2': 0.0, '3': 1.0, '4': 0.0}",0.8,QFVQqxBaQ
1,政务发布,"{'1': 1.0, '2': 0.0, '3': 0.0, '4': 0.0}",0.0,QFWrt4mrj
1,政务发布,"{'1': 1.0, '2': 0.0, '3': 0.0, '4': 0.0}",1.0,R00ksgjxw
4,公众反馈/举报,"{'1': 0.0, '2': 0.0, '3': 0.0, '4': 1.0}",0.8,QFWzWq9J9
4,公众反馈/举报,"{'1': 0.0, '2': 0.0, '3': 0.8, '4': 0.2}",-0.9,R0UcLde3g
1,政务发布,"{'1': 1.0, '2': 0.0, '3': 0.0, '4': 0.0}",-0.8,R0W7NqNxQ
4,公众反馈/举报,"{'1': 0.0, '2': 0.0, '3': 0.0, '4': 1.0}",0.0,R0RCysu11
4,公众反馈/举报,"{'1': 0.0, '2': 0.0, '3': 0.0, '4': 1.0}",-0.7,R0TwR22H5
4,公众反馈/举报,"{'1': 0.0, '2': 0.0, '3': 0.0, '4': 1.0}",-0.8,R0Slc4tXD
4,公众反馈/举报,"{'1': 0.0, '2': 0.0, '3': 0.0, '4': 1.0}",0.8,R0TR7iZib
4,公众反馈/举报,"{'1': 0.0, '2': 0.0, '3': 0.0, '4': 1.0}",-0.9,R0QTbwgjv
3,民生服务,"{'1': 0.0, '2': 0.0, '3': 1.0, '4': 0.0}",0.2,R0Vb4zJSM
3,民生服务,"{'1': 0.0, '2': 0.0, '3': 1.0, '4': 0.0}",0.3,R0UJ4r6cy
1,政务发布,"{'1': 1.0, '2': 0.0, '3': 0.0, '4': 0.0}",0.0,R0TgYnMUm
4,公众反馈/举报,"{'1': 0.0, '2': 0.0, '3': 0.0, '4': 1.0}",0.5,R0VRmjVyf
4,公众反馈/举报,"{'1': 0.0, '2': 0.0, '3': 0.0, '4': 1.0}",0.0,R0UHo8HpG
3,民生服务,"{'1': 0.0, '2': 0.0, '3': 1.0, '4': 0.0}",0.0,QEUaLo1nW
4,公众反馈/举报,"{'1': 0.0, '2': 0.0, '3': 0.2, '4': 0.8}",0.0,QETKO6X41
4,公众反馈/举报,"{'1': 0.0, '2': 0.0, '3': 0.0, '4': 1.0}",-0.9,QEUazxFM6
4,公众反馈/举报,"{'1': 0.0, '2': 0.0, '3': 0.0, '4': 1.0}",0.5,R0y7CDHdb
4,公众反馈/举报,"{'1': 0.0, '2': 0.0, '3': 0.0, '4': 1.0}",0.0,QEUapm5bJ
4,公众反馈/举报,"{'1': 0.0, '2': 0.0, '3': 0.0, '4': 1.0}",-1.0,R00OSjoRv
1,政务发布,"{'1': 1.0, '2': 0.0, '3': 0.0, '4': 0.0}",0.8,QFW4ee0KG
4,公众反馈/举报,"{'1': 0.0, '2': 0.0, '3': 0.0, '4': 1.0}",-0.9,QFUKoyCja
1,政务发布,"{'1': 1.0, '2': 0.0, '3': 0.0, '4': 0.0}",0.9,QFWkP8fOT
1,政务发布,"{'1': 1.0, '2': 0.0, '3': 0.0, '4': 0.0}",0.8,R00LJDVft
4,公众反馈/举报,"{'1': 0.0, '2': 0.0, '3': 0.0, '4': 1.0}",-1.0,R00OSjoRv
3,民生服务,"{'1': 0.0, '2': 0.0, '3': 1.0, '4': 0.0}",0.0,R00tNp0QG
1,政务发布,"{'1': 1.0, '2': 0.0, '3': 0.0, '4': 0.0}",0.8,QFW4ee0KG
4,公众反馈/举报,"{'1': 0.0, '2': 1.0, '3': 0.0, '4': 1.0}",-0.9,QFUKoyCja
1,政务发布,"{'1': 1.0, '2': 0.0, '3': 0.0, '4': 0.0}",1.0,R00LJDVft
1,政务发布,"{'1': 1.0, '2': 0.0, '3': 0.0, '4': 0.0}",0.8,QFWkP8fOT
4,公众反馈/举报,"{'1': 0.0, '2': 0.0, '3': 0.0, '4': 1.0}",0.0,R00tNp0QG
1,政务发布,"{'1': 0.9, '2': 0.0, '3': 0.0, '4': 0.1}",0.5,QFnonjEaj
4,公众反馈/举报,"{'1': 0.0, '2': 0.0, '3': 0.0, '4': 1.0}",0.0,QFkCzdFt7
4,公众反馈/举报,"{'1': 0.0, '2': 0.0, '3': 0.0, '4': 1.0}",0.0,QFhRG7fij
4,公众反馈/举报,"{'1': 0.0, '2': 0.0, '3': 0.0, '4': 1.0}",0.0,QFnBW7Zn7
1,政务发布,"{'1': 1.0, '2': 0.0, '3': 0.0, '4': 0.0}",0.8,QFkTKmYV8
4,公众反馈/举报,"{'1': 0.0, '2': 0.0, '3': 0.0, '4': 1.0}",0.0,R26o0AFeM
1,政务发布,"{'1': 1.0, '2': 0.0, '3': 0.0, '4': 0.0}",0.0,R06i86R7j
1,政务发布,"{'1': 1.0, '2': 0.0, '3': 0.0, '4': 0.0}",0.4,R277CdWCS
4,公众反馈/举报,"{'1': 0.0, '2': 0.0, '3': 0.0, '4': 1.0}",-0.8,R07OU1LYI
4,公众反馈/举报,"{'1': 0.2, '2': 0.0, '3': 0.1, '4': 0.7}",0.0,R05ndCnxl
4,公众反馈/举报,"{'1': 0.0, '2': 0.0, '3': 0.0, '4': 1.0}",-0.2,R07TDqZNl
1,政务发布,"{'1': 1.0, '2': 0.0, '3': 0.0, '4': 0.0}",0.6,R07PFjtgh
1,政务发布,"{'1': 1.0, '2': 0.0, '3': 0.0, '4': 0.0}",0.8,R08Cg5mXa
3,民生服务,"{'1': 0.0, '2': 0.0, '3': 1.0, '4': 0.0}",0.9,R06obiOYo
2,城市问题,"{'1': 0.0, '2': 0.8, '3': 0.1, '4': 0.1}",0.0,R093Uy3n7
1,政务发布,"{'1': 1.0, '2': 0.0, '3': 0.0, '4': 0.0}",0.3,R06a0gOyW
3,民生服务,"{'1': 0.0, '2': 0.0, '3': 1.0, '4': 0.0}",0.8,R05V10V2C
3,民生服务,"{'1': 0.0, '2': 0.0, '3': 1.0, '4': 0.0}",0.0,R06uHf5T6
1,政务发布,"{'1': 1.0, '2': 0.0, '3': 0.0, '4': 0.0}",0.9,R06VU1XGq
1,政务发布,"{'1': 1.0, '2': 0.0, '3': 0.0, '4': 0.0}",0.8,R05RUmdUo
1,政务发布,"{'1': 0.9, '2': 0.0, '3': 0.1, '4': 0.0}",0.8,R05w23PLP
4,公众反馈/举报,"{'1': 0.0, '2': 0.0, '3': 0.0, '4': 1.0}",-1.0,R06ErBlIM
3,民生服务,"{'1': 0.0, '2': 0.0, '3': 1.0, '4': 0.0}",0.5,R07OHjgzF
1,政务发布,"{'1': 1.0, '2': 0.0, '3': 0.0, '4': 0.0}",0.78,R08xM0Omk
4,公众反馈/举报,"{'1': 0.0, '2': 0.0, '3': 0.0, '4': 1.0}",0.0,R04wHdFUR
4,公众反馈/举报,"{'1': 0.0, '2': 0.2, '3': 0.0, '4': 0.8}",-0.8,QFWctcN4H
3,民生服务,"{'1': 0.5, '2': 0.0, '3': 0.5, '4': 0.0}",0.3,QFV6Ubk5y
1,政务发布,"{'1': 1.0, '2': 0.0, '3': 0.0, '4': 0.0}",0.5,QFWlDpty2
4,公众反馈/举报,"{'1': 0.0, '2': 0.0, '3': 0.0, '4': 1.0}",0.0,R010j2FX7
4,公众反馈/举报,"{'1': 0.0, '2': 0.0, '3': 0.0, '4': 1.0}",0.8,R00VWmi7u
1,政务发布,"{'1': 1.0, '2': 0.0, '3': 0.0, '4': 0.0}",1.0,QFWFic5FP
1,政务发布,"{'1': 1.0, '2': 0.0, '3': 0.0, '4': 0.0}",0.9,QFWCghbLH
3,民生服务,"{'1': 0.0, '2': 0.0, '3': 1.0, '4': 0.0}",0.3,QFV6Ubk5y
4,公众反馈/举报,"{'1': 0.0, '2': 0.0, '3': 0.0, '4': 1.0}",-0.9,QFWctcN4H
1,政务发布,"{'1': 1.0, '2': 0.0, '3': 0.0, '4': 0.0}",0.2,QFWlDpty2
4,公众反馈/举报,"{'1': 0.0, '2': 0.0, '3': 0.0, '4': 1.0}",0.0,R010j2FX7
4,公众反馈/举报,"{'1': 0.0, '2': 0.0, '3': 0.0, '4': 1.0}",1.0,R00VWmi7u
1,政务发布,"{'1': 1.0, '2': 0.0, '3': 0.0, '4': 0.0}",1.0,QFWFic5FP
1,政务发布,"{'1': 1.0, '2': 0.0, '3': 0.0, '4': 0.0}",0.3,R06tF7RlE
1,政务发布,"{'1': 1.0, '2': 0.0, '3': 0.0, '4': 0.0}",0.8,QFWCghbLH
1,政务发布,"{'1': 0.9, '2': 0.0, '3': 0.1, '4': 0.0}",0.7,R06DKqH55
1,政务发布,"{'1': 1.0, '2': 0.0, '3': 0.0, '4': 0.0}",0.9,R07Uto67E
1,政务发布,"{'1': 1.0, '2': 0.0, '3': 0.0, '4': 0.0}",0.6,R08pkaJ4V
3,民生服务,"{'1': 0.0, '2': 0.0, '3': 1.0, '4': 0.0}",1.0,R05EBmu7V
4,公众反馈/举报,{'4': 1.0},0.4,R05VH0JvH
1,政务发布,"{'1': 1.0, '2': 0.0, '3': 0.0, '4': 0.0}",0.5,R08MlEHLj
3,民生服务,"{'1': 0.0, '2': 0.2, '3': 0.8, '4': 0.0}",0.3,R08xh4IdG
4,公众反馈/举报,"{'1': 0.0, '2': 0.0, '3': 0.0, '4': 1.0}",-0.7,QFUjg6giE
3,民生服务,"{'1': 0.0, '2': 0.0, '3': 1.0, '4': 0.0}",0.8,QFWliqEuG
4,公众反馈/举报,"{'1': 0.0, '2': 0.0, '3': 0.0, '4': 1.0}",0.0,QFVWkFwCc
4,公众反馈/举报,"{'1': 0.0, '2': 0.0, '3': 0.0, '4': 1.0}",-0.2,QFWKQrYJN
1,政务发布,"{'1': 1.0, '2': 0.0, '3': 0.0, '4': 0.0}",0.9,R0134DWT7
3,民生服务,"{'1': 0.0, '2': 0.0, '3': 1.0, '4': 0.0}",0.9,QE5gv6cmy
4,公众反馈/举报,"{'1': 0.0, '2': 0.2, '3': 0.0, '4': 0.8}",-0.9,QE4okle1L
1,政务发布,"{'1': 1.0, '2': 0.0, '3': 0.0, '4': 0.0}",-0.2,QFWpu4sdp
4,公众反馈/举报,"{'1': 0.0, '2': 0.0, '3': 0.0, '4': 1.0}",0.3,QE8mv8RLv
4,公众反馈/举报,"{'1': 0.0, '2': 0.0, '3': 0.0, '4': 1.0}",-0.8,R1vtfooCC
4,公众反馈/举报,"{'1': 0.0, '2': 0.0, '3': 0.0, '4': 1.0}",0.0,R1x6zhv8m
4,公众反馈/举报,"{'1': 0.0, '2': 0.0, '3': 0.0, '4': 1.0}",-0.3,R1vCosrgo
4,公众反馈/举报,"{'1': 0.0, '2': 0.2, '3': 0.0, '4': 0.8}",-0.9,R0gz8sf1L
1,政务发布,"{'1': 1.0, '2': 0.0, '3': 0.0, '4': 0.0}",0.5,R1sTMrPlY
3,民生服务,"{'1': 0.0, '2': 0.0, '3': 1.0, '4': 0.0}",0.8,R0hCdnNZD
3,民生服务,"{'1': 0.0, '2': 0.0, '3': 1.0, '4': 0.0}",0.9,R0hrMcULc
1,政务发布,"{'1': 1.0, '2': 0.0, '3': 0.0, '4': 0.0}",0.5,R0i1c15hD
4,公众反馈/举报,"{'1': 0.0, '2': 0.0, '3': 0.0, '4': 1.0}",0.0,R0hG17F1G
1,政务发布,"{'1': 1.0, '2': 0.0, '3': 0.0, '4': 0.0}",0.9,R0gZV67Al
4,公众反馈/举报,"{'1': 0.0, '2': 0.0, '3': 0.0, '4': 1.0}",-0.5,R0gpdenTr
3,民生服务,"{'1': 0.0, '2': 0.0, '3': 1.0, '4': 0.0}",0.0,R0f3RzSxV
4,公众反馈/举报,"{'1': 0.0, '2': 0.1, '3': 0.2, '4': 0.7}",-0.8,R0hr3CSRq
4,公众反馈/举报,"{'1': 0.0, '2': 0.0, '3': 0.0, '4': 1.0}",-0.9,R0gz8sf1L
1,政务发布,"{'1': 1.0, '2': 0.0, '3': 0.0, '4': 0.0}",0.8,R0hCdnNZD
1,政务发布,"{'1': 1.0, '2': 0.0, '3': 0.0, '4': 0.0}",0.8,R0i1c15hD
1,政务发布,"{'1': 1.0, '2': 0.0, '3': 0.0, '4': 0.0}",0.9,R0gZV67Al
3,民生服务,"{'3': 1.0, '1': 0.0, '2': 0.0, '4': 0.0}",0.8,R0hrMcULc
4,公众反馈/举报,"{'1': 0.0, '2': 0.0, '3': 0.2, '4': 0.8}",0.0,R0hG17F1G
3,民生服务,"{'1': 0.0, '2': 0.0, '3': 1.0, '4': 0.0}",0.0,R0f3RzSxV
4,公众反馈/举报,"{'1': 0.0, '2': 0.2, '3': 0.1, '4': 0.7}",-0.5,R0gpdenTr
3,民生服务,"{'1': 0.3, '2': 0.0, '3': 0.7, '4': 0.0}",0.8,QFTzNBo2r
4,公众反馈/举报,"{'1': 0.0, '2': 0.0, '3': 0.0, '4': 1.0}",-0.8,R0hr3CSRq
2,城市问题,"{'1': 0.0, '2': 1.0, '3': 0.0, '4': 0.0}",-0.3,QFVUPzErh
4,公众反馈/举报,"{'1': 0.0, '2': 0.3, '3': 0.0, '4': 0.7}",-0.9,R00Zf5Fvq
1,政务发布,"{'1': 1.0, '2': 0.0, '3': 0.0, '4': 0.0}",0.8,QFUJYBJiV
3,民生服务,"{'1': 0.0, '2': 0.0, '3': 1.0, '4': 0.0}",0.8,R00HcoSl0
4,公众反馈/举报,"{'1': 0.0, '2': 0.0, '3': 0.0, '4': 1.0}",-0.7,R00yilI0m
2,城市问题,"{'1': 0.0, '2': 1.0, '3': 0.0, '4': 0.0}",-0.3,QFVPxzSSU
3,民生服务,"{'1': 0.0, '2': 0.0, '3': 1.0, '4': 0.0}",1.0,QFWUGqanT
1,政务发布,"{'1': 1.0, '2': 0.0, '3': 0.0, '4': 0.0}",1.0,QFTzNBo2r
4,公众反馈/举报,"{'1': 0.0, '2': 0.0, '3': 0.0, '4': 1.0}",0.0,QFVUPzErh
4,公众反馈/举报,"{'1': 0.0, '2': 0.0, '3': 0.0, '4': 1.0}",-1.0,QFTNK6s2c
1,政务发布,"{'1': 1.0, '2': 0.0, '3': 0.0, '4': 0.0}",0.8,QFUJYBJiV
1,政务发布,"{'1': 0.8, '2': 0.0, '3': 0.2, '4': 0.0}",0.9,R00HcoSl0
4,公众反馈/举报,"{'1': 0.0, '2': 0.0, '3': 0.2, '4': 0.8}",0.9,QFWUGqanT
4,公众反馈/举报,"{'1': 0.0, '2': 0.2, '3': 0.1, '4': 0.7}",-0.8,R00Zf5Fvq
4,公众反馈/举报,"{'1': 0.0, '2': 0.0, '3': 0.0, '4': 1.0}",-0.6,R00yilI0m
1,政务发布,"{'1': 0.9, '2': 0.0, '3': 0.1, '4': 0.0}",0.2,QFVPxzSSU
4,公众反馈/举报,"{'1': 0.0, '2': 0.0, '3': 0.0, '4': 1.0}",-1.0,QFTNK6s2c
4,公众反馈/举报,"{'1': 0.0, '2': 0.0, '3': 0.0, '4': 1.0}",0.0,R1GICwtcd
1,政务发布,"{'1': 1.0, '2': 0.0, '3': 0.0, '4': 0.0}",0.9,R10zvhBND
4,公众反馈/举报,"{'1': 0.0, '2': 0.0, '3': 0.0, '4': 1.0}",0.9,R10zFAVHf
1,政务发布,"{'1': 1.0, '2': 0.0, '3': 0.0, '4': 0.0}",0.0,R10BCtqhu
4,公众反馈/举报,"{'1': 0.0, '2': 0.0, '3': 0.0, '4': 1.0}",0.0,R03wEvHVr
1,政务发布,"{'1': 1.0, '2': 0.0, '3': 0.0, '4': 0.0}",1.0,R07Skbv2E
1,政务发布,"{'1': 1.0, '2': 0.0, '3': 0.0, '4': 0.0}",0.0,R07rBvT1M
1,政务发布,"{'1': 0.8, '2': 0.0, '3': 0.2, '4': 0.0}",0.5,R0989qJMi
1,政务发布,"{'1': 1.0, '2': 0.0, '3': 0.0, '4': 0.0}",0.9,QEqc9sGGg
1,政务发布,"{'1': 1.0, '2': 0.0, '3': 0.0, '4': 0.0}",0.0,QEss45B4S
1,政务发布,"{'1': 1.0, '2': 0.0, '3': 0.0, '4': 0.0}",0.9,QEnpTrdDM
3,民生服务,"{'1': 0.0, '2': 0.0, '3': 1.0, '4': 0.0}",0.8,QEnVbAZFp
3,民生服务,"{'1': 0.0, '2': 0.0, '3': 1.0, '4': 0.0}",0.9,QEpQdwYla
1,政务发布,"{'1': 1.0, '2': 0.0, '3': 0.0, '4': 0.0}",0.9,R1cN3guAX
4,公众反馈/举报,"{'1': 0.0, '2': 0.0, '3': 0.0, '4': 1.0}",0.5,R1e549KQs
4,公众反馈/举报,"{'1': 0.0, '2': 0.0, '3': 0.0, '4': 1.0}",-0.8,R1ajSbRO7
1,政务发布,"{'1': 1.0, '2': 0.0, '3': 0.0, '4': 0.0}",0.8,R19pP7aFp
1,政务发布,"{'1': 1.0, '2': 0.0, '3': 0.0, '4': 0.0}",0.9,R07Iv3ffe
1,政务发布,"{'1': 1.0, '2': 0.0, '3': 0.0, '4': 0.0}",-0.5,R065ixfh8
2,城市问题,"{'1': 0.0, '2': 1.0, '3': 0.0, '4': 0.0}",-0.6,R06kw9k4t
4,公众反馈/举报,"{'1': 0.0, '2': 0.0, '3': 0.0, '4': 1.0}",-0.6,R06I8welG
2,城市问题,"{'1': 0.0, '2': 1.0, '3': 0.0, '4': 0.0}",-0.6,R07QM9pL8
3,民生服务,"{'1': 0.0, '2': 0.0, '3': 1.0, '4': 0.0}",0.8,R08NNFyVt
1,政务发布,"{'1': 1.0, '2': 0.0, '3': 0.0, '4': 0.0}",0.8,R05iTxii9
1,政务发布,"{'1': 1.0, '2': 0.0, '3': 0.0, '4': 0.0}",0.5,R08LyiVHR
3,民生服务,"{'1': 0.0, '2': 0.0, '3': 1.0, '4': 0.0}",0.8,R07xwCxRa
1,政务发布,"{'1': 1.0, '2': 0.0, '3': 0.0, '4': 0.0}",0.8,R06l4lpXH
1,政务发布,"{'1': 1.0, '2': 0.0, '3': 0.0, '4': 0.0}",0.0,R07lGn0Aj
1,政务发布,"{'1': 1.0, '2': 0.0, '3': 0.0, '4': 0.0}",0.5,R07R4aU1K
1,政务发布,"{'1': 1.0, '2': 0.0, '3': 0.0, '4': 0.0}",0.3,QF99bttQH
4,公众反馈/举报,"{'1': 0.0, '2': 0.0, '3': 0.0, '4': 1.0}",-0.2,QF8htAxnX
3,民生服务,"{'1': 0.0, '2': 0.0, '3': 1.0, '4': 0.0}",0.0,QFcE2yVu4
1,政务发布,"{'1': 1.0, '2': 0.0, '3': 0.0, '4': 0.0}",1.0,QF8HgrIrk
4,公众反馈/举报,"{'1': 0.0, '2': 0.3, '3': 0.2, '4': 0.5}",-0.7,R0Vy24BUM
4,公众反馈/举报,"{'1': 0.0, '2': 0.0, '3': 0.0, '4': 1.0}",0.8,R0TnPeu98
3,民生服务,"{'1': 0.0, '2': 0.0, '3': 1.0, '4': 0.0}",0.0,R0UykARkK
2,城市问题,"{'1': 0.0, '2': 1.0, '3': 0.0, '4': 0.0}",-0.8,R0UUEb7vT
1,政务发布,"{'1': 1.0, '2': 0.0, '3': 0.0, '4': 0.0}",0.8,R1jJC1IR1
4,公众反馈/举报,"{'1': 0.3, '2': 0.0, '3': 0.0, '4': 0.7}",0.0,R1j0WxK0w
1,政务发布,"{'1': 1.0, '2': 0.0, '3': 0.0, '4': 0.0}",0.8,R26pZwayD
3,民生服务,"{'1': 0.0, '2': 0.0, '3': 1.0, '4': 0.0}",1.0,R28JInIXK
1,政务发布,"{'1': 1.0, '2': 0.0, '3': 0.0, '4': 0.0}",0.0,R24qqdqDQ
4,公众反馈/举报,"{'1': 0.0, '2': 0.1, '3': 0.0, '4': 0.9}",-0.9,R0QZedr1M
4,公众反馈/举报,"{'1': 0.0, '2': 0.0, '3': 0.0, '4': 1.0}",0.2,R249XpA1T
4,公众反馈/举报,"{'1': 0.0, '2': 0.0, '3': 0.0, '4': 1.0}",-1.0,R0R096qgg
1,政务发布,"{'1': 1.0, '2': 0.0, '3': 0.0, '4': 0.0}",-0.5,R0W46sCo2
1,政务发布,"{'1': 1.0, '2': 0.0, '3': 0.0, '4': 0.0}",1.0,R0ViS859o
1,政务发布,"{'1': 1.0, '2': 0.0, '3': 0.0, '4': 0.0}",0.9,R0VLehA2y
3,民生服务,"{'1': 0.0, '2': 0.0, '3': 1.0, '4': 0.0}",0.5,R0WoHsYs0
1,政务发布,"{'1': 1.0, '2': 0.0, '3': 0.0, '4': 0.0}",0.0,R0Wh7qQ9x
1,政务发布,"{'1': 1.0, '2': 0.0, '3': 0.0, '4': 0.0}",0.6,QE4TjAgLC
1,政务发布,"{'1': 1.0, '2': 0.0, '3': 0.0, '4': 0.0}",-0.3,R0VgZmB1q
4,公众反馈/举报,"{'1': 0.0, '2': 0.0, '3': 0.0, '4': 1.0}",0.0,QEa8s5GyP
1,政务发布,"{'1': 1.0, '2': 0.0, '3': 0.0, '4': 0.0}",0.9,QE7I15sNe
1,政务发布,"{'1': 1.0, '2': 0.0, '3': 0.0, '4': 0.0}",0.9,QE5yECOpA
1,政务发布,"{'1': 1.0, '2': 0.0, '3': 0.0, '4': 0.0}",0.3,QE5imsi4n
4,公众反馈/举报,"{'1': 0.0, '2': 0.0, '3': 0.0, '4': 1.0}",0.0,QEzB76yaO
3,民生服务,"{'1': 0.0, '2': 0.0, '3': 1.0, '4': 0.0}",1.0,QEzF3dfaY
4,公众反馈/举报,"{'1': 0.0, '2': 0.0, '3': 1.0, '4': 0.0}",0.3,QDWzzh7EX
1,政务发布,"{'1': 1.0, '2': 0.0, '3': 0.0, '4': 0.0}",0.8,QEz3bb9zm
3,民生服务,"{'1': 0.0, '2': 0.0, '3': 1.0, '4': 0.0}",1.0,QDW8mcEkz
1,政务发布,"{'1': 1.0, '2': 0.0, '3': 0.0, '4': 0.0}",1.0,QDZDqnI0T
4,公众反馈/举报,"{'1': 0.0, '2': 0.0, '3': 0.0, '4': 1.0}",0.6,QE0nH9Mre
4,公众反馈/举报,"{'1': 0.0, '2': 0.1, '3': 0.2, '4': 0.7}",-0.8,QDZrav55J
1,政务发布,"{'1': 1.0, '2': 0.0, '3': 0.0, '4': 0.0}",0.0,QDZGdCDng
1,政务发布,"{'1': 1.0, '2': 0.0, '3': 0.0, '4': 0.0}",0.9,QDVOOvvwb
1,政务发布,"{'1': 1.0, '2': 0.0, '3': 0.0, '4': 0.0}",0.8,QFU3ff03M
1,政务发布,"{'1': 1.0, '2': 0.0, '3': 0.0, '4': 0.0}",0.5,QFVQfCFw1
4,公众反馈/举报,"{'1': 0.0, '2': 0.0, '3': 0.0, '4': 1.0}",0.3,R01mhynVR
3,民生服务,"{'1': 0.0, '2': 0.0, '3': 1.0, '4': 0.0}",0.0,R00u3F78I
1,政务发布,"{'1': 1.0, '2': 0.0, '3': 0.0, '4': 0.0}",0.2,QFVslpgVm
2,城市问题,"{'1': 0.1, '2': 0.8, '3': 0.0, '4': 0.1}",0.0,QDZi5x0lb
3,民生服务,"{'1': 0.0, '2': 0.0, '3': 1.0, '4': 0.0}",0.8,QFUEPpuVU
1,政务发布,"{'1': 1.0, '2': 0.0, '3': 0.0, '4': 0.0}",0.7,QFVQfCFw1
4,公众反馈/举报,"{'1': 0.0, '2': 0.0, '3': 0.0, '4': 1.0}",-1.0,R01Fr57rp
3,民生服务,"{'1': 0.0, '2': 0.0, '3': 1.0, '4': 0.0}",0.8,QFU3ff03M
2,城市问题,"{'1': 0.0, '2': 0.0, '3': 0.0, '4': 0.0}",0.0,R01mhynVR
1,政务发布,"{'1': 1.0, '2': 0.0, '3': 0.0, '4': 0.0}",0.0,R00u3F78I
1,政务发布,"{'1': 1.0, '2': 0.0, '3': 0.0, '4': 0.0}",0.0,QFVslpgVm
4,公众反馈/举报,"{'1': 0.0, '2': 0.0, '3': 0.0, '4': 1.0}",0.2,QFUEPpuVU
4,公众反馈/举报,"{'1': 0.0, '2': 0.2, '3': 0.1, '4': 0.7}",-0.9,R01Fr57rp
4,公众反馈/举报,"{'1': 0.0, '2': 0.0, '3': 0.0, '4': 1.0}",-0.8,QE0BM2QwS
4,公众反馈/举报,"{'1': 0.0, '2': 0.0, '3': 0.0, '4': 1.0}",-0.9,QDVtu4kyF
4,公众反馈/举报,"{'1': 0.0, '2': 0.0, '3': 0.0, '4': 1.0}",-0.2,QDZvJvxhd
4,公众反馈/举报,"{'1': 0.0, '2': 0.0, '3': 0.0, '4': 1.0}",-0.8,QDZThsGaR
1,政务发布,"{'1': 1.0, '2': 0.0, '3': 0.0, '4': 0.0}",0.0,R24Ep0R92
4,公众反馈/举报,"{'1': 0.0, '2': 0.5, '3': 0.0, '4': 0.5}",-0.8,R25ygEuVL
4,公众反馈/举报,"{'1': 0.0, '2': 0.0, '3': 0.0, '4': 1.0}",0.0,R29q2gpkA
3,民生服务,"{'1': 0.0, '2': 0.0, '3': 1.0, '4': 0.0}",0.9,R20TBiTtP
2,城市问题,"{'1': 0.0, '2': 1.0, '3': 0.0, '4': 0.0}",0.8,R26IddnkL
1,政务发布,"{'1': 1.0, '2': 0.0, '3': 0.0, '4': 0.0}",1.0,R26f2b3gY
4,公众反馈/举报,"{'1': 0.0, '2': 0.0, '3': 0.0, '4': 1.0}",0.0,R018Z3Jbt
4,公众反馈/举报,"{'1': 0.0, '2': 1.0, '3': 0.0, '4': 1.0}",-0.9,R00jdCFUw
4,公众反馈/举报,"{'1': 0.0, '2': 0.0, '3': 0.0, '4': 1.0}",-0.3,QFXqqpSPY
3,民生服务,"{'1': 0.8, '2': 0.0, '3': 0.2, '4': 0.0}",0.8,QFWsf0YGV
1,政务发布,"{'1': 1.0, '2': 0.0, '3': 0.0, '4': 0.0}",0.4,QFSX1ADQm
4,公众反馈/举报,"{'1': 0.0, '2': 0.0, '3': 0.2, '4': 0.8}",-0.5,R00dwFQ54
1,政务发布,"{'1': 1.0, '2': 0.0, '3': 0.0, '4': 0.0}",0.5,QFTK6sGqY
4,公众反馈/举报,"{'1': 0.0, '2': 0.0, '3': 0.0, '4': 1.0}",-1.0,R00jdCFUw
4,公众反馈/举报,"{'1': 0.0, '2': 0.0, '3': 0.0, '4': 1.0}",0.0,R018Z3Jbt
4,公众反馈/举报,"{'1': 0.0, '2': 0.0, '3': 0.0, '4': 1.0}",-0.8,QFXqqpSPY
3,民生服务,"{'1': 0.0, '2': 0.0, '3': 1.0, '4': 0.0}",0.8,QFWsf0YGV
4,公众反馈/举报,"{'1': 0.0, '2': 0.0, '3': 0.0, '4': 1.0}",-0.3,R00dwFQ54
1,政务发布,"{'1': 1.0, '2': 0.0, '3': 0.0, '4': 0.0}",0.6,QFSX1ADQm
2,城市问题,"{'1': 0.0, '2': 1.0, '3': 0.0, '4': 0.0}",0.3,R00lIzC7C
1,政务发布,"{'1': 1.0, '2': 0.0, '3': 0.0, '4': 0.0}",0.5,QFTK6sGqY
4,公众反馈/举报,"{'1': 0.0, '2': 0.2, '3': 0.0, '4': 0.8}",-1.0,QFT1pmnIJ
1,政务发布,"{'1': 1.0, '2': 0.0, '3': 0.0, '4': 0.0}",1.0,QFTc2zJbC
1,政务发布,"{'1': 1.0, '2': 0.0, '3': 0.0, '4': 0.0}",0.0,R01a55Ve6
1,政务发布,"{'1': 1.0, '2': 0.0, '3': 0.0, '4': 0.0}",1.0,QFW4Dya7R
1,政务发布,"{'1': 1.0, '2': 0.0, '3': 0.0, '4': 0.0}",0.8,QFQnV6ET9
1,政务发布,"{'1': 1.0, '2': 0.0, '3': 0.0, '4': 0.0}",0.6,R000sDGsi
1,政务发布,"{'1': 0.9, '2': 0.0, '3': 0.1, '4': 0.0}",0.9,QFU88kZNM
4,公众反馈/举报,"{'1': 0.0, '2': 0.0, '3': 0.0, '4': 1.0}",-0.2,QFW1SyjBL
1,政务发布,"{'1': 1.0, '2': 0.0, '3': 0.0, '4': 0.0}",-0.2,QFTi7qtO9
4,公众反馈/举报,"{'1': 0.0, '2': 0.2, '3': 0.0, '4': 1.0}",-0.9,QFT1pmnIJ
4,公众反馈/举报,"{'1': 0.0, '2': 0.0, '3': 0.0, '4': 1.0}",0.0,R00lIzC7C
1,政务发布,"{'1': 1.0, '2': 0.0, '3': 0.0, '4': 0.0}",1.0,QFW4Dya7R
1,政务发布,"{'1': 1.0, '2': 0.0, '3': 0.0, '4': 0.0}",0.7,QFTc2zJbC
1,政务发布,"{'1': 1.0, '2': 0.0, '3': 0.0, '4': 0.0}",0.0,R01a55Ve6
1,政务发布,"{'1': 0.8, '2': 0.0, '3': 0.2, '4': 0.0}",0.8,R000sDGsi
1,政务发布,"{'1': 1.0, '2': 0.0, '3': 0.0, '4': 0.0}",0.3,QFQnV6ET9
4,公众反馈/举报,"{'1': 0.0, '2': 0.1, '3': 0.1, '4': 0.8}",-0.6,QFW1SyjBL
1,政务发布,"{'1': 1.0, '2': 0.0, '3': 0.0, '4': 0.0}",1.0,QFU88kZNM
1,政务发布,"{'1': 1.0, '2': 0.0, '3': 0.0, '4': 0.0}",0.0,QFTi7qtO9
3,民生服务,"{'1': 0.0, '2': 0.0, '3': 1.0, '4': 0.0}",0.9,R066o4Dna
1,政务发布,"{'1': 1.0, '2': 0.0, '3': 0.0, '4': 0.0}",0.8,R06l1firT
4,公众反馈/举报,"{'1': 0.0, '2': 0.0, '3': 0.0, '4': 1.0}",-0.3,R022qa9hO
4,公众反馈/举报,"{'1': 0.0, '2': 0.2, '3': 0.1, '4': 0.7}",-0.3,R05s1tNwl
1,政务发布,"{'1': 1.0, '2': 0.0, '3': 0.0, '4': 0.0}",0.8,R07J1lbfO
4,公众反馈/举报,"{'1': 0.0, '2': 0.3, '3': 0.0, '4': 0.7}",-0.7,R07Vukv0e
1,政务发布,"{'1': 1.0, '2': 0.0, '3': 0.0, '4': 0.0}",0.8,R1silzFeN
1,政务发布,"{'1': 1.0, '2': 0.0, '3': 0.0, '4': 0.0}",0.0,R1sNqmdPB
4,公众反馈/举报,"{'1': 0.0, '2': 0.0, '3': 0.0, '4': 1.0}",-0.5,R1xXQdIse
4,公众反馈/举报,"{'1': 0.0, '2': 0.0, '3': 0.0, '4': 1.0}",-1.0,QDWPizumB
4,公众反馈/举报,"{'1': 0.0, '2': 0.0, '3': 0.0, '4': 1.0}",-0.6,R1sFgoQ7w
1,政务发布,"{'1': 1.0, '2': 0.0, '3': 0.0, '4': 0.0}",0.8,QDWCNAutN
1,政务发布,"{'1': 1.0, '2': 0.0, '3': 0.0, '4': 0.0}",0.8,QDYdKdKmn
1,政务发布,"{'1': 1.0, '2': 0.0, '3': 0.0, '4': 0.0}",0.8,QDXW6ad8i
3,民生服务,"{'1': 0.0, '2': 0.0, '3': 1.0, '4': 0.0}",0.8,QDZKdzX3c
3,民生服务,"{'1': 0.2, '2': 0.2, '3': 0.6, '4': 0.0}",0.8,QFmL8Fc6P
3,民生服务,{'3': 1.0},0.9,QE0D6C0c2
1,政务发布,"{'1': 1.0, '2': 0.0, '3': 0.0, '4': 0.0}",0.8,QFliB3K3i
4,公众反馈/举报,"{'1': 0.0, '2': 0.0, '3': 0.0, '4': 1.0}",-1.0,QFmIqERQp
1,政务发布,"{'1': 1.0, '2': 0.0, '3': 0.0, '4': 0.0}",0.8,QFmzutdct
3,民生服务,"{'1': 0.0, '2': 0.0, '3': 1.0, '4': 0.0}",0.5,QFiBY5glv
3,民生服务,"{'1': 0.0, '2': 0.0, '3': 1.0, '4': 0.0}",0.8,QFlXiFm43
3,民生服务,"{'1': 0.0, '2': 0.0, '3': 1.0, '4': 0.0}",0.6,QFl0KhIQ2
3,民生服务,"{'1': 0.0, '2': 0.0, '3': 1.0, '4': 0.0}",0.5,QFhN3rgnL
3,民生服务,"{'1': 0.0, '2': 0.0, '3': 1.0, '4': 0.0}",1.0,QFnlst8ss
1,政务发布,"{'1': 1.0, '2': 0.0, '3': 0.0, '4': 0.0}",0.85,QFkiTnTGt
1,政务发布,"{'1': 1.0, '2': 0.0, '3': 0.0, '4': 0.0}",0.8,QFmOjklbe
1,政务发布,"{'1': 1.0, '2': 0.0, '3': 0.0, '4': 0.0}",0.7,R1LyH7Oia
4,公众反馈/举报,"{'1': 0.0, '2': 0.2, '3': 0.0, '4': 1.0}",-0.8,R1MHblPao
1,政务发布,"{'1': 1.0, '2': 0.0, '3': 0.0, '4': 0.0}",0.8,R1OVPzHDx
4,公众反馈/举报,"{'1': 0.0, '2': 0.0, '3': 0.0, '4': 1.0}",0.0,R1MfNrWdo
3,民生服务,"{'1': 0.0, '2': 0.0, '3': 1.0, '4': 0.0}",0.9,R266f5E9q
4,公众反馈/举报,"{'1': 0.0, '2': 0.0, '3': 0.0, '4': 1.0}",0.5,R27wgsIAJ
4,公众反馈/举报,"{'1': 0.0, '2': 0.0, '3': 0.0, '4': 1.0}",0.0,R1sPgnBSb
4,公众反馈/举报,"{'1': 0.0, '2': 0.0, '3': 0.0, '4': 1.0}",-0.9,R1sjK1NGt
1,政务发布,"{'1': 1.0, '2': 0.0, '3': 0.0, '4': 0.0}",1.0,QERQu63lA
4,公众反馈/举报,"{'1': 0.0, '2': 0.0, '3': 0.0, '4': 1.0}",0.0,QFC6S4huR
1,政务发布,"{'1': 1.0, '2': 0.0, '3': 0.0, '4': 0.0}",1.0,QEThFpaT1
3,民生服务,"{'1': 0.0, '2': 0.0, '3': 1.0, '4': 0.0}",0.85,R25G1dlkn
1,政务发布,"{'1': 1.0, '2': 0.0, '3': 0.0, '4': 0.0}",0.8,R26oOegAr
1,政务发布,"{'1': 1.0, '2': 0.0, '3': 0.0, '4': 0.0}",-0.5,R26GYoJmp
4,公众反馈/举报,"{'1': 0.0, '2': 0.0, '3': 0.0, '4': 1.0}",0.0,R27t7aJR5
4,公众反馈/举报,"{'1': 0.0, '2': 0.0, '3': 0.0, '4': 1.0}",-0.8,R1PQ994iS
4,公众反馈/举报,"{'1': 0.0, '2': 0.2, '3': 0.3, '4': 0.5}",-0.8,R1PGlcLdT
4,公众反馈/举报,"{'1': 0.0, '2': 0.0, '3': 0.0, '4': 1.0}",-0.6,R1LYbo4fj
4,公众反馈/举报,"{'1': 0.0, '2': 0.3, '3': 0.0, '4': 0.7}",-0.8,R1PfZ0O8m
4,公众反馈/举报,"{'1': 0.0, '2': 0.0, '3': 0.0, '4': 1.0}",0.0,R1PS6kidj
1,政务发布,"{'1': 1.0, '2': 0.0, '3': 0.0, '4': 0.0}",0.8,R1NKLiXNk
4,公众反馈/举报,"{'1': 0.0, '2': 0.0, '3': 0.0, '4': 1.0}",-0.9,QEIDC4UDx
4,公众反馈/举报,"{'1': 0.0, '2': 0.0, '3': 0.0, '4': 1.0}",0.0,QELbRpRfQ
1,政务发布,"{'1': 1.0, '2': 0.0, '3': 0.0, '4': 0.0}",0.8,QEIX1q2hB
4,公众反馈/举报,"{'1': 0.0, '2': 0.0, '3': 0.0, '4': 1.0}",-0.5,QEJDPg2wd
4,公众反馈/举报,"{'1': 0.0, '2': 0.0, '3': 0.0, '4': 1.0}",0.0,R0V78hZv3
1,政务发布,"{'1': 1.0, '2': 0.0, '3': 0.0, '4': 0.0}",0.0,QEITGa1gz
4,公众反馈/举报,"{'1': 0.0, '2': 0.0, '3': 0.0, '4': 1.0}",1.0,R0VS88TqJ
4,公众反馈/举报,"{'1': 0.0, '2': 0.0, '3': 0.0, '4': 1.0}",0.0,R0RkZ7Ejb
1,政务发布,"{'1': 1.0, '2': 0.0, '3': 0.0, '4': 0.0}",0.8,QERGGhscZ
1,政务发布,"{'1': 1.0, '2': 0.0, '3': 0.0, '4': 0.0}",0.0,QEV2A4PMq
3,民生服务,"{'1': 0.0, '2': 0.0, '3': 1.0, '4': 0.0}",0.9,QEPOoh6fL
3,民生服务,"{'1': 0.0, '2': 0.0, '3': 1.0, '4': 0.0}",0.5,QERvp9s3R
1,政务发布,"{'1': 1.0, '2': 0.0, '3': 0.0, '4': 0.0}",0.8,QEUe53UJO
2,城市问题,"{'1': 0.0, '2': 1.0, '3': 0.0, '4': 0.0}",0.5,QEt0SDwZH
1,政务发布,"{'1': 1.0, '2': 0.0, '3': 0.0, '4': 0.0}",1.0,QEnvl5Axf
3,民生服务,"{'1': 0.0, '2': 0.0, '3': 1.0, '4': 0.0}",0.8,QEq1M7fQ5
3,民生服务,"{'1': 0.0, '2': 0.0, '3': 1.0, '4': 0.0}",1.0,QERwvumk2
4,公众反馈/举报,"{'1': 0.0, '2': 0.2, '3': 0.1, '4': 0.7}",-0.9,QEp8FggJl
4,公众反馈/举报,"{'1': 0.0, '2': 0.0, '3': 0.0, '4': 1.0}",-0.8,QEUyOFt6W
1,政务发布,"{'1': 1.0, '2': 0.0, '3': 0.0, '4': 0.0}",0.5,QFWnuxjMp
1,政务发布,"{'1': 1.0, '2': 0.0, '3': 0.0, '4': 0.0}",0.8,QFW7AiSkm
1,政务发布,"{'1': 1.0, '2': 0.0, '3': 0.0, '4': 0.0}",0.0,QFWQsDUS5
4,公众反馈/举报,"{'1': 0.0, '2': 0.0, '3': 0.5, '4': 0.5}",0.0,QFXqwvwkB
1,政务发布,"{'1': 1.0, '2': 0.0, '3': 0.0, '4': 0.0}",0.9,R00Y3uOxv
4,公众反馈/举报,"{'1': 0.0, '2': 0.2, '3': 0.3, '4': 0.5}",-0.8,QFWUhdH3Z
4,公众反馈/举报,"{'1': 0.0, '2': 0.0, '3': 0.0, '4': 1.0}",-1.0,R00PNacgS
3,民生服务,"{'1': 0.0, '2': 0.0, '3': 1.0, '4': 0.0}",0.8,QFUfED9Lt
1,政务发布,"{'1': 0.9, '2': 0.0, '3': 0.1, '4': 0.0}",0.3,QFWnuxjMp
1,政务发布,"{'1': 1.0, '2': 0.0, '3': 0.0, '4': 0.0}",0.8,QFW7AiSkm
1,政务发布,"{'1': 1.0, '2': 0.0, '3': 0.0, '4': 0.0}",-0.5,QFWQsDUS5
1,政务发布,"{'1': 1.0, '2': 0.0, '3': 0.0, '4': 0.0}",0.5,R00Y3uOxv
4,公众反馈/举报,"{'1': 0.0, '2': 0.0, '3': 0.0, '4': 1.0}",-1.0,R00PNacgS
4,公众反馈/举报,"{'1': 0.0, '2': 0.3, '3': 0.0, '4': 0.7}",-0.7,QFWUhdH3Z
4,公众反馈/举报,"{'1': 0.0, '2': 0.0, '3': 0.0, '4': 1.0}",0.0,QFXqwvwkB
4,公众反馈/举报,"{'1': 0.0, '2': 0.0, '3': 0.0, '4': 1.0}",0.2,R00Fw4hGG
1,政务发布,"{'1': 1.0, '2': 0.0, '3': 0.0, '4': 0.0}",0.8,QFUfED9Lt
1,政务发布,"{'1': 1.0, '2': 0.0, '3': 0.0, '4': 0.0}",1.0,QFW5T3XlJ
1,政务发布,"{'1': 1.0, '2': 0.0, '3': 0.0, '4': 0.0}",0.8,QFTKxrCoB
3,民生服务,"{'1': 0.1, '2': 0.0, '3': 0.9, '4': 0.0}",0.5,QFVYYzUF4
4,公众反馈/举报,"{'1': 0.0, '2': 0.0, '3': 0.0, '4': 1.0}",-0.9,QFU4c8Kpd
1,政务发布,"{'1': 1.0, '2': 0.0, '3': 0.0, '4': 0.0}",0.5,QFUjWD3xO
1,政务发布,"{'1': 1.0, '2': 0.0, '3': 0.0, '4': 0.0}",0.8,QFXrHn0Kj
1,政务发布,"{'1': 1.0, '2': 0.0, '3': 0.0, '4': 0.0}",1.0,QFWAVfd00
4,公众反馈/举报,"{'1': 0.0, '2': 0.0, '3': 0.0, '4': 1.0}",-1.0,QFWDfq1Hm
4,公众反馈/举报,"{'1': 0.0, '2': 0.0, '3': 0.0, '4': 1.0}",0.0,R00Fw4hGG
3,民生服务,"{'1': 0.0, '2': 0.0, '3': 1.0, '4': 0.0}",0.5,QFW5T3XlJ
4,公众反馈/举报,{'4': 1.0},-1.0,QFU4c8Kpd
3,民生服务,"{'1': 0.0, '2': 0.0, '3': 1.0, '4': 0.0}",0.8,QFVYYzUF4
1,政务发布,"{'1': 0.9, '2': 0.0, '3': 0.1, '4': 0.0}",0.5,QFTKxrCoB
1,政务发布,"{'1': 1.0, '2': 0.0, '3': 0.0, '4': 0.0}",0.95,QFUjWD3xO
1,政务发布,"{'1': 0.9, '2': 0.0, '3': 0.1, '4': 0.0}",0.8,QFXrHn0Kj
4,公众反馈/举报,"{'1': 0.0, '2': 0.0, '3': 0.0, '4': 1.0}",-1.0,QFWDfq1Hm
3,民生服务,"{'1': 0.0, '2': 0.0, '3': 1.0, '4': 0.0}",0.9,R2iUBjvBF
3,民生服务,"{'1': 0.0, '2': 0.0, '3': 1.0, '4': 0.0}",0.8,R2iIprkIw
1,政务发布,"{'1': 1.0, '2': 0.0, '3': 0.0, '4': 0.0}",0.8,QFWAVfd00
4,公众反馈/举报,"{'1': 0.0, '2': 1.0, '3': 0.0, '4': 0.0}",-0.9,R2ja8tWiK
1,政务发布,"{'1': 1.0, '2': 0.0, '3': 0.0, '4': 0.0}",0.8,R2iUktX7M
1,政务发布,"{'1': 1.0, '2': 0.0, '3': 0.0, '4': 0.0}",0.8,R2i7Kc0as
1,政务发布,"{'1': 1.0, '2': 0.0, '3': 0.0, '4': 0.0}",0.8,R2fLI0FzA
4,公众反馈/举报,"{'1': 0.0, '2': 0.0, '3': 0.0, '4': 1.0}",-1.0,R2hDLyfAx
4,公众反馈/举报,"{'1': 0.0, '2': 0.0, '3': 0.0, '4': 1.0}",-0.5,R2jfa1tuP
4,公众反馈/举报,"{'1': 0.0, '2': 0.0, '3': 0.0, '4': 1.0}",0.9,R2dyXtt4d
4,公众反馈/举报,"{'1': 0.0, '2': 0.0, '3': 0.0, '4': 1.0}",0.8,QEUvyj8em
4,公众反馈/举报,"{'1': 0.0, '2': 0.0, '3': 0.3, '4': 0.7}",0.2,QEUCuv0fM
4,公众反馈/举报,"{'1': 0.0, '2': 0.0, '3': 0.0, '4': 1.0}",-0.6,QEUvoz3h9
4,公众反馈/举报,"{'1': 0.2, '2': 0.0, '3': 0.0, '4': 0.8}",0.8,QFTavzGEq
4,公众反馈/举报,"{'1': 0.0, '2': 0.2, '3': 0.3, '4': 0.5}",0.1,QFV9WxJsq
4,公众反馈/举报,"{'1': 0.1, '2': 0.2, '3': 0.2, '4': 0.5}",-0.9,QFWMyixjF
2,城市问题,"{'1': 0.0, '2': 1.0, '3': 0.0, '4': 0.0}",0.8,QFT8ThLFS
1,政务发布,"{'1': 0.8, '2': 0.0, '3': 0.2, '4': 0.0}",0.7,QFTJsza3G
3,民生服务,"{'1': 0.0, '2': 0.0, '3': 0.8, '4': 0.2}",-0.2,QFUBHimvp
4,公众反馈/举报,"{'1': 0.0, '2': 0.0, '3': 0.0, '4': 1.0}",0.5,QFUuLtAbj
1,政务发布,"{'1': 1.0, '2': 0.0, '3': 0.0, '4': 0.0}",0.8,QFVS3CaIn
4,公众反馈/举报,"{'1': 0.0, '2': 0.0, '3': 0.0, '4': 1.0}",0.0,QFTavzGEq
4,公众反馈/举报,"{'1': 0.0, '2': 0.0, '3': 0.0, '4': 1.0}",-1.0,QFWMyixjF
4,公众反馈/举报,"{'1': 0.0, '2': 0.0, '3': 0.2, '4': 0.8}",0.2,QFV9WxJsq
3,民生服务,"{'1': 0.1, '2': 0.0, '3': 0.9, '4': 0.0}",0.8,QFTJsza3G
1,政务发布,"{'1': 1.0, '2': 0.0, '3': 0.0, '4': 0.0}",1.0,QFT8ThLFS
4,公众反馈/举报,"{'1': 0.0, '2': 0.2, '3': 0.3, '4': 0.5}",0.0,QFUBHimvp
1,政务发布,"{'1': 1.0, '2': 0.0, '3': 0.0, '4': 0.0}",0.0,QFUuLtAbj
1,政务发布,"{'1': 1.0, '2': 0.0, '3': 0.0, '4': 0.0}",0.6,QFVS3CaIn
4,公众反馈/举报,"{'1': 0.0, '2': 0.0, '3': 0.0, '4': 1.0}",0.0,QECBRhT42
4,公众反馈/举报,"{'1': 0.0, '2': 0.0, '3': 0.0, '4': 1.0}",-0.7,QEGVfhkpx
1,政务发布,"{'1': 1.0, '2': 0.0, '3': 0.0, '4': 0.0}",0.8,QELkMwbv3
4,公众反馈/举报,"{'1': 0.0, '2': 0.0, '3': 0.0, '4': 1.0}",0.8,QEInaAHcf
1,政务发布,"{'1': 1.0, '2': 0.0, '3': 0.0, '4': 0.0}",0.425,QFnGM2oGU
1,政务发布,"{'1': 1.0, '2': 0.0, '3': 0.0, '4': 0.0}",0.8,QFif41E24
4,公众反馈/举报,"{'1': 0.0, '2': 0.0, '3': 0.0, '4': 1.0}",-0.9,QFhvZ1oxi
4,公众反馈/举报,"{'1': 0.0, '2': 1.0, '3': 0.0, '4': 0.0}",-0.8,QFnaou1FH
4,公众反馈/举报,"{'1': 0.0, '2': 0.0, '3': 0.0, '4': 1.0}",-0.6,QFnD7EcmM
4,公众反馈/举报,"{'1': 0.0, '2': 0.0, '3': 0.0, '4': 1.0}",0.8,QFnymmZfC
1,政务发布,"{'1': 1.0, '2': 0.0, '3': 0.0, '4': 0.0}",0.0,QFnxRloJQ
1,政务发布,"{'1': 1.0, '2': 0.0, '3': 0.0, '4': 0.0}",0.8,QFnxC6d5B
1,政务发布,"{'1': 1.0, '2': 0.0, '3': 0.0, '4': 0.0}",0.8,QFliObxTv
3,民生服务,"{'1': 0.2, '2': 0.0, '3': 0.8, '4': 0.0}",0.8,QFkO5bwWa
4,公众反馈/举报,"{'1': 0.0, '2': 0.2, '3': 0.0, '4': 0.8}",-0.9,QFmVbd4ye
4,公众反馈/举报,"{'1': 0.0, '2': 0.0, '3': 0.0, '4': 1.0}",-0.5,QFhTe3PmL
4,公众反馈/举报,"{'1': 0.0, '2': 0.0, '3': 0.0, '4': 1.0}",-0.9,QFgGObFDo
3,民生服务,"{'1': 0.3, '2': 0.0, '3': 0.7, '4': 0.0}",0.6,QFkbnorgq
1,政务发布,"{'1': 1.0, '2': 0.0, '3': 0.0, '4': 0.0}",1.0,QFknBgi8r
1,政务发布,"{'1': 1.0, '2': 0.0, '3': 0.0, '4': 0.0}",0.0,QFjLBb5ln
4,公众反馈/举报,"{'1': 0.0, '2': 0.0, '3': 0.0, '4': 1.0}",-0.2,R0TPCEBwg
2,城市问题,"{'1': 0.0, '2': 0.8, '3': 0.0, '4': 0.2}",-0.9,R0RWFvuCY
4,公众反馈/举报,"{'1': 0.0, '2': 0.0, '3': 0.0, '4': 1.0}",0.5,R0S012fPG
3,民生服务,"{'1': 0.0, '2': 0.0, '3': 1.0, '4': 0.0}",0.0,QFnFc7f4G
1,政务发布,"{'1': 1.0, '2': 0.0, '3': 0.0, '4': 0.0}",0.0,QFj3076WW
3,民生服务,"{'1': 0.3, '2': 0.0, '3': 0.7, '4': 0.0}",0.9,QFikNu2lU
1,政务发布,"{'1': 1.0, '2': 0.0, '3': 0.0, '4': 0.0}",0.8,QFi57nhqh
4,公众反馈/举报,"{'1': 0.0, '2': 0.0, '3': 0.0, '4': 1.0}",0.0,QFnttgXSR
1,政务发布,"{'1': 1.0, '2': 0.0, '3': 0.0, '4': 0.0}",1.0,QFlKNi9QE
1,政务发布,"{'1': 1.0, '2': 0.0, '3': 0.0, '4': 0.0}",0.8,R1cKF7syV
1,政务发布,"{'1': 1.0, '2': 0.0, '3': 0.0, '4': 0.0}",0.0,QFi4bnRMd
4,公众反馈/举报,"{'1': 0.0, '2': 0.2, '3': 0.0, '4': 0.8}",-0.3,R1bFEu9tQ
3,民生服务,"{'1': 0.3, '2': 0.0, '3': 0.7, '4': 0.0}",1.0,R1bUKqfd6
1,政务发布,"{'1': 1.0, '2': 0.0, '3': 0.0, '4': 0.0}",0.8,QDXTMbuFX
4,公众反馈/举报,"{'1': 0.0, '2': 0.0, '3': 0.0, '4': 1.0}",0.9,QDZOYCR7n
4,公众反馈/举报,"{'1': 0.0, '2': 0.0, '3': 0.0, '4': 1.0}",-0.8,QDTD42Of4
1,政务发布,"{'1': 1.0, '2': 0.0, '3': 0.0, '4': 0.0}",0.9,QFiCmhTBj
4,公众反馈/举报,"{'1': 0.0, '2': 0.0, '3': 0.0, '4': 1.0}",0.9,QDRtd98uF
1,政务发布,"{'1': 1.0, '2': 0.0, '3': 0.0, '4': 0.0}",0.0,QFlbrdVTF
3,民生服务,"{'1': 0.0, '2': 0.0, '3': 1.0, '4': 0.0}",0.8,QFnu8mr7B
3,民生服务,"{'1': 0.0, '2': 0.0, '3': 1.0, '4': 0.0}",0.5,QFkCs2IRz
4,公众反馈/举报,"{'1': 0.3, '2': 0.0, '3': 0.1, '4': 0.6}",-0.2,QFmVR5cAv
1,政务发布,"{'1': 1.0, '2': 0.0, '3': 0.0, '4': 0.0}",0.0,QFlHTefve
1,政务发布,"{'1': 1.0, '2': 0.0, '3': 0.0, '4': 0.0}",0.9,QFj5c77H7
3,民生服务,"{'1': 0.0, '2': 0.0, '3': 1.0, '4': 0.0}",0.8,QFkqd15SG
4,公众反馈/举报,"{'1': 0.0, '2': 0.0, '3': 0.0, '4': 1.0}",0.0,QFm1nyz7k
4,公众反馈/举报,"{'1': 0.0, '2': 0.0, '3': 0.0, '4': 1.0}",-0.9,R2iB2b1fM
3,民生服务,"{'1': 0.0, '2': 0.0, '3': 1.0, '4': 0.0}",0.8,R2gVsDssF
2,城市问题,"{'1': 0.0, '2': 1.0, '3': 0.0, '4': 0.0}",-0.5,QFjKr41e4
3,民生服务,"{'1': 0.0, '2': 0.0, '3': 1.0, '4': 0.0}",0.8,R2gMrgxI5
3,民生服务,"{'1': 0.1, '2': 0.0, '3': 0.9, '4': 0.0}",0.8,R2hEinpsf
4,公众反馈/举报,"{'1': 0.0, '2': 0.0, '3': 0.0, '4': 1.0}",-0.5,R2gD2B5R5
3,民生服务,"{'1': 0.0, '2': 0.0, '3': 1.0, '4': 0.0}",1.0,R2gy2v6AO
1,政务发布,"{'1': 1.0, '2': 0.0, '3': 0.0, '4': 0.0}",0.9,R2gcvarko
4,公众反馈/举报,"{'1': 0.0, '2': 0.0, '3': 0.0, '4': 1.0}",0.0,R2gG1s4k0
1,政务发布,"{'1': 1.0, '2': 0.0, '3': 0.0, '4': 0.0}",0.8,R2bXyr1VP
1,政务发布,"{'1': 1.0, '2': 0.0, '3': 0.0, '4': 0.0}",0.5,R2gFm66By
4,公众反馈/举报,"{'1': 0.0, '2': 0.0, '3': 0.0, '4': 1.0}",-0.9,QE6VldLDA
2,城市问题,"{'1': 0.0, '2': 0.2, '3': 0.0, '4': 0.8}",-0.3,QE1QYDM0h
3,民生服务,"{'1': 1.0, '2': 0.0, '3': 0.0, '4': 0.0}",1.0,QE5hPlwdC
1,政务发布,"{'1': 1.0, '2': 0.0, '3': 0.0, '4': 0.0}",-0.3,QEa4Ehp9F
1,政务发布,"{'1': 1.0, '2': 0.0, '3': 0.0, '4': 0.0}",0.7,QE4yEpyWQ
1,政务发布,"{'1': 1.0, '2': 0.0, '3': 0.0, '4': 0.0}",1.0,QE4gFEPrv
1,政务发布,"{'1': 1.0, '2': 0.0, '3': 0.0, '4': 0.0}",0.0,QE8kAC0oJ
4,公众反馈/举报,"{'1': 0.0, '2': 0.0, '3': 0.0, '4': 1.0}",-1.0,QFiSo3ujK
1,政务发布,"{'1': 1.0, '2': 0.0, '3': 0.0, '4': 0.0}",1.0,QFm0dsBGJ
1,政务发布,"{'1': 1.0, '2': 0.0, '3': 0.0, '4': 0.0}",0.5,QFkWfcdPp
1,政务发布,"{'1': 1.0, '2': 0.0, '3': 0.0, '4': 0.0}",0.8,QFkVNym5z
4,公众反馈/举报,{'4': 1.0},0.0,QFlkGfT4C
3,民生服务,"{'1': 0.0, '2': 0.0, '3': 1.0, '4': 0.0}",0.8,QFhFkrHDM
4,公众反馈/举报,"{'1': 0.0, '2': 0.0, '3': 0.0, '4': 1.0}",-0.4,QFmwq3QZK
1,政务发布,"{'1': 1.0, '2': 0.0, '3': 0.0, '4': 0.0}",0.0,QFljX4tfP
4,公众反馈/举报,"{'1': 0.0, '2': 0.0, '3': 0.0, '4': 1.0}",-0.6,QFkvuECKJ
1,政务发布,"{'1': 0.8, '2': 0.0, '3': 0.1, '4': 0.1}",0.3,QFkU5CigN
4,公众反馈/举报,"{'1': 0.0, '2': 0.0, '3': 0.0, '4': 1.0}",0.5,QFXkbBQzI
4,公众反馈/举报,"{'1': 0.0, '2': 0.0, '3': 0.0, '4': 1.0}",0.2,QFWZicUWi
1,政务发布,"{'1': 1.0, '2': 0.0, '3': 0.0, '4': 0.0}",0.8,QFVRm2dfM
1,政务发布,"{'1': 1.0, '2': 0.0, '3': 0.0, '4': 0.0}",0.5,R016rbDVm
1,政务发布,"{'1': 1.0, '2': 0.0, '3': 0.0, '4': 0.0}",0.9,QFWsAe5FO
4,公众反馈/举报,"{'1': 0.0, '2': 0.0, '3': 0.0, '4': 1.0}",0.0,QFXkbBQzI
4,公众反馈/举报,"{'1': 0.0, '2': 0.0, '3': 0.0, '4': 1.0}",-0.8,QFVdhosTy
1,政务发布,"{'1': 1.0, '2': 0.0, '3': 0.0, '4': 0.0}",0.9,QFVRm2dfM
2,城市问题,"{'1': 0.0, '2': 1.0, '3': 0.0, '4': 0.0}",0.3,QFWZicUWi
1,政务发布,"{'1': 1.0, '2': 0.0, '3': 0.0, '4': 0.0}",1.0,QFWsAe5FO
1,政务发布,"{'1': 1.0, '2': 0.0, '3': 0.0, '4': 0.0}",0.3,R016rbDVm
1,政务发布,"{'1': 0.0, '2': 0.0, '3': 0.0, '4': 0.0}",0.0,R0TgQ34oF
4,公众反馈/举报,"{'1': 0.0, '2': 0.0, '3': 0.0, '4': 1.0}",-0.8,QFVdhosTy
3,民生服务,"{'1': 0.0, '2': 0.0, '3': 1.0, '4': 0.0}",0.0,R0VKBDi1W
4,公众反馈/举报,"{'1': 0.0, '2': 0.0, '3': 0.0, '4': 1.0}",-0.6,R0SVAxxYS
1,政务发布,"{'1': 1.0, '2': 0.0, '3': 0.0, '4': 0.0}",0.8,R0TXwwTYP
1,政务发布,"{'1': 1.0, '2': 0.0, '3': 0.0, '4': 0.0}",0.8,R07n4lcXC
4,公众反馈/举报,"{'1': 0.0, '2': 0.0, '3': 0.0, '4': 1.0}",0.5,R05Tw79aQ
1,政务发布,"{'1': 1.0, '2': 0.0, '3': 0.0, '4': 0.0}",0.0,R06dKAvwR
4,公众反馈/举报,"{'1': 0.0, '2': 0.0, '3': 0.0, '4': 1.0}",-1.0,R06MfEvGO
4,公众反馈/举报,"{'1': 0.0, '2': 0.0, '3': 0.0, '4': 1.0}",0.0,R07OMxR2o
1,政务发布,"{'1': 1.0, '2': 0.0, '3': 0.0, '4': 0.0}",0.8,R07f9t6gf
3,民生服务,"{'1': 0.0, '2': 0.2, '3': 0.8, '4': 0.0}",0.6,R07tbpVUO
1,政务发布,"{'1': 1.0, '2': 0.0, '3': 0.0, '4': 0.0}",0.8,R05P983VF
4,公众反馈/举报,"{'1': 0.0, '2': 0.0, '3': 0.0, '4': 1.0}",-0.8,R05FXyd01
4,公众反馈/举报,"{'1': 0.0, '2': 0.0, '3': 0.0, '4': 1.0}",1.0,R05ovqx2e
1,政务发布,"{'1': 1.0, '2': 0.0, '3': 0.0, '4': 0.0}",0.5,R24IOzVdi
4,公众反馈/举报,"{'1': 0.0, '2': 0.0, '3': 0.0, '4': 1.0}",0.0,R24w0F4HT
1,政务发布,"{'1': 1.0, '2': 0.0, '3': 0.0, '4': 0.0}",1.0,QFni3kkJY
3,民生服务,"{'1': 0.2, '2': 0.1, '3': 0.7, '4': 0.0}",0.8,QFlodAAAH
1,政务发布,"{'1': 1.0, '2': 0.0, '3': 0.0, '4': 0.0}",0.8,QFlyYtXho
4,公众反馈/举报,"{'1': 0.0, '2': 0.0, '3': 0.0, '4': 1.0}",0.0,QFlqZc4FX
1,政务发布,"{'1': 1.0, '2': 0.0, '3': 0.0, '4': 0.0}",0.8,QFjfC3SSc
1,政务发布,"{'1': 1.0, '2': 0.0, '3': 0.0, '4': 0.0}",0.8,QFlMPc4Dd
4,公众反馈/举报,"{'1': 0.0, '2': 0.2, '3': 0.3, '4': 0.5}",-0.8,QFib2DQFb
1,政务发布,"{'1': 1.0, '2': 0.0, '3': 0.0, '4': 0.0}",0.8,QFi67ryR1
3,民生服务,"{'1': 0.0, '2': 0.0, '3': 1.0, '4': 0.0}",0.0,QFmScfuLV
1,政务发布,"{'1': 1.0, '2': 0.0, '3': 0.0, '4': 0.0}",0.5,QFhMR3T0I
4,公众反馈/举报,"{'1': 0.0, '2': 0.0, '3': 0.0, '4': 1.0}",0.0,QFn95bd16
1,政务发布,"{'1': 1.0, '2': 0.0, '3': 0.0, '4': 0.0}",0.95,R0hlruf8o
4,公众反馈/举报,"{'1': 0.0, '2': 0.0, '3': 0.0, '4': 1.0}",0.859,R0fxM8NLn
1,政务发布,"{'1': 1.0, '2': 0.0, '3': 0.0, '4': 0.0}",0.8,R0hX25oPN
1,政务发布,"{'1': 1.0, '2': 0.0, '3': 0.0, '4': 0.0}",0.2,R0fICos9x
3,民生服务,"{'1': 0.0, '2': 0.0, '3': 1.0, '4': 0.0}",0.9,R0f31eAlw
3,民生服务,"{'1': 0.0, '2': 0.0, '3': 1.0, '4': 0.0}",0.8,R0eSZusfc
4,公众反馈/举报,"{'1': 0.0, '2': 0.0, '3': 0.0, '4': 1.0}",-0.3,R0hGoaxFs
3,民生服务,"{'1': 1.0, '2': 0.0, '3': 0.0, '4': 0.0}",0.8,R0hlruf8o
3,民生服务,"{'1': 0.0, '2': 0.0, '3': 1.0, '4': 0.0}",0.8,R0fLWwXG8
3,民生服务,"{'1': 0.0, '2': 0.0, '3': 1.0, '4': 0.0}",0.5,R0fxM8NLn
1,政务发布,"{'1': 1.0, '2': 0.0, '3': 0.0, '4': 0.0}",0.8,R0hX25oPN
1,政务发布,"{'1': 1.0, '2': 0.0, '3': 0.0, '4': 0.0}",0.5,R0fICos9x
1,政务发布,"{'1': 1.0, '2': 0.0, '3': 0.0, '4': 0.0}",0.8,R0f31eAlw
1,政务发布,"{'1': 0.9, '2': 0.0, '3': 0.1, '4': 0.0}",0.8,R0eSZusfc
4,公众反馈/举报,"{'1': 0.0, '2': 0.0, '3': 0.0, '4': 1.0}",-0.3,R0hGoaxFs
1,政务发布,"{'1': 1.0, '2': 0.0, '3': 0.0, '4': 0.0}",0.8,R0fLWwXG8
4,公众反馈/举报,"{'1': 0.0, '2': 0.0, '3': 0.0, '4': 1.0}",-0.8,R06Kbr5u7
1,政务发布,"{'1': 1.0, '2': 0.0, '3': 0.0, '4': 0.0}",0.9,R07Pb1dMV
4,公众反馈/举报,"{'1': 0.0, '2': 0.0, '3': 0.3, '4': 0.7}",-0.8,R07CSpzyA
1,政务发布,"{'1': 1.0, '2': 0.0, '3': 0.0, '4': 0.0}",-0.2,R05sdwfZs
1,政务发布,"{'1': 1.0, '2': 0.0, '3': 0.0, '4': 0.0}",0.0,R08OK2kQa
4,公众反馈/举报,"{'1': 0.0, '2': 0.0, '3': 0.0, '4': 1.0}",0.5,R05UE0eZK
1,政务发布,"{'1': 1.0, '2': 0.0, '3': 0.0, '4': 0.0}",0.4,R07tbbDCK
1,政务发布,"{'1': 1.0, '2': 0.0, '3': 0.0, '4': 0.0}",0.5,R05oHqN7E
1,政务发布,"{'1': 1.0, '2': 0.0, '3': 0.0, '4': 0.0}",-0.6,R074vCZR1
1,政务发布,"{'1': 1.0, '2': 0.0, '3': 0.0, '4': 0.0}",0.8,R08EClm3e
1,政务发布,"{'1': 1.0, '2': 0.0, '3': 0.0, '4': 0.0}",0.5,QFkm3FI4t
1,政务发布,"{'1': 0.9, '2': 0.0, '3': 0.1, '4': 0.0}",0.9,QFlLJegvN
1,政务发布,"{'1': 1.0, '2': 0.0, '3': 0.0, '4': 0.0}",0.8,QFkF6sYBd
4,公众反馈/举报,"{'1': 0.2, '2': 0.0, '3': 0.3, '4': 0.5}",0.8,QFlDfv6qb
1,政务发布,"{'1': 1.0, '2': 0.0, '3': 0.0, '4': 0.0}",0.95,QFkbreZcO
4,公众反馈/举报,"{'1': 0.0, '2': 0.0, '3': 0.0, '4': 1.0}",0.0,QFjVp0N9P
1,政务发布,"{'1': 1.0, '2': 0.0, '3': 0.0, '4': 0.0}",0.8,QFiaNbt6h
3,民生服务,"{'1': 0.0, '2': 0.0, '3': 1.0, '4': 0.0}",0.8,QFkr504PO
4,公众反馈/举报,"{'1': 0.0, '2': 0.0, '3': 0.0, '4': 1.0}",0.0,QFllVb90q
1,政务发布,"{'1': 1.0, '2': 0.0, '3': 0.0, '4': 0.0}",0.9,QFhQdFLUG
1,政务发布,"{'1': 1.0, '2': 0.0, '3': 0.0, '4': 0.0}",0.0,QFmQH5dpl
4,公众反馈/举报,"{'1': 0.0, '2': 0.0, '3': 0.0, '4': 1.0}",0.2,QFjN1qyx8
1,政务发布,"{'1': 1.0, '2': 0.0, '3': 0.0, '4': 0.0}",0.0,QFkxVsjTo
4,公众反馈/举报,"{'1': 0.0, '2': 0.2, '3': 0.1, '4': 0.7}",-0.9,R04Sxanl2
3,民生服务,"{'1': 0.7, '2': 0.0, '3': 0.3, '4': 0.0}",0.8,R06wAlu99
4,公众反馈/举报,"{'1': 0.0, '2': 0.0, '3': 0.0, '4': 1.0}",0.0,R07OfeZH7
1,政务发布,"{'1': 1.0, '2': 0.0, '3': 0.0, '4': 0.0}",0.9,R07IV2m1z
4,公众反馈/举报,"{'1': 0.0, '2': 0.0, '3': 0.0, '4': 1.0}",-1.0,R04bdAvyy
1,政务发布,"{'1': 1.0, '2': 0.0, '3': 0.0, '4': 0.0}",0.8,R07tbr23p
3,民生服务,"{'1': 0.0, '2': 0.0, '3': 1.0, '4': 0.0}",0.8,R07TziQT5
1,政务发布,"{'1': 1.0, '2': 0.0, '3': 0.0, '4': 0.0}",0.8,R07RC5pxD
1,政务发布,"{'1': 1.0, '2': 0.0, '3': 0.0, '4': 0.0}",0.8,R07dm6kB4
1,政务发布,"{'1': 1.0, '2': 0.0, '3': 0.0, '4': 0.0}",0.8,R07rZs0Gb
3,民生服务,"{'1': 0.0, '2': 0.0, '3': 1.0, '4': 0.0}",0.8,R07DZhIwO
1,政务发布,"{'1': 1.0, '2': 0.0, '3': 0.0, '4': 0.0}",0.8,R07Uis4KP
1,政务发布,"{'1': 1.0, '2': 0.0, '3': 0.0, '4': 0.0}",0.0,R05TfCv8L
3,民生服务,"{'1': 0.0, '2': 0.0, '3': 1.0, '4': 0.0}",0.9,R1kQIo7Cq
3,民生服务,"{'1': 0.0, '2': 0.0, '3': 1.0, '4': 0.0}",0.0,R1oHA95O5
1,政务发布,"{'1': 1.0, '2': 0.0, '3': 0.0, '4': 0.0}",0.85,R1lYeoITh
1,政务发布,"{'1': 0.8, '2': 0.0, '3': 0.2, '4': 0.0}",0.8,R1loXlTVO
1,政务发布,"{'1': 0.3, '2': 0.1, '3': 0.1, '4': 0.5}",-0.4,QDZDH2fr5
1,政务发布,"{'1': 1.0, '2': 0.0, '3': 0.0, '4': 0.0}",0.8,R1lhvA5dw
4,公众反馈/举报,"{'1': 0.0, '2': 0.0, '3': 0.0, '4': 1.0}",0.0,QDYSb9VVx
4,公众反馈/举报,"{'1': 0.0, '2': 0.0, '3': 0.0, '4': 1.0}",-0.5,QDW6V7fmj
2,城市问题,"{'1': 0.0, '2': 1.0, '3': 0.0, '4': 0.0}",0.6,QE0Qq1euL
3,民生服务,"{'1': 0.0, '2': 0.0, '3': 1.0, '4': 0.0}",0.8,QDZQkhB8A
1,政务发布,"{'1': 1.0, '2': 0.0, '3': 0.0, '4': 0.0}",0.9,QDZiGcIjz
4,公众反馈/举报,"{'1': 0.0, '2': 0.2, '3': 0.3, '4': 0.5}",0.2,R1ltHdXRe
1,政务发布,"{'1': 1.0, '2': 0.0, '3': 0.0, '4': 0.0}",0.5,QDYpCqL2l
4,公众反馈/举报,"{'1': 0.0, '2': 0.0, '3': 0.0, '4': 1.0}",-1.0,QDZ4qyE8A
1,政务发布,"{'1': 1.0, '2': 0.0, '3': 0.0, '4': 0.0}",0.6,QDSSCEw0g
1,政务发布,"{'1': 0.8, '2': 0.0, '3': 0.1, '4': 0.1}",0.9,QDZiGdOqB
4,公众反馈/举报,"{'1': 0.0, '2': 0.0, '3': 0.0, '4': 1.0}",0.5,QFjvx3Of0
4,公众反馈/举报,"{'1': 0.0, '2': 0.0, '3': 0.0, '4': 1.0}",0.9,QFnIa2Mk9
1,政务发布,"{'1': 1.0, '2': 0.0, '3': 0.0, '4': 0.0}",0.0,QFiyd5wr9
1,政务发布,"{'1': 1.0, '2': 0.0, '3': 0.0, '4': 0.0}",0.8,QFlOC2Vzx
3,民生服务,"{'1': 0.2, '2': 0.0, '3': 0.8, '4': 0.0}",0.8,QFkAH77FI
4,公众反馈/举报,"{'1': 0.0, '2': 0.0, '3': 0.0, '4': 1.0}",0.0,QFj0Xl1Rs
3,民生服务,"{'1': 0.0, '2': 0.0, '3': 1.0, '4': 0.0}",0.6,QFkE4lJjk
1,政务发布,"{'1': 1.0, '2': 0.0, '3': 0.0, '4': 0.0}",0.0,QFlGZev55
4,公众反馈/举报,"{'1': 0.0, '2': 0.0, '3': 0.0, '4': 1.0}",-0.3,QFka0Ftw9
2,城市问题,"{'1': 0.0, '2': 1.0, '3': 0.0, '4': 0.0}",-0.7,QFjmurpry
1,政务发布,"{'1': 1.0, '2': 0.0, '3': 0.0, '4': 0.0}",0.0,R2hqmwbXa
1,政务发布,"{'1': 1.0, '2': 0.0, '3': 0.0, '4': 0.0}",0.5,R2gXnt1wS
4,公众反馈/举报,"{'1': 0.0, '2': 0.0, '3': 0.0, '4': 1.0}",0.0,R2gWil9Tr
1,政务发布,"{'1': 1.0, '2': 0.0, '3': 0.0, '4': 0.0}",0.2,R2fF7CbtO
1.0,政务发布,"{'1': 1.0, '2': 0.0, '3': 0.0, '4': 0.0}",1.0,R2eTDyxwN
1.0,政务发布,"{'1': 1.0, '2': 0.0, '3': 0.0, '4': 0.0}",0.85,QEzEToLdJ
4.0,公众反馈/举报,"{'1': 0.0, '2': 0.0, '3': 0.8, '4': 0.2}",0.0,QEBPqAXQG
1.0,政务发布,"{'1': 1.0, '2': 0.0, '3': 0.0, '4': 0.0}",0.6,QECv6mUtH
2.0,城市问题,"{'1': 0.0, '2': 0.9, '3': 0.1, '4': 0.0}",-0.8,QEyOY54Qo
4.0,公众反馈/举报,"{'1': 0.0, '2': 0.0, '3': 0.0, '4': 1.0}",0.5,QEBttsd9i
4.0,公众反馈/举报,"{'1': 0.0, '2': 0.0, '3': 0.0, '4': 1.0}",-0.3,QEns0nDFr
1.0,政务发布,"{'1': 0.9, '2': 0.0, '3': 0.1, '4': 0.0}",0.2,QElivEG55
1.0,政务发布,"{'1': 1.0, '2': 0.0, '3': 0.0, '4': 0.0}",0.8,QEo66DJd2
1.0,政务发布,"{'1': 1.0, '2': 0.0, '3': 0.0, '4': 0.0}",0.2,QEo0GnF0g
1.0,政务发布,"{'1': 1.0, '2': 0.0, '3': 0.0, '4': 0.0}",0.8,QEpeXaqbT
4.0,公众反馈/举报,"{'1': 0.0, '2': 0.0, '3': 0.1, '4': 0.9}",0.6,R00dw6D17
1.0,政务发布,"{'1': 1.0, '2': 0.0, '3': 0.0, '4': 0.0}",0.8,R00fpBdvd
3.0,民生服务,"{'1': 0.0, '2': 0.0, '3': 1.0, '4': 0.0}",0.9,QFVE2eKMs
1.0,政务发布,"{'1': 1.0, '2': 0.0, '3': 0.0, '4': 0.0}",0.7,QFWWHbrJy
1.0,政务发布,"{'1': 1.0, '2': 0.0, '3': 0.0, '4': 0.0}",0.9,QFWpyt4Cc
4.0,公众反馈/举报,"{'1': 0.0, '2': 0.0, '3': 0.0, '4': 1.0}",-1.0,R005cBgfJ
1.0,政务发布,"{'1': 1.0, '2': 0.0, '3': 0.0, '4': 0.0}",0.5,QFVzxi3Dp
1.0,政务发布,"{'1': 1.0, '2': 0.0, '3': 0.0, '4': 0.0}",0.5,QFT4VhVxz
1.0,政务发布,"{'1': 1.0, '2': 0.0, '3': 0.0, '4': 0.0}",0.0,QFTT96bAe
3.0,民生服务,"{'1': 0.0, '2': 0.0, '3': 1.0, '4': 0.0}",0.8,R00dw6D17
1.0,政务发布,"{'1': 1.0, '2': 0.0, '3': 0.0, '4': 0.0}",0.5,R00fpBdvd
3.0,民生服务,"{'1': 0.0, '2': 0.0, '3': 1.0, '4': 0.0}",0.9,QFVE2eKMs
1.0,政务发布,"{'1': 1.0, '2': 0.0, '3': 0.0, '4': 0.0}",1.0,QFWWHbrJy
1.0,政务发布,"{'1': 1.0, '2': 0.0, '3': 0.0, '4': 0.0}",0.9,QFWpyt4Cc
4.0,公众反馈/举报,"{'1': 0.0, '2': 0.0, '3': 0.0, '4': 1.0}",-1.0,R005cBgfJ
1.0,政务发布,"{'1': 1.0, '2': 0.0, '3': 0.0, '4': 0.0}",1.0,QFVzxi3Dp
1.0,政务发布,"{'1': 1.0, '2': 0.0, '3': 0.0, '4': 0.0}",0.5,QFT4VhVxz
4.0,公众反馈/举报,"{'1': 0.1, '2': 0.0, '3': 0.3, '4': 0.6}",0.3,QFTT96bAe
1.0,政务发布,"{'1': 1.0, '2': 0.0, '3': 0.0, '4': 0.0}",0.0,QEzD5rsyl
4.0,公众反馈/举报,"{'1': 0.0, '2': 0.0, '3': 0.0, '4': 1.0}",0.0,R1xuQrc7o
1.0,政务发布,"{'1': 1.0, '2': 0.0, '3': 0.0, '4': 0.0}",0.8,QEyR7AmT5
4.0,公众反馈/举报,"{'1': 0.0, '2': 0.0, '3': 0.0, '4': 1.0}",-1.0,QFlhy9QKg
4.0,公众反馈/举报,"{'1': 0.0, '2': 0.0, '3': 0.0, '4': 1.0}",0.2,QEyfWEwmw
1.0,政务发布,"{'1': 1.0, '2': 0.0, '3': 0.0, '4': 0.0}",0.5,QFlHVFqtO
1.0,政务发布,"{'1': 1.0, '2': 0.0, '3': 0.0, '4': 0.0}",0.8,QFkk0ayrW
3.0,民生服务,"{'1': 0.0, '2': 0.0, '3': 1.0, '4': 0.0}",0.3,QFkpHhhbk
1.0,政务发布,"{'1': 1.0, '2': 0.0, '3': 0.0, '4': 0.0}",0.9,QFhGLydMb
1.0,政务发布,"{'1': 1.0, '2': 0.0, '3': 0.0, '4': 0.0}",0.8,QFi50rItS
4.0,公众反馈/举报,"{'1': 0.0, '2': 0.2, '3': 0.3, '4': 0.5}",0.2,QFlK4DIHn
3.0,民生服务,"{'1': 0.0, '2': 0.0, '3': 1.0, '4': 0.0}",0.2,QFncX5qAw
4.0,公众反馈/举报,"{'1': 0.0, '2': 0.0, '3': 0.0, '4': 1.0}",0.3,QFnby8utO
4.0,公众反馈/举报,"{'1': 0.0, '2': 0.0, '3': 0.0, '4': 1.0}",0.0,R13v42NnQ
1.0,政务发布,"{'1': 1.0, '2': 0.0, '3': 0.0, '4': 0.0}",0.5,R13gv1nsX
1.0,政务发布,"{'1': 1.0, '2': 0.0, '3': 0.0, '4': 0.0}",0.0,这事儿听起来是铁路部门的便民服务，但仔细一想没那么简单。
0.0,,"{'1': 0.0, '2': 0.0, '3': 0.0, '4': 0.0}",0.0,"首先，专列不是你想开就能开。线路要审批、车厢要改造、客流要评估，哪条线赚钱哪条线赔钱，铁路局比谁都清楚。所以你能看到专列的地方，基本都是已经验证过的\""流量线路\""。"
1.0,政务发布,"{'1': 1.0, '2': 0.0, '3': 0.0, '4': 0.0}",0.0,其次，打的是时间差。
,,{},,"但我更关心的是：这种\""专列模式\""会成为常态吗？"
1.0,政务发布,"{'1': 0.0, '2': 0.0, '3': 0.0, '4': 0.0}",0.0,"平时火车空座率高五一不够用，普通列车慢专列快、座位少专列体验好——这本质上是对存量资源的差异化运营。普通人坐普通车五一挤成沙丁鱼，愿意花钱的坐专列享受\""头等舱服务\""。"
3.0,民生服务,"{'1': 0.0, '2': 0.0, '3': 1.0, '4': 0.0}",0.0,答案是：难。
4,公众反馈/举报,"{'1': 0.0, '2': 0.0, '3': 0.0, '4': 1.0}",0.0,"专列成本高、定价不菲，面向的是\""愿意为体验付费\""的中产群体。但这个群体有多大？五一期间爆发一下可以，全年常态化就需要源源不断的客流作为支撑。目前来看，铁路旅游还是\""假期经济\""，很难变成\""日常消费\""。"
0,,"{'1': 0.0, '2': 0.0, '3': 0.0, '4': 0.0}",0.0,"从\""打卡式旅游\""到\""体验式旅游\""，从\""特种兵旅行\""到\""专列慢游\""，消费者心态变了。花钱买罪受的时代过去了，现在是花钱买舒服。"
1,政务发布,"{'1': 1.0, '2': 0.0, '3': 0.0, '4': 0.0}",0.0,不过有个趋势是确定的：旅游在升级。
4,公众反馈/举报,"{'1': 0.0, '2': 0.0, '3': 0.0, '4': 1.0}",0.0,"五一假期结束了，你被\""专列\""了吗？"
1,政务发布,"{'1': 1.0, '2': 0.0, '3': 0.0, '4': 0.0}",0.0,"#旅游#五一#铁路#出行#消费"""
1,政务发布,"{'1': 1.0, '2': 0.0, '3': 0.0, '4': 0.0}",0.9,R2jemra6S
1,政务发布,"{'1': 1.0, '2': 0.0, '3': 0.0, '4': 0.0}",0.8,R2iHwc1tS
3,民生服务,"{'1': 0.0, '2': 0.0, '3': 1.0, '4': 0.0}",0.9,R2ivTlSHY
1,政务发布,"{'1': 1.0, '2': 0.0, '3': 0.0, '4': 0.0}",0.0,R2gv57SPT
1,政务发布,"{'1': 1.0, '2': 0.0, '3': 0.0, '4': 0.0}",0.9,R2fAxE69S
3,民生服务,"{'1': 0.0, '2': 0.0, '3': 1.0, '4': 0.0}",0.3,R2guCoG9Y
1,政务发布,"{'1': 1.0, '2': 0.0, '3': 0.0, '4': 0.0}",0.8,R2fs8pkHQ
3,民生服务,"{'1': 0.0, '2': 0.0, '3': 1.0, '4': 0.0}",0.0,R2dNk37SY
1,政务发布,"{'1': 1.0, '2': 0.0, '3': 0.0, '4': 0.0}",0.9,R2gtuFuSD
4,公众反馈/举报,"{'1': 0.0, '2': 0.0, '3': 0.0, '4': 1.0}",-0.8,QDWfRETrL
4,公众反馈/举报,"{'1': 0.0, '2': 0.0, '3': 0.0, '4': 1.0}",0.0,QDZsypYlm
4,公众反馈/举报,"{'1': 0.0, '2': 0.0, '3': 0.0, '4': 1.0}",0.0,QDZC0ar7t
3,民生服务,"{'1': 0.0, '2': 0.2, '3': 0.8, '4': 0.0}",-0.1,QDXVVuGil
4,公众反馈/举报,"{'1': 0.0, '2': 0.0, '3': 0.0, '4': 1.0}",-1.0,QDWN2d1qR
1,政务发布,"{'1': 1.0, '2': 0.0, '3': 0.0, '4': 0.0}",0.8,QE0ePf5y3
3,民生服务,"{'1': 0.0, '2': 0.0, '3': 1.0, '4': 0.0}",0.8,QDXTGcsFs
1,政务发布,"{'1': 1.0, '2': 0.0, '3': 0.0, '4': 0.0}",0.0,QFjg5zuG9
4,公众反馈/举报,"{'1': 0.0, '2': 0.2, '3': 0.0, '4': 0.8}",-0.9,QDXHAdOnC
3,民生服务,"{'1': 0.0, '2': 0.0, '3': 1.0, '4': 0.0}",0.0,QFj9sbJsk
1,政务发布,"{'1': 1.0, '2': 0.0, '3': 0.0, '4': 0.0}",0.8,QFlig4Wtu
1,政务发布,"{'1': 1.0, '2': 0.0, '3': 0.0, '4': 0.0}",0.0,QFgEcoEX4
2,城市问题,"{'1': 0.2, '2': 0.5, '3': 0.2, '4': 0.1}",0.8,QFnmZAQPj
1,政务发布,"{'1': 1.0, '2': 0.0, '3': 0.0, '4': 0.0}",0.0,QFmrTFzyt
1,政务发布,"{'1': 1.0, '2': 0.0, '3': 0.0, '4': 0.0}",1.0,QFi7aAQiv
3,民生服务,"{'1': 0.0, '2': 0.0, '3': 1.0, '4': 0.0}",0.5,QFli35WxP
4,公众反馈/举报,"{'1': 0.0, '2': 0.3, '3': 0.3, '4': 0.4}",-0.7,QFhEmDBIR
1,政务发布,"{'1': 1.0, '2': 0.0, '3': 0.0, '4': 0.0}",1.0,R1QQn5JSy
4,公众反馈/举报,"{'1': 0.0, '2': 0.0, '3': 0.0, '4': 1.0}",0.0,R1Lf7wtwf
1,政务发布,"{'1': 1.0, '2': 0.0, '3': 0.0, '4': 0.0}",0.9,R1Q7QkTQX
1,政务发布,"{'1': 0.9, '2': 0.0, '3': 0.1, '4': 0.0}",0.8,QEpG0vTsQ
1,政务发布,"{'1': 1.0, '2': 0.0, '3': 0.0, '4': 0.0}",0.0,R1Q9YpX1g
3,民生服务,"{'1': 0.3, '2': 0.0, '3': 0.7, '4': 0.0}",1.0,QEnMCElc4
3,民生服务,"{'1': 0.2, '2': 0.0, '3': 0.8, '4': 0.0}",0.9,QEno379Lm
1,政务发布,"{'1': 1.0, '2': 0.0, '3': 0.0, '4': 0.0}",0.0,R1QZYgegS
3,民生服务,"{'1': 0.0, '2': 0.0, '3': 1.0, '4': 0.0}",0.8,QFkQDgMU6
1,政务发布,"{'1': 1.0, '2': 0.0, '3': 0.0, '4': 0.0}",0.8,QFk5D65fy
3,民生服务,"{'1': 0.0, '2': 0.0, '3': 1.0, '4': 0.0}",0.8,QFkDFbsLL
1,政务发布,"{'1': 1.0, '2': 0.0, '3': 0.0, '4': 0.0}",0.8,QFi65DYNC
1,政务发布,"{'1': 1.0, '2': 0.0, '3': 0.0, '4': 0.0}",0.7,QFlwCaEUh
3,民生服务,"{'1': 0.0, '2': 0.0, '3': 1.0, '4': 0.0}",0.0,QFmrsyVZ4
3,民生服务,"{'1': 0.0, '2': 0.0, '3': 1.0, '4': 0.0}",0.0,QFmnvB9jP
3,民生服务,"{'1': 0.1, '2': 0.0, '3': 0.9, '4': 0.0}",0.8,R07INCQkm
4,公众反馈/举报,"{'1': 0.0, '2': 0.0, '3': 0.0, '4': 1.0}",-0.9,QFjK2oyG4
4,公众反馈/举报,"{'1': 0.0, '2': 0.3, '3': 0.0, '4': 0.7}",-0.8,R05D7syXu
1,政务发布,"{'1': 1.0, '2': 0.0, '3': 0.0, '4': 0.0}",0.85,R08ium62p
3,民生服务,"{'1': 0.0, '2': 0.0, '3': 1.0, '4': 0.0}",0.9,R08nzErHk
1,政务发布,"{'1': 1.0, '2': 0.0, '3': 0.0, '4': 0.0}",0.9,R06mW2Fk4
4,公众反馈/举报,"{'1': 0.0, '2': 0.0, '3': 0.0, '4': 1.0}",-0.8,R06qr8hyF
3,民生服务,"{'1': 0.0, '2': 0.0, '3': 1.0, '4': 0.0}",0.8,R07r3oaKI
2,城市问题,"{'1': 0.0, '2': 1.0, '3': 0.0, '4': 0.0}",0.5,R02bG6s0i
1,政务发布,"{'1': 1.0, '2': 0.0, '3': 0.0, '4': 0.0}",0.6,R06eSgp54
4,公众反馈/举报,"{'1': 0.0, '2': 0.3, '3': 0.1, '4': 0.6}",-0.8,QEKski3Wn
4,公众反馈/举报,"{'1': 0.0, '2': 0.0, '3': 0.0, '4': 1.0}",-0.3,QEIeKCB1f
3,民生服务,"{'1': 0.0, '2': 0.0, '3': 1.0, '4': 0.0}",0.8,QEHHTE7fp
4,公众反馈/举报,"{'1': 0.0, '2': 0.0, '3': 0.0, '4': 1.0}",0.5,R06UCxB4a
3,民生服务,"{'1': 0.0, '2': 0.0, '3': 1.0, '4': 0.0}",0.9,R07o9zFEI
4,公众反馈/举报,"{'1': 0.0, '2': 0.0, '3': 0.0, '4': 1.0}",-0.7,R06Io28rz
4,公众反馈/举报,"{'1': 0.0, '2': 0.0, '3': 0.0, '4': 1.0}",0.8,R07xYAe1m
2,城市问题,"{'1': 0.0, '2': 1.0, '3': 0.0, '4': 0.0}",-0.8,R05CIkvr8
4,公众反馈/举报,"{'1': 0.0, '2': 0.0, '3': 0.0, '4': 1.0}",-0.3,R07U6COIi
2,城市问题,"{'1': 0.0, '2': 1.0, '3': 0.0, '4': 0.0}",-0.3,R07OeDlWU
1,政务发布,"{'1': 1.0, '2': 0.0, '3': 0.0, '4': 0.0}",0.9,R08Gn0rE9
4,公众反馈/举报,"{'1': 0.0, '2': 0.0, '3': 0.0, '4': 1.0}",-1.0,R08B9x1WV
1,政务发布,"{'1': 1.0, '2': 0.0, '3': 0.0, '4': 0.0}",1.0,R08tzrBaZ
3,民生服务,"{'1': 0.0, '2': 0.0, '3': 1.0, '4': 0.0}",0.9,R0hFI0PgR
1,政务发布,"{'1': 1.0, '2': 0.0, '3': 0.0, '4': 0.0}",0.8,R0fpktHkW
4,公众反馈/举报,"{'1': 0.0, '2': 0.2, '3': 0.1, '4': 0.7}",-0.3,R0hVd646A
1,政务发布,"{'1': 1.0, '2': 0.0, '3': 0.0, '4': 0.0}",1.0,R0hDA3tPI
1,政务发布,"{'1': 1.0, '2': 0.0, '3': 0.0, '4': 0.0}",0.5,R0gWmEJKA
3,民生服务,"{'1': 0.0, '2': 0.0, '3': 0.7, '4': 0.3}",-0.6,R0hVd646A
3,民生服务,"{'1': 0.0, '2': 0.0, '3': 1.0, '4': 0.0}",1.0,R0hFI0PgR
4,公众反馈/举报,"{'1': 0.0, '2': 0.0, '3': 0.0, '4': 1.0}",0.2,R0fpktHkW
2,城市问题,"{'1': 0.1, '2': 0.7, '3': 0.1, '4': 0.1}",0.3,R0gWmEJKA
3,民生服务,"{'1': 0.2, '2': 0.0, '3': 0.8, '4': 0.0}",0.6,R0hDA3tPI
3,民生服务,"{'1': 0.0, '2': 0.0, '3': 1.0, '4': 0.0}",0.9,QExvwhpUR
4,公众反馈/举报,"{'1': 0.0, '2': 0.0, '3': 0.0, '4': 1.0}",0.6,QEwCGD5vw
1,政务发布,"{'1': 1.0, '2': 0.0, '3': 0.0, '4': 0.0}",0.8,QEpM8ByGt
1,政务发布,"{'1': 1.0, '2': 0.0, '3': 0.0, '4': 0.0}",0.9,QEqsRA6oG
2,城市问题,"{'1': 0.0, '2': 1.0, '3': 0.0, '4': 0.0}",0.8,QEnUwjq0M
4,公众反馈/举报,"{'1': 0.0, '2': 0.0, '3': 0.0, '4': 1.0}",0.0,R0oILv3Aj
1,政务发布,"{'1': 1.0, '2': 0.0, '3': 0.0, '4': 0.0}",0.8,QEnL4hlqT
1,政务发布,"{'1': 1.0, '2': 0.0, '3': 0.0, '4': 0.0}",0.6,R0omw7AWc
3,民生服务,"{'1': 0.0, '2': 0.0, '3': 1.0, '4': 0.0}",0.0,QFvXdmLHc
1,政务发布,"{'1': 1.0, '2': 0.0, '3': 0.0, '4': 0.0}",1.0,QFrHrgQso
1,政务发布,"{'1': 1.0, '2': 0.0, '3': 0.0, '4': 0.0}",0.0,QFswUk7NM
4,公众反馈/举报,"{'1': 0.0, '2': 0.0, '3': 0.0, '4': 1.0}",-0.8,R07OZlQYn
1,政务发布,"{'1': 1.0, '2': 0.0, '3': 0.0, '4': 0.0}",0.5,R074PqXFu
1,政务发布,"{'1': 1.0, '2': 0.0, '3': 0.0, '4': 0.0}",0.8,R071Mow7x
4,公众反馈/举报,"{'1': 0.0, '2': 1.0, '3': 0.0, '4': 0.0}",-0.2,R07TK7aoU
2,城市问题,"{'1': 0.0, '2': 1.0, '3': 0.0, '4': 0.0}",-0.6,R06kwqUTr
1,政务发布,"{'1': 1.0, '2': 0.0, '3': 0.0, '4': 0.0}",0.9,R07IVsJVT
1,政务发布,"{'1': 1.0, '2': 0.0, '3': 0.0, '4': 0.0}",0.8,R07RxlC26
1,政务发布,"{'1': 1.0, '2': 0.0, '3': 0.0, '4': 0.0}",0.0,R07Yi8Sf4
1,政务发布,"{'1': 1.0, '2': 0.0, '3': 0.0, '4': 0.0}",0.5,R06yWiNch
4,公众反馈/举报,"{'1': 0.0, '2': 0.0, '3': 0.0, '4': 1.0}",0.0,R07rx9qsv
3,民生服务,"{'1': 0.0, '2': 0.0, '3': 1.0, '4': 0.0}",0.5,R098rdVVh
3,民生服务,"{'1': 0.0, '2': 0.4, '3': 0.6, '4': 0.0}",0.8,R1F49gMfK
3,民生服务,"{'1': 0.0, '2': 0.0, '3': 1.0, '4': 0.0}",0.8,R1ENR1R5V
3,民生服务,"{'1': 0.0, '2': 0.0, '3': 1.0, '4': 0.0}",0.8,R1EwzgLrx
4,公众反馈/举报,"{'1': 0.2, '2': 0.0, '3': 0.3, '4': 0.5}",-0.9,R1BSyEui3
1,政务发布,"{'1': 1.0, '2': 0.0, '3': 0.0, '4': 0.0}",1.0,R1Fc22Cgk
1,政务发布,"{'1': 1.0, '2': 0.0, '3': 0.0, '4': 0.0}",0.8,R26UgoCjj
2,城市问题,"{'1': 0.0, '2': 0.2, '3': 0.8, '4': 0.0}",0.0,R26mZ3WIt
4,公众反馈/举报,"{'1': 0.0, '2': 0.0, '3': 0.0, '4': 1.0}",0.0,R0RwkFo2t
1,政务发布,"{'1': 0.9, '2': 0.0, '3': 0.1, '4': 0.0}",0.6,R0V4m2TAt
3,民生服务,"{'1': 0.0, '2': 0.0, '3': 1.0, '4': 0.0}",0.0,R0U6yxERA
4,公众反馈/举报,"{'1': 0.0, '2': 0.1, '3': 0.0, '4': 0.9}",0.0,R0UuInAkI
4,公众反馈/举报,"{'1': 0.0, '2': 0.0, '3': 0.0, '4': 1.0}",0.0,R0Tnp4nJu
4,公众反馈/举报,"{'1': 0.0, '2': 0.0, '3': 0.0, '4': 1.0}",-1.0,R0QYZi4hs
1,政务发布,"{'1': 1.0, '2': 0.0, '3': 0.0, '4': 0.0}",-1.0,R0VJwpTX0
3,民生服务,"{'1': 0.0, '2': 0.0, '3': 1.0, '4': 0.0}",1.0,R0W1JAZ1w
4,公众反馈/举报,"{'1': 0.0, '2': 0.0, '3': 0.0, '4': 1.0}",-0.8,R0Wrno80n
1,政务发布,"{'1': 1.0, '2': 0.0, '3': 0.0, '4': 0.0}",1.0,R0SIFqEuL
3,民生服务,"{'1': 0.0, '2': 0.0, '3': 1.0, '4': 0.0}",0.0,R0UxuCFuF
1,政务发布,"{'1': 1.0, '2': 0.0, '3': 0.0, '4': 0.0}",0.9,R05JWsnhW
1,政务发布,"{'1': 1.0, '2': 0.0, '3': 0.0, '4': 0.0}",0.0,R07V07KKs
4,公众反馈/举报,"{'1': 0.0, '2': 0.0, '3': 0.0, '4': 1.0}",0.5,R07Pbb75H
2,城市问题,"{'1': 0.0, '2': 1.0, '3': 0.0, '4': 0.0}",-0.6,R07tbr2FQ
3,民生服务,"{'1': 0.0, '2': 0.0, '3': 1.0, '4': 0.0}",1.0,R08Honfwm
4,公众反馈/举报,"{'1': 0.0, '2': 0.0, '3': 0.0, '4': 1.0}",0.5,R06pa09vK
1,政务发布,"{'1': 0.9, '2': 0.0, '3': 0.1, '4': 0.0}",0.8,R07GSkGzE
3,民生服务,"{'1': 0.0, '2': 0.0, '3': 1.0, '4': 0.0}",0.8,R07ImgO54
1,政务发布,"{'1': 1.0, '2': 0.0, '3': 0.0, '4': 0.0}",0.8,R087otT1T
1,政务发布,"{'1': 1.0, '2': 0.0, '3': 0.0, '4': 0.0}",0.0,R08i5aJ0x
4,公众反馈/举报,"{'1': 0.0, '2': 0.0, '3': 0.0, '4': 1.0}",-0.8,R05yEyQIh
3,民生服务,"{'3': 1.0, '1': 0.0, '2': 0.0, '4': 0.0}",1.0,R07Im1pre
1,政务发布,"{'1': 1.0, '2': 0.0, '3': 0.0, '4': 0.0}",0.5,QEvsRDAYL
3,民生服务,"{'1': 0.2, '2': 0.0, '3': 0.8, '4': 0.0}",0.5,R07V2sl8G
1,政务发布,"{'1': 1.0, '2': 0.0, '3': 0.0, '4': 0.0}",0.0,R07OPzzwF
2,城市问题,"{'1': 0.0, '2': 1.0, '3': 0.0, '4': 0.0}",0.5,R07hivMuQ
3,民生服务,"{'1': 0.0, '2': 0.0, '3': 1.0, '4': 0.0}",-0.3,R059SkgAL
1,政务发布,"{'1': 1.0, '2': 0.0, '3': 0.0, '4': 0.0}",0.0,R05TBcWps
4,公众反馈/举报,"{'1': 0.0, '2': 0.3, '3': 0.0, '4': 1.0}",-1.0,R0VBT3og0
4,公众反馈/举报,"{'1': 0.0, '2': 0.0, '3': 0.0, '4': 1.0}",0.3,R0TT86tnA
4,公众反馈/举报,"{'1': 0.0, '2': 0.2, '3': 0.1, '4': 0.7}",-0.9,R0Toc7rTP
1,政务发布,"{'1': 1.0, '2': 0.0, '3': 0.0, '4': 0.0}",0.8,R0W72sTzf
4,公众反馈/举报,"{'1': 0.0, '2': 0.0, '3': 0.0, '4': 1.0}",0.8,R0TFiAhcH
4,公众反馈/举报,"{'1': 0.0, '2': 0.0, '3': 0.0, '4': 1.0}",0.0,R0UO5iBMs
1,政务发布,"{'1': 1.0, '2': 0.0, '3': 0.0, '4': 0.0}",0.9,QEwYQxEhN
4,公众反馈/举报,"{'1': 0.0, '2': 0.0, '3': 0.0, '4': 1.0}",-0.3,QEBX7cEP3
4,公众反馈/举报,"{'1': 0.0, '2': 0.0, '3': 0.0, '4': 1.0}",-1.0,R0CO3xBdH
1,政务发布,"{'1': 1.0, '2': 0.0, '3': 0.0, '4': 0.0}",1.0,R0Bbv3375
4,公众反馈/举报,"{'1': 0.0, '2': 0.0, '3': 0.0, '4': 1.0}",0.0,R0yXDojrX
1,政务发布,"{'1': 1.0, '2': 0.0, '3': 0.0, '4': 0.0}",0.9,R0nCcx0Xc
1,政务发布,"{'1': 1.0, '2': 0.0, '3': 0.0, '4': 0.0}",0.8,R1EPvtmNT
1,政务发布,"{'1': 1.0, '2': 0.0, '3': 0.0, '4': 0.0}",0.8,R0C65k1Ma
3,民生服务,"{'1': 0.0, '2': 0.0, '3': 1.0, '4': 0.0}",1.0,R1E2eaFDM
0,其他,"{'1': 0.0, '2': 0.0, '3': 0.0, '4': 0.0}",0.0,R1CFXpZtT
4,公众反馈/举报,"{'1': 0.0, '2': 0.0, '3': 0.0, '4': 1.0}",0.8,QESwyfCbf
1,政务发布,"{'1': 1.0, '2': 0.0, '3': 0.0, '4': 0.0}",0.5,QESGWmBWp
1,政务发布,"{'1': 1.0, '2': 0.0, '3': 0.0, '4': 0.0}",1.0,QESww9lw5
4,公众反馈/举报,"{'1': 0.0, '2': 0.0, '3': 0.0, '4': 1.0}",-0.8,QESnmy4RD
1,政务发布,"{'1': 1.0, '2': 0.0, '3': 0.0, '4': 0.0}",0.9,R0Tvtklg6
4,公众反馈/举报,"{'1': 0.0, '2': 0.2, '3': 0.3, '4': 0.5}",-0.8,R0VkSuXR6
1,政务发布,"{'1': 1.0, '2': 0.0, '3': 0.0, '4': 0.0}",0.9,R0UzrcvTR
4,公众反馈/举报,"{'1': 0.0, '2': 0.2, '3': 0.1, '4': 0.7}",-0.9,R0SCd6CwJ
4,公众反馈/举报,"{'1': 0.0, '2': 0.0, '3': 0.0, '4': 1.0}",-1.0,R0QZVd5Hb
3,民生服务,"{'1': 0.0, '2': 0.0, '3': 1.0, '4': 0.0}",0.5,R0Wlq2o3O
4,公众反馈/举报,"{'1': 0.0, '2': 0.0, '3': 0.0, '4': 1.0}",0.0,R0RCvdzTC
4,公众反馈/举报,"{'1': 0.0, '2': 0.0, '3': 0.0, '4': 1.0}",-0.9,R0Wnt2KMW
3,民生服务,"{'1': 0.9, '2': 0.0, '3': 0.1, '4': 0.0}",0.8,R06pFcKkZ
4,公众反馈/举报,"{'1': 0.0, '2': 0.0, '3': 0.0, '4': 1.0}",-1.0,R048Nk3L4
4,公众反馈/举报,"{'1': 0.0, '2': 0.0, '3': 0.0, '4': 1.0}",0.0,R07Ofg6cd
1,政务发布,"{'1': 1.0, '2': 0.0, '3': 0.0, '4': 0.0}",0.8,R06a1ES52
4,公众反馈/举报,"{'1': 0.0, '2': 0.0, '3': 0.0, '4': 1.0}",0.0,R07Ox8NDv
1,政务发布,"{'1': 1.0, '2': 0.0, '3': 0.0, '4': 0.0}",0.7,R06hYq3Ca
4,公众反馈/举报,"{'1': 0.0, '2': 0.0, '3': 0.0, '4': 1.0}",0.0,R05EzcVjd
1,政务发布,"{'1': 1.0, '2': 0.0, '3': 0.0, '4': 0.0}",0.8,R064v4R4W
2,城市问题,"{'1': 0.0, '2': 1.0, '3': 0.0, '4': 0.0}",0.5,R1j7MyuPs
1,政务发布,"{'1': 1.0, '2': 0.0, '3': 0.0, '4': 0.0}",0.5,R1ioChttO
4,公众反馈/举报,"{'1': 0.0, '2': 0.0, '3': 0.0, '4': 1.0}",0.8,R1kxigmGp
1,政务发布,"{'1': 1.0, '2': 0.0, '3': 0.0, '4': 0.0}",0.0,R1ifcEojR
1,政务发布,"{'1': 1.0, '2': 0.0, '3': 0.0, '4': 0.0}",0.5,R1mDzaLY9
4,公众反馈/举报,"{'1': 0.0, '2': 0.0, '3': 0.0, '4': 1.0}",-1.0,QFlaG681K
4,公众反馈/举报,"{'1': 0.0, '2': 0.0, '3': 0.0, '4': 1.0}",-1.0,QFlBjrpK7
3,民生服务,"{'1': 0.0, '2': 0.0, '3': 1.0, '4': 0.0}",0.8,QFkHBvqXT
1,政务发布,"{'1': 1.0, '2': 0.0, '3': 0.0, '4': 0.0}",0.2,QFkRpzpRB
3,民生服务,"{'1': 0.0, '2': 0.0, '3': 1.0, '4': 0.0}",0.8,QFkhtlDCf
1,政务发布,"{'1': 1.0, '2': 0.0, '3': 0.0, '4': 0.0}",0.8,QFk9McWjw
1,政务发布,"{'1': 1.0, '2': 0.0, '3': 0.0, '4': 0.0}",0.9,QFjNaEvs7
1,政务发布,"{'1': 1.0, '2': 0.0, '3': 0.0, '4': 0.0}",1.0,QFhAhgHus
1,政务发布,"{'1': 1.0, '2': 0.0, '3': 0.0, '4': 0.0}",0.5,QFlF4ElHe
1,政务发布,"{'1': 1.0, '2': 0.0, '3': 0.0, '4': 0.0}",0.9,QFmoybfTR
3,民生服务,"{'1': 0.0, '2': 0.0, '3': 1.0, '4': 0.0}",0.6,QFWtTuGJJ
1,政务发布,"{'1': 1.0, '2': 0.0, '3': 0.0, '4': 0.0}",0.8,QFWGuuUUW
1,政务发布,"{'1': 1.0, '2': 0.0, '3': 0.0, '4': 0.0}",0.8,QFWBLAuf6
1,政务发布,"{'1': 1.0, '2': 0.0, '3': 0.0, '4': 0.0}",0.8,QFW8nn39U
3,民生服务,"{'1': 0.0, '2': 0.0, '3': 1.0, '4': 0.0}",0.8,QFWW0B67D
2,城市问题,"{'1': 0.0, '2': 1.0, '3': 0.0, '4': 0.0}",-0.6,QFSsU9ArW
1,政务发布,"{'1': 1.0, '2': 0.0, '3': 0.0, '4': 0.0}",0.0,QFWXCm27o
1,政务发布,"{'1': 1.0, '2': 0.0, '3': 0.0, '4': 0.0}",0.6,QFX2Lyg1s
4,公众反馈/举报,"{'1': 0.0, '2': 0.0, '3': 0.0, '4': 1.0}",-0.5,R01CJhZkT
1,政务发布,"{'1': 1.0, '2': 0.0, '3': 0.0, '4': 0.0}",0.9,QFVHLD0m4
1,政务发布,"{'1': 1.0, '2': 0.0, '3': 0.0, '4': 0.0}",0.6,QFUy5Fnyh
3,民生服务,"{'1': 0.0, '2': 0.0, '3': 1.0, '4': 0.0}",0.8,QFWGuuUUW
3,民生服务,"{'1': 0.0, '2': 0.0, '3': 1.0, '4': 0.0}",0.8,QFWW0B67D
1,政务发布,"{'1': 1.0, '2': 0.0, '3': 0.0, '4': 0.0}",0.7,QFW8nn39U
1,政务发布,"{'1': 1.0, '2': 0.0, '3': 0.0, '4': 0.0}",0.5,QFWBLAuf6
1,政务发布,"{'1': 1.0, '2': 0.0, '3': 0.0, '4': 0.0}",0.5,QFWtTuGJJ
1,政务发布,"{'1': 1.0, '2': 0.0, '3': 0.0, '4': 0.0}",0.5,QFX2Lyg1s
4,公众反馈/举报,"{'1': 0.0, '2': 0.0, '3': 0.0, '4': 1.0}",-0.5,R01CJhZkT
2,城市问题,"{'1': 0.0, '2': 1.0, '3': 0.0, '4': 0.0}",-0.6,QFSsU9ArW
1,政务发布,"{'1': 1.0, '2': 0.0, '3': 0.0, '4': 0.0}",0.9,QFVHLD0m4
1,政务发布,"{'1': 1.0, '2': 0.0, '3': 0.0, '4': 0.0}",0.3,QFWXCm27o
1,政务发布,"{'1': 1.0, '2': 0.0, '3': 0.0, '4': 0.0}",0.2,QFUy5Fnyh
3,民生服务,"{'1': 0.1, '2': 0.0, '3': 0.9, '4': 0.0}",0.9,R2ge979QA
1,政务发布,"{'1': 1.0, '2': 0.0, '3': 0.0, '4': 0.0}",0.8,R2fOb08hj
3,民生服务,"{'1': 0.0, '2': 0.0, '3': 1.0, '4': 0.0}",0.6,R2hlPmCFb
4,公众反馈/举报,"{'1': 0.0, '2': 0.0, '3': 0.0, '4': 1.0}",-1.0,R2e1qajHj
1,政务发布,"{'1': 1.0, '2': 0.0, '3': 0.0, '4': 0.0}",0.5,R2gIzj1Up
1,政务发布,"{'1': 1.0, '2': 0.0, '3': 0.0, '4': 0.0}",0.5,R2fe6tB5B
4,公众反馈/举报,"{'1': 0.0, '2': 0.0, '3': 0.0, '4': 1.0}",0.2,R2fyJ11Dh
1,政务发布,"{'1': 1.0, '2': 0.0, '3': 0.0, '4': 0.0}",0.9,QF1fmk1q5
1,政务发布,"{'1': 1.0, '2': 0.0, '3': 0.0, '4': 0.0}",0.9,QF1ns2Fz0
1,政务发布,"{'1': 1.0, '2': 0.0, '3': 0.0, '4': 0.0}",0.9,QF15jA32P
1,政务发布,"{'1': 1.0, '2': 0.0, '3': 0.0, '4': 0.0}",0.5,QEZyt8LWD
3,民生服务,"{'1': 0.0, '2': 0.0, '3': 1.0, '4': 0.0}",0.9,QEZ6nsAzP
4,公众反馈/举报,"{'1': 0.0, '2': 0.0, '3': 0.0, '4': 1.0}",0.5,R04TTFSOZ
1,政务发布,"{'1': 1.0, '2': 0.0, '3': 0.0, '4': 0.0}",0.8,R05oxfdRk
1,政务发布,"{'1': 1.0, '2': 0.0, '3': 0.0, '4': 0.0}",1.0,R06qSkpSP
4,公众反馈/举报,"{'1': 0.0, '2': 0.0, '3': 0.0, '4': 1.0}",0.0,R07yQn5vr
1,政务发布,"{'1': 1.0, '2': 0.0, '3': 0.0, '4': 0.0}",0.0,R075UzVAh
2,城市问题,"{'1': 0.0, '2': 1.0, '3': 0.0, '4': 0.0}",0.0,R1ja3AZIY
1,政务发布,"{'1': 1.0, '2': 0.0, '3': 0.0, '4': 0.0}",0.8,R1iGIwYon
1,政务发布,"{'1': 1.0, '2': 0.0, '3': 0.0, '4': 0.0}",0.0,R1kezdLRe
3,民生服务,"{'1': 0.0, '2': 0.0, '3': 1.0, '4': 0.0}",1.0,R1vuImT1X
2,城市问题,"{'1': 0.0, '2': 1.0, '3': 0.0, '4': 0.0}",-0.8,R1v6n1Kp5
1,政务发布,"{'1': 1.0, '2': 0.0, '3': 0.0, '4': 0.0}",1.0,R1vgvowad
3,民生服务,"{'1': 0.0, '2': 0.0, '3': 1.0, '4': 0.0}",0.9,R0fE9tDAJ
4,公众反馈/举报,"{'1': 0.0, '2': 0.0, '3': 0.0, '4': 1.0}",0.8,R0hLUnt9b
4,公众反馈/举报,"{'1': 0.0, '2': 0.0, '3': 0.0, '4': 1.0}",-0.8,R0heUm19N
4,公众反馈/举报,"{'1': 0.0, '2': 0.1, '3': 0.0, '4': 0.9}",-0.9,R1xSfFcCd
1,政务发布,"{'1': 1.0, '2': 0.0, '3': 0.0, '4': 0.0}",0.0,R0fooibWg
4,公众反馈/举报,"{'1': 0.0, '2': 0.0, '3': 0.0, '4': 1.0}",-0.3,R0gmQ0KZO
3,民生服务,"{'1': 0.2, '2': 0.0, '3': 0.8, '4': 0.0}",0.5,R0hJmjise
1,政务发布,"{'1': 1.0, '2': 0.0, '3': 0.0, '4': 0.0}",0.9,R0ipfDrHf
4,公众反馈/举报,"{'1': 0.0, '2': 0.0, '3': 0.0, '4': 1.0}",-1.0,R0hzbpCbT
3,民生服务,"{'1': 0.0, '2': 0.0, '3': 1.0, '4': 0.0}",0.8,R0hLUnt9b
4,公众反馈/举报,"{'1': 0.0, '2': 0.0, '3': 0.0, '4': 1.0}",-0.8,R0heUm19N
1,政务发布,"{'1': 1.0, '2': 0.0, '3': 0.0, '4': 0.0}",0.0,R0fooibWg
4,公众反馈/举报,"{'1': 0.0, '2': 0.0, '3': 0.0, '4': 1.0}",-0.4,R0gmQ0KZO
1,政务发布,"{'1': 1.0, '2': 0.0, '3': 0.0, '4': 0.0}",0.8,R0fE9tDAJ
3,民生服务,"{'1': 0.0, '2': 0.0, '3': 1.0, '4': 0.0}",0.0,R0hJmjise
1,政务发布,"{'1': 1.0, '2': 0.0, '3': 0.0, '4': 0.0}",0.8,R0ipfDrHf
1,政务发布,"{'1': 0.0, '2': 0.0, '3': 0.0, '4': 1.0}",0.8,QFhuarnlH
4,公众反馈/举报,"{'1': 0.0, '2': 0.0, '3': 0.0, '4': 1.0}",-0.92,R0hzbpCbT
3,民生服务,"{'1': 0.0, '2': 0.0, '3': 1.0, '4': 0.0}",0.0,QFnuqhl4j
3,民生服务,"{'1': 0.0, '2': 0.0, '3': 1.0, '4': 0.0}",0.9,QFi4NiO7b
4,公众反馈/举报,"{'1': 0.0, '2': 0.0, '3': 0.0, '4': 1.0}",-0.8,QFns7xQTx
1,政务发布,"{'1': 1.0, '2': 0.0, '3': 0.0, '4': 0.0}",0.8,QFipuATDw
3,民生服务,"{'1': 0.0, '2': 0.0, '3': 1.0, '4': 0.0}",0.0,QFnoaB9n1
3,民生服务,"{'1': 0.9, '2': 0.0, '3': 0.1, '4': 0.0}",0.9,QFjNczMeO
4,公众反馈/举报,"{'1': 0.0, '2': 0.0, '3': 0.1, '4': 0.9}",-0.3,QFmUh8VWZ
1,政务发布,"{'1': 1.0, '2': 0.0, '3': 0.0, '4': 0.0}",0.8,QFmTptKZY
3,民生服务,"{'1': 0.0, '2': 0.0, '3': 1.0, '4': 0.0}",0.8,QFi4Gb9EE
1,政务发布,"{'1': 1.0, '2': 0.0, '3': 0.0, '4': 0.0}",0.8,QFhKoy8pE
4,公众反馈/举报,"{'1': 0.0, '2': 0.0, '3': 0.0, '4': 1.0}",-1.0,QFhVx4Uv5
1,政务发布,"{'1': 1.0, '2': 0.0, '3': 0.0, '4': 0.0}",0.8,QFkFP46Jf
1,政务发布,"{'1': 1.0, '2': 0.0, '3': 0.0, '4': 0.0}",0.8,QFj9FCeUz
1,政务发布,"{'1': 1.0, '2': 0.0, '3': 0.0, '4': 0.0}",0.0,QFnwuiEnO
1,政务发布,"{'1': 1.0, '2': 0.0, '3': 0.0, '4': 0.0}",0.8,QFlhoi53v
3,民生服务,"{'1': 0.0, '2': 0.0, '3': 1.0, '4': 0.0}",0.4,QFngB463o
1,政务发布,"{'1': 1.0, '2': 0.0, '3': 0.0, '4': 0.0}",0.8,QFi6F3mLv
1,政务发布,"{'1': 1.0, '2': 0.0, '3': 0.0, '4': 0.0}",0.8,QFj0a83tQ
1,政务发布,"{'1': 1.0, '2': 0.0, '3': 0.0, '4': 0.0}",0.5,R06pTEaU8
2,城市问题,"{'1': 0.0, '2': 1.0, '3': 0.0, '4': 0.0}",-0.3,R07VnwD6T
1,政务发布,"{'1': 1.0, '2': 0.0, '3': 0.0, '4': 0.0}",0.5,R05JZfNxQ
4,公众反馈/举报,"{'1': 0.0, '2': 0.0, '3': 0.0, '4': 1.0}",0.3,R07XEwW19
4,公众反馈/举报,"{'1': 0.0, '2': 0.0, '3': 0.0, '4': 1.0}",-1.0,R06CVB9R2
4,公众反馈/举报,"{'1': 0.0, '2': 0.0, '3': 0.0, '4': 1.0}",0.0,R07Pi6HiW
1,政务发布,"{'1': 1.0, '2': 0.0, '3': 0.0, '4': 0.0}",0.3,R09eMfihs
1,政务发布,"{'1': 1.0, '2': 0.0, '3': 0.0, '4': 0.0}",0.0,R08SzxjD5
4,公众反馈/举报,"{'1': 0.0, '2': 0.0, '3': 0.0, '4': 1.0}",-0.3,R08lvulIx
1,政务发布,"{'1': 1.0, '2': 0.0, '3': 0.0, '4': 0.0}",1.0,R1jcUDb2I
4,公众反馈/举报,"{'1': 0.0, '2': 0.0, '3': 0.0, '4': 1.0}",0.0,R1gDj6v4W
1,政务发布,"{'1': 1.0, '2': 0.0, '3': 0.0, '4': 0.0}",0.8,R1lFdCeOn
3,民生服务,"{'1': 0.0, '2': 0.0, '3': 1.0, '4': 0.0}",0.8,R0Un5jK6F
3,民生服务,"{'1': 0.0, '2': 0.0, '3': 1.0, '4': 0.0}",0.5,R0VIK2SoE
4,公众反馈/举报,"{'1': 0.0, '2': 0.0, '3': 0.0, '4': 1.0}",0.8,R0WmNC9Ku
4,公众反馈/举报,"{'1': 0.0, '2': 0.0, '3': 0.0, '4': 1.0}",-0.6,R0TFclRCQ
3,民生服务,"{'1': 0.0, '2': 0.0, '3': 1.0, '4': 0.0}",0.8,QFke25sxF
4,公众反馈/举报,"{'1': 0.0, '2': 0.0, '3': 0.0, '4': 1.0}",-1.0,QFlbMmDoE
4,公众反馈/举报,"{'1': 0.0, '2': 0.0, '3': 0.0, '4': 1.0}",0.0,R0VJm9WeD
1,政务发布,"{'1': 1.0, '2': 0.0, '3': 0.0, '4': 0.0}",-0.5,QFnsyvFSy
1,政务发布,"{'1': 1.0, '2': 0.0, '3': 0.0, '4': 0.0}",0.0,QFnrxkXIk
3,民生服务,"{'1': 0.0, '2': 0.0, '3': 1.0, '4': 0.0}",0.0,QFmQGAaHT
4,公众反馈/举报,"{'1': 0.0, '2': 0.0, '3': 0.0, '4': 1.0}",-0.7,QFlHsqjwG
1,政务发布,"{'1': 1.0, '2': 0.0, '3': 0.0, '4': 0.0}",0.8,QFi524i90
4,公众反馈/举报,"{'1': 0.0, '2': 0.0, '3': 0.0, '4': 1.0}",-0.8,QFkUxwEQW
1,政务发布,"{'1': 1.0, '2': 0.0, '3': 0.0, '4': 0.0}",0.0,QFlEotwTc
4,公众反馈/举报,"{'1': 0.0, '2': 0.0, '3': 0.0, '4': 1.0}",-0.9,R06jc0zen
4,公众反馈/举报,"{'1': 0.0, '2': 0.0, '3': 0.0, '4': 1.0}",-0.5,QFmOC5bH3
2,城市问题,"{'1': 0.0, '2': 1.0, '3': 0.0, '4': 0.0}",-0.5,QFmo1x3Ie
3,民生服务,"{'1': 0.0, '2': 0.0, '3': 1.0, '4': 0.0}",0.9,R07IKnVyE
1,政务发布,"{'1': 1.0, '2': 0.0, '3': 0.0, '4': 0.0}",0.0,R06E89D8p
4,公众反馈/举报,"{'1': 0.2, '2': 0.3, '3': 0.0, '4': 0.5}",-0.5,R07sop3N0
3,民生服务,"{'1': 0.0, '2': 0.0, '3': 1.0, '4': 0.0}",0.8,R07Im2v7I
2,城市问题,"{'1': 0.0, '2': 1.0, '3': 0.0, '4': 0.0}",-0.5,R07WhqT6b
1,政务发布,"{'1': 1.0, '2': 0.0, '3': 0.0, '4': 0.0}",0.3,R098GzI5m
1,政务发布,"{'1': 1.0, '2': 0.0, '3': 0.0, '4': 0.0}",0.0,R04t6gIqC
1,政务发布,"{'1': 1.0, '2': 0.0, '3': 0.0, '4': 0.0}",0.0,R0VzYeUjA
4,公众反馈/举报,"{'1': 0.0, '2': 0.0, '3': 0.0, '4': 1.0}",0.0,R0Sw96Uto
3,民生服务,"{'1': 0.0, '2': 0.0, '3': 1.0, '4': 0.0}",0.0,R28JTkQKR
4,公众反馈/举报,"{'1': 0.0, '2': 0.0, '3': 0.0, '4': 1.0}",0.9,R2966eWjd
4,公众反馈/举报,"{'1': 0.0, '2': 0.1, '3': 0.2, '4': 0.7}",-0.6,R29NYEuzR
1,政务发布,"{'1': 1.0, '2': 0.0, '3': 0.0, '4': 0.0}",0.8,QFj72shN8
4,公众反馈/举报,"{'1': 0.0, '2': 0.0, '3': 0.0, '4': 1.0}",-0.8,QFkR2FkOU
1,政务发布,"{'1': 1.0, '2': 0.0, '3': 0.0, '4': 0.0}",0.8,QFmoSpB2c
1,政务发布,"{'1': 1.0, '2': 0.0, '3': 0.0, '4': 0.0}",0.0,QFld01xDs
1,政务发布,"{'1': 1.0, '2': 0.0, '3': 0.0, '4': 0.0}",0.5,QFlIk7G42
1,政务发布,"{'1': 1.0, '2': 0.0, '3': 0.0, '4': 0.0}",0.6,QFiwJC0af
1,政务发布,"{'1': 1.0, '2': 0.0, '3': 0.0, '4': 0.0}",0.8,QFlhKhPqk
1,政务发布,"{'1': 1.0, '2': 0.0, '3': 0.0, '4': 0.0}",0.3,QFiw3Dig7
1,政务发布,"{'1': 1.0, '2': 0.0, '3': 0.0, '4': 0.0}",0.9,QFkV6mB4n
1,政务发布,"{'1': 1.0, '2': 0.0, '3': 0.0, '4': 0.0}",0.5,QFhGgoUBU
1,政务发布,"{'1': 1.0, '2': 0.0, '3': 0.0, '4': 0.0}",0.8,QFllD0QJU
1,政务发布,"{'1': 1.0, '2': 0.0, '3': 0.0, '4': 0.0}",0.6,QFjGyoi0F
4,公众反馈/举报,"{'1': 0.0, '2': 0.0, '3': 0.0, '4': 1.0}",0.5,QFnkgnthv
1,政务发布,"{'1': 1.0, '2': 0.0, '3': 0.0, '4': 0.0}",0.6,QFilirfH6
1,政务发布,"{'1': 1.0, '2': 0.0, '3': 0.0, '4': 0.0}",1.0,R0UrIwK0U
1,政务发布,"{'1': 1.0, '2': 0.0, '3': 0.0, '4': 0.0}",-0.5,R0VDdBqxL
4,公众反馈/举报,"{'1': 0.0, '2': 0.0, '3': 0.0, '4': 1.0}",-1.0,R0Tw3w78x
1,政务发布,"{'1': 1.0, '2': 0.0, '3': 0.0, '4': 0.0}",0.8,R0TJL96t0
3,民生服务,"{'1': 0.0, '2': 0.0, '3': 1.0, '4': 0.0}",0.2,R0RF71FQL
4,公众反馈/举报,"{'1': 0.0, '2': 0.0, '3': 0.0, '4': 1.0}",-0.9,R0UcSwZ4H
4,公众反馈/举报,"{'1': 0.0, '2': 0.0, '3': 0.0, '4': 1.0}",-1.0,R0R4u0kVw
2,城市问题,"{'1': 0.0, '2': 1.0, '3': 0.0, '4': 0.0}",0.0,R0W4Jv7dV
4,公众反馈/举报,"{'1': 0.0, '2': 0.0, '3': 0.0, '4': 1.0}",0.3,R0VkE2oW6
4,公众反馈/举报,"{'1': 0.0, '2': 0.0, '3': 0.0, '4': 1.0}",0.3,R0R1wmnVD
1,政务发布,"{'1': 1.0, '2': 0.0, '3': 0.0, '4': 0.0}",0.2,QFV63m6th
1,政务发布,"{'1': 1.0, '2': 0.0, '3': 0.0, '4': 0.0}",0.0,R019Dklhm
1,政务发布,"{'1': 0.9, '2': 0.0, '3': 0.1, '4': 0.0}",0.8,R01zJmMjG
4,公众反馈/举报,"{'1': 0.0, '2': 0.0, '3': 0.0, '4': 1.0}",0.0,QFXrzw17q
4,公众反馈/举报,"{'1': 0.0, '2': 0.1, '3': 0.0, '4': 0.9}",-0.9,QFQfAm2IT
3,民生服务,"{'1': 0.0, '2': 0.0, '3': 1.0, '4': 0.0}",0.6,R00JB0LRe
1,政务发布,"{'1': 1.0, '2': 0.0, '3': 0.0, '4': 0.0}",0.8,QFUlcm2R2
1,政务发布,"{'1': 1.0, '2': 0.0, '3': 0.0, '4': 0.0}",0.2,QFV63m6th
1,政务发布,"{'1': 1.0, '2': 0.0, '3': 0.0, '4': 0.0}",1.0,R01zJmMjG
3,民生服务,"{'1': 0.0, '2': 0.0, '3': 1.0, '4': 0.0}",0.5,R00JB0LRe
1,政务发布,"{'1': 1.0, '2': 0.0, '3': 0.0, '4': 0.0}",0.5,R019Dklhm
4,公众反馈/举报,"{'1': 0.0, '2': 0.0, '3': 0.0, '4': 1.0}",-1.0,QFQfAm2IT
4,公众反馈/举报,"{'1': 0.0, '2': 0.0, '3': 0.2, '4': 0.8}",-0.5,QFXrzw17q
3,民生服务,"{'1': 0.0, '2': 0.0, '3': 0.8, '4': 0.2}",0.0,QFmOWB9te
1,政务发布,"{'1': 1.0, '2': 0.0, '3': 0.0, '4': 0.0}",0.9,QFUlcm2R2
1,政务发布,"{'1': 1.0, '2': 0.0, '3': 0.0, '4': 0.0}",0.8,QFlkHbl7Y
2,城市问题,"{'1': 0.0, '2': 1.0, '3': 0.0, '4': 0.0}",0.8,QFlZinvox
1,政务发布,"{'1': 1.0, '2': 0.0, '3': 0.0, '4': 0.0}",0.8,QFlbqkHln
1,政务发布,"{'1': 1.0, '2': 0.0, '3': 0.0, '4': 0.0}",0.9,QFlQZsFKm
4,公众反馈/举报,"{'1': 0.0, '2': 0.0, '3': 0.0, '4': 1.0}",0.8,QFnyBr9au
3,民生服务,"{'1': 0.0, '2': 0.0, '3': 1.0, '4': 0.0}",0.0,QFnzEdmr3
3,民生服务,"{'1': 0.0, '2': 0.0, '3': 1.0, '4': 0.0}",-0.5,QFnxWvAXq
2,城市问题,"{'1': 0.0, '2': 1.0, '3': 0.0, '4': 0.0}",0.9,QFiI3eHUu
3,民生服务,"{'1': 0.2, '2': 0.0, '3': 0.8, '4': 0.0}",1.0,QFjJTlCrT
3,民生服务,"{'1': 0.0, '2': 0.0, '3': 1.0, '4': 0.0}",0.8,QFkSmbAkW
4,公众反馈/举报,"{'1': 0.0, '2': 0.0, '3': 0.0, '4': 1.0}",0.0,R0SVvymfd
3,民生服务,"{'1': 0.0, '2': 0.0, '3': 1.0, '4': 0.0}",0.0,R0VVBkjnd
4,公众反馈/举报,"{'1': 0.0, '2': 0.0, '3': 0.0, '4': 1.0}",-1.0,R0RWqo0Tw
1,政务发布,"{'1': 1.0, '2': 0.0, '3': 0.0, '4': 0.0}",0.9,R0VJQAYrN
1,政务发布,"{'1': 1.0, '2': 0.0, '3': 0.0, '4': 0.0}",0.5,R0VNjBphn
4,公众反馈/举报,"{'1': 0.0, '2': 0.0, '3': 0.0, '4': 1.0}",-1.0,R0UpM9gPn
1,政务发布,"{'1': 1.0, '2': 0.0, '3': 0.0, '4': 0.0}",0.8,R0UWnqOnH
2,城市问题,"{'1': 0.0, '2': 1.0, '3': 0.0, '4': 0.0}",-0.3,R0VHfeBUp
3,民生服务,"{'1': 0.0, '2': 0.0, '3': 1.0, '4': 0.0}",0.8,R0UoXo6mH
2,城市问题,"{'1': 0.0, '2': 1.0, '3': 0.0, '4': 0.0}",-0.6,R0WqKnP5u
4,公众反馈/举报,"{'1': 0.0, '2': 0.0, '3': 0.0, '4': 1.0}",0.0,R0Vlqb9uq
4,公众反馈/举报,"{'1': 0.0, '2': 0.0, '3': 0.0, '4': 1.0}",-0.9,R0R5SlDaJ
3,民生服务,"{'1': 0.0, '2': 0.0, '3': 1.0, '4': 0.0}",0.0,QEVlhrxLk
1,政务发布,"{'1': 1.0, '2': 0.0, '3': 0.0, '4': 0.0}",0.8,QES1xlOml
1,政务发布,"{'1': 1.0, '2': 0.0, '3': 0.0, '4': 0.0}",0.8,QESCxlDhl
2,城市问题,"{'1': 0.0, '2': 1.0, '3': 0.0, '4': 0.0}",-0.5,QE9u48ZLy
1,政务发布,"{'1': 1.0, '2': 0.0, '3': 0.0, '4': 0.0}",-0.8,QESr41hy0
3,民生服务,"{'1': 0.0, '2': 0.0, '3': 1.0, '4': 0.0}",1.0,R017oFITG
1,政务发布,"{'1': 1.0, '2': 0.0, '3': 0.0, '4': 0.0}",1.0,QE3Pblvhe
3,民生服务,"{'1': 0.0, '2': 0.0, '3': 1.0, '4': 0.0}",0.8,QFVzPB99z
1,政务发布,"{'1': 1.0, '2': 0.0, '3': 0.0, '4': 0.0}",0.8,QFX00wcGG
1,政务发布,"{'1': 1.0, '2': 0.0, '3': 0.0, '4': 0.0}",1.0,QFUoWCs6A
4,公众反馈/举报,"{'1': 0.0, '2': 0.3, '3': 0.2, '4': 0.5}",-0.9,QFXhqpTJg
1,政务发布,"{'1': 1.0, '2': 0.0, '3': 0.0, '4': 0.0}",0.9,QFTcWv57n
3,民生服务,"{'1': 0.0, '2': 0.0, '3': 1.0, '4': 0.0}",0.8,QFVzPB99z
3,民生服务,"{'1': 0.0, '2': 0.0, '3': 1.0, '4': 0.0}",0.9,R017oFITG
2,城市问题,"{'1': 0.0, '2': 1.0, '3': 0.0, '4': 0.0}",-0.8,R01jM03uK
1,政务发布,"{'1': 1.0, '2': 0.0, '3': 0.0, '4': 0.0}",0.9,QFUoWCs6A
1,政务发布,"{'1': 0.9, '2': 0.0, '3': 0.1, '4': 0.0}",0.8,QFX00wcGG
4,公众反馈/举报,"{'1': 0.0, '2': 0.5, '3': 0.0, '4': 1.0}",-1.0,QFXhqpTJg
1,政务发布,"{'1': 1.0, '2': 0.0, '3': 0.0, '4': 0.0}",0.9,QFTcWv57n
4,公众反馈/举报,"{'1': 0.0, '2': 0.0, '3': 0.0, '4': 1.0}",-0.8,R01jM03uK
1,政务发布,"{'1': 1.0, '2': 0.0, '3': 0.0, '4': 0.0}",0.8,QE77QzS7L
4,公众反馈/举报,"{'1': 0.2, '2': 0.3, '3': 0.2, '4': 0.3}",-0.9,QE5Z5xqW6
1,政务发布,"{'1': 1.0, '2': 0.0, '3': 0.0, '4': 0.0}",0.9,QE4rLlZjS
1,政务发布,"{'1': 1.0, '2': 0.0, '3': 0.0, '4': 0.0}",1.0,QE5r5ewyv
2,城市问题,"{'1': 0.0, '2': 1.0, '3': 0.0, '4': 0.0}",-0.5,QE7ItA7II
1,政务发布,"{'1': 0.9, '2': 0.0, '3': 0.1, '4': 0.0}",0.8,R0fcctimH
1,政务发布,"{'1': 1.0, '2': 0.0, '3': 0.0, '4': 0.0}",0.3,R0gP0oh0D
3,民生服务,"{'1': 0.0, '2': 0.0, '3': 1.0, '4': 0.0}",0.9,R0hGT01v8
3,民生服务,"{'1': 0.0, '2': 0.0, '3': 1.0, '4': 0.0}",0.8,R0hoIq1EW
1,政务发布,"{'1': 1.0, '2': 0.0, '3': 0.0, '4': 0.0}",0.8,R0fkJ6uCV
4,公众反馈/举报,"{'1': 0.0, '2': 0.3, '3': 0.0, '4': 0.7}",-0.9,R0hmC7sux
1,政务发布,"{'1': 1.0, '2': 0.0, '3': 0.0, '4': 0.0}",0.8,R0hX3e24g
1,政务发布,"{'1': 1.0, '2': 0.0, '3': 0.0, '4': 0.0}",0.5,R0fDtAqCF
1,政务发布,"{'1': 1.0, '2': 0.0, '3': 0.0, '4': 0.0}",1.0,R0hza0szz
1,政务发布,"{'1': 1.0, '2': 0.0, '3': 0.0, '4': 0.0}",1.0,R0fwqvapp
1,政务发布,"{'1': 0.8, '2': 0.0, '3': 0.2, '4': 0.0}",0.6,R0fcctimH
1,政务发布,"{'1': 1.0, '2': 0.0, '3': 0.0, '4': 0.0}",0.9,R0hGT01v8
1,政务发布,"{'1': 1.0, '2': 0.0, '3': 0.0, '4': 0.0}",0.5,R0gP0oh0D
3,民生服务,"{'1': 0.0, '2': 0.0, '3': 1.0, '4': 0.0}",1.0,R0hoIq1EW
1,政务发布,"{'1': 1.0, '2': 0.0, '3': 0.0, '4': 0.0}",0.8,R0fkJ6uCV
1,政务发布,"{'1': 0.9, '2': 0.0, '3': 0.1, '4': 0.0}",0.7,R0fDtAqCF
4,公众反馈/举报,"{'1': 0.0, '2': 0.0, '3': 0.0, '4': 1.0}",-1.0,R0hmC7sux
1,政务发布,"{'1': 1.0, '2': 0.0, '3': 0.0, '4': 0.0}",0.5,R0hX3e24g
1,政务发布,"{'1': 1.0, '2': 0.0, '3': 0.0, '4': 0.0}",0.5,R0hza0szz
1,政务发布,"{'1': 1.0, '2': 0.0, '3': 0.0, '4': 0.0}",0.8,R0fwqvapp
4,公众反馈/举报,"{'1': 0.0, '2': 0.0, '3': 0.0, '4': 1.0}",0.2,QEHKFsOou
2,城市问题,"{'1': 0.0, '2': 1.0, '3': 0.0, '4': 0.0}",0.8,QELzW7Ofn
1,政务发布,"{'1': 1.0, '2': 0.0, '3': 0.0, '4': 0.0}",0.8,R06o9mrCw
4,公众反馈/举报,"{'1': 0.0, '2': 0.0, '3': 0.0, '4': 1.0}",-0.6,QEH42xId0
3,民生服务,"{'1': 0.0, '2': 0.0, '3': 1.0, '4': 0.0}",0.8,QEKMJ0xZP
3,民生服务,"{'1': 0.0, '2': 0.0, '3': 1.0, '4': 0.0}",0.6,R07WofQZV
4,公众反馈/举报,"{'1': 0.0, '2': 0.2, '3': 0.1, '4': 0.7}",-0.9,R04aRnyZ7
3,民生服务,"{'1': 0.0, '2': 0.0, '3': 1.0, '4': 0.0}",0.9,R08ka0U1U
2,城市问题,"{'1': 0.0, '2': 1.0, '3': 0.0, '4': 0.0}",-0.8,R07PM58kG
1,政务发布,"{'1': 1.0, '2': 0.0, '3': 0.0, '4': 0.0}",0.0,R092BxX8Z
1,政务发布,"{'1': 1.0, '2': 0.0, '3': 0.0, '4': 0.0}",0.8,R05JCuwao
1,政务发布,"{'1': 1.0, '2': 0.0, '3': 0.0, '4': 0.0}",0.0,R06i7u74n
2,城市问题,"{'1': 0.0, '2': 0.8, '3': 0.1, '4': 0.1}",-0.3,R08Reuewj
4,公众反馈/举报,"{'1': 0.0, '2': 0.2, '3': 0.0, '4': 0.8}",-0.9,QFmCjqeot
1,政务发布,"{'1': 1.0, '2': 0.0, '3': 0.0, '4': 0.0}",1.0,QFkY4dKto
4,公众反馈/举报,"{'1': 0.0, '2': 0.0, '3': 0.0, '4': 1.0}",-0.8,QFkTYBdkU
1,政务发布,"{'1': 1.0, '2': 0.0, '3': 0.0, '4': 0.0}",0.8,QFkwexc6q
4,公众反馈/举报,"{'1': 0.0, '2': 0.0, '3': 0.0, '4': 1.0}",-0.5,QFlF6t0Mz
1,政务发布,"{'1': 1.0, '2': 0.0, '3': 0.0, '4': 0.0}",0.2,QFkLUDWJg
1,政务发布,"{'1': 1.0, '2': 0.0, '3': 0.0, '4': 0.0}",0.8,QFkIG45eO
1,政务发布,"{'1': 1.0, '2': 0.0, '3': 0.0, '4': 0.0}",0.0,QFkil30e7
1,政务发布,"{'1': 1.0, '2': 0.0, '3': 0.0, '4': 0.0}",0.9,QFm1BvbBg
4,公众反馈/举报,"{'1': 0.0, '2': 0.0, '3': 0.0, '4': 1.0}",0.0,QFmsC1iOl
4,公众反馈/举报,"{'1': 0.0, '2': 0.0, '3': 0.0, '4': 1.0}",-1.0,QFlF9BkRv
3,民生服务,"{'1': 0.0, '2': 0.0, '3': 1.0, '4': 0.0}",1.0,QFiw4nJd6
3,民生服务,"{'1': 0.0, '2': 0.0, '3': 1.0, '4': 0.0}",0.8,QDYrWl4q9
1,政务发布,"{'1': 1.0, '2': 0.0, '3': 0.0, '4': 0.0}",0.9,QDWkckuva
1,政务发布,"{'1': 1.0, '2': 0.0, '3': 0.0, '4': 0.0}",0.8,QDXTs5Vxh
4,公众反馈/举报,"{'1': 0.0, '2': 0.0, '3': 0.0, '4': 1.0}",0.8,QDYbZbzyy
1,政务发布,"{'1': 0.8, '2': 0.0, '3': 0.0, '4': 0.2}",0.8,QE0bdoV8l
4,公众反馈/举报,"{'1': 0.0, '2': 0.0, '3': 0.2, '4': 0.8}",-0.3,QDVSVdnPe
4,公众反馈/举报,"{'1': 0.0, '2': 0.0, '3': 0.0, '4': 1.0}",0.0,QDXRXBsdl
1,政务发布,"{'1': 1.0, '2': 0.0, '3': 0.0, '4': 0.0}",0.8,R1v4kwbef
3,民生服务,"{'1': 0.0, '2': 0.0, '3': 1.0, '4': 0.0}",0.9,R1v9J5wIG
1,政务发布,"{'1': 1.0, '2': 0.0, '3': 0.0, '4': 0.0}",0.8,R1uCMzvXl
1,政务发布,"{'1': 1.0, '2': 0.0, '3': 0.0, '4': 0.0}",0.0,R1uIRwRIw
4,公众反馈/举报,"{'1': 0.0, '2': 0.3, '3': 0.0, '4': 0.7}",-0.9,R1tD6nrsK
4,公众反馈/举报,"{'1': 0.0, '2': 0.3, '3': 0.0, '4': 0.7}",-0.8,QERqgzJQR
4,公众反馈/举报,"{'1': 0.0, '2': 0.0, '3': 0.0, '4': 1.0}",0.0,QESfpnzse
1,政务发布,"{'1': 1.0, '2': 0.0, '3': 0.0, '4': 0.0}",0.0,QERxgvyNv
1,政务发布,"{'1': 1.0, '2': 0.0, '3': 0.0, '4': 0.0}",0.9,QESp8bTz7
4,公众反馈/举报,"{'1': 0.0, '2': 0.0, '3': 0.0, '4': 1.0}",-0.2,R04BWoVcC
1,政务发布,"{'1': 1.0, '2': 0.0, '3': 0.0, '4': 0.0}",0.8,R05tkmc84
4,公众反馈/举报,"{'1': 0.0, '2': 0.0, '3': 0.0, '4': 1.0}",0.5,QF9aFCO1Y
3,民生服务,"{'1': 0.0, '2': 0.0, '3': 1.0, '4': 0.0}",-0.2,R0b2Nopb5
4,公众反馈/举报,"{'1': 0.0, '2': 0.0, '3': 0.1, '4': 0.9}",-0.3,QF95nmxxb
1,政务发布,"{'1': 1.0, '2': 0.0, '3': 0.0, '4': 0.0}",0.8,QF90foqS3
4,公众反馈/举报,"{'1': 0.0, '2': 0.0, '3': 0.0, '4': 1.0}",0.5,QEFZjFqCZ
3,民生服务,"{'1': 0.0, '2': 0.0, '3': 1.0, '4': 0.0}",0.2,QEKEM8KA8
4,公众反馈/举报,"{'1': 0.0, '2': 0.0, '3': 0.0, '4': 1.0}",0.5,QEL3ll19U
4,公众反馈/举报,"{'1': 0.0, '2': 0.0, '3': 0.0, '4': 1.0}",0.0,QEIORtIWM
4,公众反馈/举报,"{'1': 0.1, '2': 0.0, '3': 0.0, '4': 0.9}",0.5,QDZQc4zMA
4,公众反馈/举报,"{'1': 0.0, '2': 0.0, '3': 0.0, '4': 1.0}",-0.3,QDYq05h5j
4,公众反馈/举报,"{'1': 0.0, '2': 0.0, '3': 0.0, '4': 1.0}",0.5,QDYlS5Ynk
1,政务发布,"{'1': 1.0, '2': 0.0, '3': 0.0, '4': 0.0}",0.0,QDZHLhCJF
3,民生服务,"{'1': 0.0, '2': 0.0, '3': 1.0, '4': 0.0}",0.8,QDVZ1tghl
1,政务发布,"{'1': 1.0, '2': 0.0, '3': 0.0, '4': 0.0}",0.8,R2eFquGdW
1,政务发布,"{'1': 1.0, '2': 0.0, '3': 0.0, '4': 0.0}",1.0,R07RhpiN7
1,政务发布,"{'1': 1.0, '2': 0.0, '3': 0.0, '4': 0.0}",0.8,R05SGx9LC
4,公众反馈/举报,"{'1': 0.0, '2': 0.0, '3': 0.0, '4': 1.0}",0.0,R05TLwf2j
1,政务发布,"{'1': 1.0, '2': 0.0, '3': 0.0, '4': 0.0}",0.8,R05GPdnZV
1,政务发布,"{'1': 1.0, '2': 0.0, '3': 0.0, '4': 0.0}",0.9,R07PiFTBH
1,政务发布,"{'1': 1.0, '2': 0.0, '3': 0.0, '4': 0.0}",0.8,R08RihuCM
1,政务发布,"{'1': 0.9, '2': 0.0, '3': 0.1, '4': 0.0}",0.7,R091GgLYJ
3,民生服务,"{'1': 0.1, '2': 0.1, '3': 0.8, '4': 0.0}",0.9,QFTM4dmHh
4,公众反馈/举报,"{'1': 0.0, '2': 0.0, '3': 0.0, '4': 1.0}",-0.7,R07AProJh
3,民生服务,"{'1': 0.2, '2': 0.0, '3': 0.8, '4': 0.0}",0.9,QFUIiAWFl
1,政务发布,"{'1': 1.0, '2': 0.0, '3': 0.0, '4': 0.0}",0.8,QFTNtvc9J
1,政务发布,"{'1': 1.0, '2': 0.0, '3': 0.0, '4': 0.0}",0.0,R01rdldlS
1,政务发布,"{'1': 1.0, '2': 0.0, '3': 0.0, '4': 0.0}",0.0,QFWDjkYy4
4,公众反馈/举报,"{'1': 0.0, '2': 0.0, '3': 0.0, '4': 1.0}",-0.6,R0046kLuX
1,政务发布,"{'1': 1.0, '2': 0.0, '3': 0.0, '4': 0.0}",0.8,QFWHyCXCd
1,政务发布,"{'1': 1.0, '2': 0.0, '3': 0.0, '4': 0.0}",1.0,QFWSg4d7t
1,政务发布,"{'1': 1.0, '2': 0.0, '3': 0.0, '4': 0.0}",0.0,QFWtgEiIM
1,政务发布,"{'1': 1.0, '2': 0.0, '3': 0.0, '4': 0.0}",0.9,QFUIiAWFl
1,政务发布,"{'1': 1.0, '2': 0.0, '3': 0.0, '4': 0.0}",0.5,QFTM4dmHh
1,政务发布,"{'1': 1.0, '2': 0.0, '3': 0.0, '4': 0.0}",0.6,QFTNtvc9J
1,政务发布,"{'1': 1.0, '2': 0.0, '3': 0.0, '4': 0.0}",0.0,R01rdldlS
4,公众反馈/举报,"{'1': 0.0, '2': 0.0, '3': 0.0, '4': 1.0}",-0.3,R0046kLuX
1,政务发布,"{'1': 1.0, '2': 0.0, '3': 0.0, '4': 0.0}",0.3,QFWDjkYy4
1,政务发布,"{'1': 1.0, '2': 0.0, '3': 0.0, '4': 0.0}",0.8,QFWHyCXCd
1,政务发布,"{'1': 1.0, '2': 0.0, '3': 0.0, '4': 0.0}",1.0,QFWSg4d7t
4,公众反馈/举报,"{'1': 0.0, '2': 0.0, '3': 0.0, '4': 1.0}",0.2,R1ur4y5ch
1,政务发布,"{'1': 1.0, '2': 0.0, '3': 0.0, '4': 0.0}",0.0,QFWtgEiIM
1,政务发布,"{'1': 1.0, '2': 0.0, '3': 0.0, '4': 0.0}",0.8,R1tXxzj1Y
4,公众反馈/举报,"{'1': 0.0, '2': 0.7, '3': 0.0, '4': 1.0}",-1.0,R1vWm8Gsr
1,政务发布,"{'1': 1.0, '2': 0.0, '3': 0.0, '4': 0.0}",0.5,R1wEWsfdF
4,公众反馈/举报,"{'1': 0.1, '2': 0.0, '3': 0.2, '4': 0.7}",0.0,QEnJgEXP0
3,民生服务,"{'1': 0.0, '2': 0.0, '3': 1.0, '4': 0.0}",0.9,QEpxmhmBo
3,民生服务,"{'1': 0.0, '2': 0.0, '3': 1.0, '4': 0.0}",0.0,QEsRisS15
3,民生服务,"{'1': 0.0, '2': 0.0, '3': 1.0, '4': 0.0}",0.8,QEsqzreyA
4,公众反馈/举报,"{'1': 0.0, '2': 0.0, '3': 0.0, '4': 1.0}",0.0,R15MJmKu6
1,政务发布,"{'1': 1.0, '2': 0.0, '3': 0.0, '4': 0.0}",0.4,R148viTKO
1,政务发布,"{'1': 1.0, '2': 0.0, '3': 0.0, '4': 0.0}",0.9,R12M99KBo
1,政务发布,"{'1': 1.0, '2': 0.0, '3': 0.0, '4': 0.0}",1.0,R12mN25dz
1,政务发布,"{'1': 1.0, '2': 0.0, '3': 0.0, '4': 0.0}",0.9,R14BeBSaT
2,城市问题,"{'1': 0.0, '2': 1.0, '3': 0.0, '4': 0.0}",-0.6,R0gA0nUMX
1,政务发布,"{'1': 1.0, '2': 0.0, '3': 0.0, '4': 0.0}",0.0,R0fhcnbE3
1,政务发布,"{'1': 1.0, '2': 0.0, '3': 0.0, '4': 0.0}",0.8,R0hX47gFL
1,政务发布,"{'1': 1.0, '2': 0.0, '3': 0.0, '4': 0.0}",1.0,R0gxayLKW
4,公众反馈/举报,"{'1': 0.0, '2': 0.0, '3': 0.0, '4': 1.0}",-0.9,R0fzyFBN7
1,政务发布,"{'1': 1.0, '2': 0.0, '3': 0.0, '4': 0.0}",0.0,R0fhcnbE3
2,城市问题,"{'1': 0.0, '2': 1.0, '3': 0.0, '4': 0.0}",-0.8,R0gA0nUMX
1,政务发布,"{'1': 1.0, '2': 0.0, '3': 0.0, '4': 0.0}",0.9,R0hX47gFL
1,政务发布,"{'1': 1.0, '2': 0.0, '3': 0.0, '4': 0.0}",0.5,R0W6KuHyz
4,公众反馈/举报,"{'1': 0.0, '2': 0.0, '3': 0.0, '4': 1.0}",-1.0,R0fzyFBN7
1,政务发布,"{'1': 1.0, '2': 0.0, '3': 0.0, '4': 0.0}",0.9,R0gxayLKW
4,公众反馈/举报,"{'1': 0.0, '2': 0.0, '3': 0.0, '4': 1.0}",0.9,R0WtkESqS
4,公众反馈/举报,"{'1': 0.0, '2': 0.0, '3': 0.0, '4': 1.0}",0.0,R0Vh5jrvf
1,政务发布,"{'1': 1.0, '2': 0.0, '3': 0.0, '4': 0.0}",0.5,R0UATEQZB
4,公众反馈/举报,"{'1': 0.0, '2': 0.0, '3': 0.0, '4': 1.0}",0.6,R1soZe9W4
3,民生服务,"{'1': 0.0, '2': 0.0, '3': 1.0, '4': 0.0}",0.0,R0VjoB0Oz
1,政务发布,"{'1': 1.0, '2': 0.0, '3': 0.0, '4': 0.0}",0.9,R1srhCuNX
4,公众反馈/举报,"{'1': 0.0, '2': 0.0, '3': 0.0, '4': 1.0}",-1.0,QFWVMisv5
4,公众反馈/举报,"{'1': 0.0, '2': 0.0, '3': 0.0, '4': 1.0}",-0.8,R1sdIr3Km
4,公众反馈/举报,"{'1': 0.0, '2': 0.0, '3': 0.0, '4': 1.0}",-1.0,QFSpu7yCa
1,政务发布,"{'1': 1.0, '2': 0.0, '3': 0.0, '4': 0.0}",0.8,R1v0KlS47
1,政务发布,"{'1': 0.8, '2': 0.0, '3': 0.2, '4': 0.0}",0.9,QFTRL7ZI0
4,公众反馈/举报,"{'1': 0.0, '2': 0.0, '3': 0.0, '4': 1.0}",-0.9,QFWVMisv5
4,公众反馈/举报,"{'1': 0.0, '2': 0.0, '3': 0.0, '4': 1.0}",0.0,R00NkhjMz
2,城市问题,"{'1': 0.0, '2': 0.9, '3': 0.0, '4': 0.1}",-0.8,QFX9ZzwyT
3,民生服务,"{'1': 0.1, '2': 0.0, '3': 0.9, '4': 0.0}",0.8,QFTRL7ZI0
4,公众反馈/举报,"{'1': 0.0, '2': 0.0, '3': 0.0, '4': 1.0}",-1.0,QFSpu7yCa
4,公众反馈/举报,"{'1': 0.0, '2': 0.0, '3': 0.0, '4': 1.0}",-0.3,R00NkhjMz
4,公众反馈/举报,"{'1': 0.0, '2': 0.0, '3': 0.0, '4': 1.0}",-0.5,QFAYtmsY3
4,公众反馈/举报,"{'1': 0.0, '2': 0.3, '3': 0.1, '4': 0.6}",-0.8,QFX9ZzwyT
1,政务发布,"{'1': 1.0, '2': 0.0, '3': 0.0, '4': 0.0}",0.0,R0U8ojCND
4,公众反馈/举报,"{'1': 0.0, '2': 0.0, '3': 0.0, '4': 1.0}",0.0,R0RBtaJqB
1,政务发布,"{'1': 1.0, '2': 0.0, '3': 0.0, '4': 0.0}",0.8,R0T01iNjp
3,民生服务,{'3': 1.0},0.8,R07z4wVQ3
1,政务发布,"{'1': 0.9, '2': 0.0, '3': 0.1, '4': 0.0}",0.8,R05RQ9ERy
1,政务发布,"{'1': 1.0, '2': 0.0, '3': 0.0, '4': 0.0}",0.0,R069qr29D
1,政务发布,"{'1': 1.0, '2': 0.0, '3': 0.0, '4': 0.0}",0.9,R05tCFhWq
4,公众反馈/举报,"{'1': 0.0, '2': 0.1, '3': 0.0, '4': 1.0}",-0.6,R06I2bdl1
1,政务发布,"{'1': 1.0, '2': 0.0, '3': 0.0, '4': 0.0}",0.8,R081IvNqJ
1,政务发布,"{'1': 1.0, '2': 0.0, '3': 0.0, '4': 0.0}",0.9,R05TM7Ra5
1,政务发布,"{'1': 1.0, '2': 0.0, '3': 0.0, '4': 0.0}",1.0,R09eY6K9K
2,城市问题,"{'1': 0.0, '2': 1.0, '3': 0.0, '4': 0.0}",-0.2,R07OemQQ5
4,公众反馈/举报,"{'1': 0.0, '2': 0.0, '3': 0.0, '4': 1.0}",1.0,R1cFLt417
1,政务发布,"{'1': 1.0, '2': 0.0, '3': 0.0, '4': 0.0}",0.8,R19H3AUnR
1,政务发布,"{'1': 1.0, '2': 0.0, '3': 0.0, '4': 0.0}",0.9,R1a0nBVQC
4,公众反馈/举报,"{'1': 0.0, '2': 0.0, '3': 0.0, '4': 1.0}",-0.5,QF3D8mIoT
4,公众反馈/举报,"{'1': 0.0, '2': 0.0, '3': 0.0, '4': 1.0}",0.8,R19FxpHCr
4,公众反馈/举报,"{'1': 0.0, '2': 0.3, '3': 0.0, '4': 0.7}",-0.8,R2fWkgoxU
1,政务发布,"{'1': 1.0, '2': 0.0, '3': 0.0, '4': 0.0}",0.7,R2evSn07d
4,公众反馈/举报,"{'1': 0.0, '2': 0.0, '3': 0.0, '4': 1.0}",0.0,R2fc0tHLn
3,民生服务,"{'1': 0.0, '2': 0.0, '3': 1.0, '4': 0.0}",0.7,QEz5z0qj9
1,政务发布,"{'1': 1.0, '2': 0.0, '3': 0.0, '4': 0.0}",0.8,QEwzOkz2b
1,政务发布,"{'1': 1.0, '2': 0.0, '3': 0.0, '4': 0.0}",0.5,QEz5F9lbd
1,政务发布,"{'1': 1.0, '2': 0.0, '3': 0.0, '4': 0.0}",0.8,QEz2UFnVI
1,政务发布,"{'1': 1.0, '2': 0.0, '3': 0.0, '4': 0.0}",0.9,QEz3qjIza
1,政务发布,"{'1': 1.0, '2': 0.0, '3': 0.0, '4': 0.0}",0.8,QF2zvmK8d
1,政务发布,"{'1': 1.0, '2': 0.0, '3': 0.0, '4': 0.0}",0.8,QF10dpwJm
3,民生服务,"{'1': 0.0, '2': 0.0, '3': 1.0, '4': 0.0}",0.7,QF28DnH8M
1,政务发布,"{'1': 1.0, '2': 0.0, '3': 0.0, '4': 0.0}",0.8,QF23ElWjp
4,公众反馈/举报,"{'1': 0.0, '2': 0.0, '3': 0.0, '4': 1.0}",0.0,QERjgmiCN
3,民生服务,"{'1': 0.0, '2': 0.0, '3': 1.0, '4': 0.0}",0.0,QES5ZtZzr
3,民生服务,"{'1': 0.0, '2': 0.0, '3': 1.0, '4': 0.0}",0.9,QES0BqN8g
1,政务发布,"{'1': 1.0, '2': 0.0, '3': 0.0, '4': 0.0}",0.8,QEQrOzyZ5
1,政务发布,"{'1': 1.0, '2': 0.0, '3': 0.0, '4': 0.0}",0.8,QFsj6hIub
3,民生服务,"{'1': 0.0, '2': 0.2, '3': 0.8, '4': 0.0}",0.5,R2iT1m9t5
1,政务发布,"{'1': 1.0, '2': 0.0, '3': 0.0, '4': 0.0}",0.0,R2i7HqMG8
4,公众反馈/举报,"{'1': 0.0, '2': 0.0, '3': 0.0, '4': 1.0}",-1.0,R2grgb063
4,公众反馈/举报,"{'1': 0.0, '2': 0.0, '3': 0.0, '4': 1.0}",-0.8,R2hoQ2iHE
3,民生服务,"{'1': 0.0, '2': 0.0, '3': 1.0, '4': 0.0}",0.9,R2g4Tqfo0
4,公众反馈/举报,"{'1': 0.0, '2': 0.0, '3': 0.0, '4': 1.0}",-1.0,R0y5Cj2CV
2,城市问题,"{'1': 0.0, '2': 1.0, '3': 0.0, '4': 0.0}",0.5,R0y5Nr9MF
3,民生服务,"{'1': 0.0, '2': 0.0, '3': 1.0, '4': 0.0}",0.9,QERRO2HRc
4,公众反馈/举报,"{'1': 0.0, '2': 0.0, '3': 0.0, '4': 1.0}",0.0,QEUC6toIU
1,政务发布,"{'1': 0.9, '2': 0.0, '3': 0.0, '4': 0.1}",0.8,QESgdgB4H
4,公众反馈/举报,"{'1': 0.0, '2': 0.0, '3': 0.0, '4': 1.0}",-1.0,QElBtgEMG
1,政务发布,"{'1': 1.0, '2': 0.0, '3': 0.0, '4': 0.0}",0.0,QEny10JMR
4,公众反馈/举报,"{'1': 0.0, '2': 0.2, '3': 0.1, '4': 0.7}",-0.8,QEpsAv6aA
4,公众反馈/举报,"{'1': 0.0, '2': 0.0, '3': 0.0, '4': 1.0}",0.8,QElC04IP2
1,政务发布,"{'1': 1.0, '2': 0.0, '3': 0.0, '4': 0.0}",0.8,QFmhH2WE0
4,公众反馈/举报,"{'1': 0.0, '2': 0.0, '3': 0.0, '4': 1.0}",-0.6,QFnxCmIFS
4,公众反馈/举报,"{'1': 0.0, '2': 0.0, '3': 0.0, '4': 1.0}",0.6,QFmpceERc
3,民生服务,"{'1': 0.0, '2': 0.0, '3': 1.0, '4': 0.0}",0.6,QFkBxA6oO
1,政务发布,"{'1': 1.0, '2': 0.0, '3': 0.0, '4': 0.0}",0.8,QFmUv1aez
1,政务发布,"{'1': 1.0, '2': 0.0, '3': 0.0, '4': 0.0}",0.9,QFlkRd0CE
1,政务发布,"{'1': 1.0, '2': 0.0, '3': 0.0, '4': 0.0}",0.8,QFk9lvC3u
1,政务发布,"{'1': 1.0, '2': 0.0, '3': 0.0, '4': 0.0}",0.8,QEdReab66
4,公众反馈/举报,"{'1': 0.0, '2': 0.0, '3': 0.0, '4': 1.0}",-0.5,QEdLIdMP6
1,政务发布,"{'1': 1.0, '2': 0.0, '3': 0.0, '4': 0.0}",0.5,QEe0OjKXf
4,公众反馈/举报,"{'1': 0.0, '2': 0.0, '3': 0.0, '4': 1.0}",0.0,QEjiQo1pm
4,公众反馈/举报,"{'1': 0.0, '2': 0.0, '3': 0.0, '4': 1.0}",-0.8,QEeODtEoB
4,公众反馈/举报,"{'1': 0.0, '2': 0.1, '3': 0.0, '4': 0.9}",-1.0,QEeHyeP9m
4,公众反馈/举报,"{'1': 0.0, '2': 0.2, '3': 0.0, '4': 0.8}",-0.8,QEbFE9zYf
4,公众反馈/举报,"{'1': 0.0, '2': 0.0, '3': 0.0, '4': 1.0}",0.0,QEeqt3rxW
1,政务发布,"{'1': 1.0, '2': 0.0, '3': 0.0, '4': 0.0}",0.7,QEf0QbMmD
1,政务发布,"{'1': 1.0, '2': 0.0, '3': 0.0, '4': 0.0}",0.3,QEgctwKnY
1,政务发布,"{'1': 1.0, '2': 0.0, '3': 0.0, '4': 0.0}",0.8,QEgWgBYaX
3,民生服务,"{'1': 0.0, '2': 0.0, '3': 1.0, '4': 0.0}",0.9,R2j1Dkx3I
4,公众反馈/举报,"{'1': 0.0, '2': 0.0, '3': 0.0, '4': 1.0}",0.0,R2hpKsrzz
1,政务发布,"{'1': 0.8, '2': 0.0, '3': 0.2, '4': 0.0}",0.9,R2gD8bUGp
3,民生服务,"{'1': 0.0, '2': 0.0, '3': 1.0, '4': 0.0}",0.8,R2gHUxmrn
4,公众反馈/举报,"{'1': 0.0, '2': 0.0, '3': 0.0, '4': 1.0}",0.0,R2gs1EOeY
1,政务发布,"{'1': 1.0, '2': 0.0, '3': 0.0, '4': 0.0}",0.8,R2e3o4TlH
1,政务发布,"{'1': 1.0, '2': 0.0, '3': 0.0, '4': 0.0}",0.8,R2gp4EHDZ
1,政务发布,"{'1': 1.0, '2': 0.0, '3': 0.0, '4': 0.0}",0.0,R0Wt9hlwm
4,公众反馈/举报,"{'1': 0.0, '2': 0.0, '3': 0.0, '4': 1.0}",0.0,R0ThqFfR2
1,政务发布,"{'1': 1.0, '2': 0.0, '3': 0.0, '4': 0.0}",0.8,R0VlB7baU
2,城市问题,"{'1': 0.0, '2': 1.0, '3': 0.0, '4': 0.0}",-0.5,R0UosFcQO
2,城市问题,"{'1': 0.0, '2': 1.0, '3': 0.0, '4': 0.0}",-0.6,R0Ub5dwWW
4,公众反馈/举报,"{'1': 0.0, '2': 0.2, '3': 0.0, '4': 0.8}",-0.9,R0Uo1fStH
2,城市问题,"{'1': 0.0, '2': 0.0, '3': 0.0, '4': 0.0}",0.5,R0U7425em
4,公众反馈/举报,"{'1': 0.1, '2': 0.2, '3': 0.1, '4': 0.6}",0.0,QEBkXv4aW
3,民生服务,"{'1': 0.2, '2': 0.0, '3': 0.8, '4': 0.0}",0.2,R0VqJmQnt
4,公众反馈/举报,"{'1': 0.0, '2': 0.0, '3': 0.0, '4': 1.0}",0.0,QEAvPngS2
1,政务发布,"{'1': 1.0, '2': 0.0, '3': 0.0, '4': 0.0}",0.8,QEzlAjbqx
4,公众反馈/举报,"{'1': 0.0, '2': 0.0, '3': 0.0, '4': 1.0}",-0.5,R1q8rzQtV
3,民生服务,"{'1': 0.2, '2': 0.0, '3': 0.8, '4': 0.0}",1.0,QEyZQyHRD
3,民生服务,"{'1': 0.2, '2': 0.1, '3': 0.7, '4': 0.0}",0.8,QEAda0erm
3,民生服务,"{'1': 0.0, '2': 0.0, '3': 1.0, '4': 0.0}",0.8,QEAq4xFJy
3,民生服务,"{'1': 0.0, '2': 0.0, '3': 1.0, '4': 0.0}",0.0,QEzyjFdAV
1,政务发布,"{'1': 1.0, '2': 0.0, '3': 0.0, '4': 0.0}",1.0,QEySQfMbH
4,公众反馈/举报,"{'1': 0.0, '2': 0.0, '3': 0.0, '4': 1.0}",-1.0,R0YUB8smR
4,公众反馈/举报,"{'1': 0.0, '2': 0.2, '3': 0.0, '4': 1.0}",-0.9,R11Veb5qw
3,民生服务,"{'1': 0.0, '2': 0.0, '3': 1.0, '4': 0.0}",0.0,R12jZkjfc
4,公众反馈/举报,"{'1': 0.0, '2': 0.0, '3': 0.0, '4': 1.0}",-1.0,QEv6aaLx2
1,政务发布,"{'1': 1.0, '2': 0.0, '3': 0.0, '4': 0.0}",0.8,QExE8oAeS
3,民生服务,"{'1': 0.0, '2': 0.0, '3': 1.0, '4': 0.0}",0.8,QExGHEFns
1,政务发布,"{'1': 1.0, '2': 0.0, '3': 0.0, '4': 0.0}",0.0,QEBfzdz4X
4,公众反馈/举报,"{'1': 0.0, '2': 0.0, '3': 0.0, '4': 1.0}",-0.8,QExPtddYK
1,政务发布,"{'1': 1.0, '2': 0.0, '3': 0.0, '4': 0.0}",0.8,QEzriali6
4,公众反馈/举报,"{'1': 0.0, '2': 0.0, '3': 0.0, '4': 1.0}",0.0,QEAbbAB6Z
4,公众反馈/举报,"{'1': 0.0, '2': 0.0, '3': 0.0, '4': 1.0}",0.8,QEA1N35TC
4,公众反馈/举报,"{'1': 0.0, '2': 0.0, '3': 0.0, '4': 1.0}",-1.0,R27awcm71
4,公众反馈/举报,"{'1': 0.0, '2': 0.2, '3': 0.3, '4': 0.5}",-0.6,R0y4J3Jth
4,公众反馈/举报,"{'1': 0.0, '2': 0.0, '3': 0.0, '4': 1.0}",0.9,R0wFSA7e1
4,公众反馈/举报,"{'1': 0.0, '2': 0.0, '3': 0.0, '4': 1.0}",-0.3,R0ydAdYMb
3,民生服务,"{'1': 0.0, '2': 0.0, '3': 1.0, '4': 0.0}",0.0,R0ufNvfMO
4,公众反馈/举报,"{'1': 0.0, '2': 0.0, '3': 0.0, '4': 1.0}",-1.0,QFWmyjB3C
4,公众反馈/举报,"{'1': 0.0, '2': 0.0, '3': 0.0, '4': 1.0}",-0.5,QFXa8c4EZ
4,公众反馈/举报,"{'1': 0.0, '2': 0.0, '3': 0.0, '4': 1.0}",0.2,QFXgudh5z
4,公众反馈/举报,"{'1': 0.0, '2': 1.0, '3': 0.0, '4': 0.0}",-0.9,R00WFg77H
0,无效内容,"{'1': 0.0, '2': 0.0, '3': 0.0, '4': 0.0}",0.0,QFVivg5r6
3,民生服务,"{'1': 0.8, '2': 0.0, '3': 1.0, '4': 0.0}",0.8,R01amfgqd
4,公众反馈/举报,"{'1': 0.0, '2': 0.0, '3': 0.0, '4': 1.0}",0.0,R00zW5cRi
1,政务发布,"{'1': 1.0, '2': 0.0, '3': 0.0, '4': 0.0}",1.0,QFUFYlIBl
4,公众反馈/举报,"{'1': 0.0, '2': 0.0, '3': 0.0, '4': 1.0}",-1.0,R00WFg77H
4,公众反馈/举报,"{'1': 0.0, '2': 0.0, '3': 0.0, '4': 1.0}",-0.5,R00zW5cRi
1,政务发布,"{'1': 1.0, '2': 0.0, '3': 0.0, '4': 0.0}",0.5,R01amfgqd
4,公众反馈/举报,"{'1': 0.0, '2': 0.0, '3': 0.0, '4': 1.0}",-0.5,QFVivg5r6
1,政务发布,"{'1': 1.0, '2': 0.0, '3': 0.0, '4': 0.0}",1.0,QFUFYlIBl
1,政务发布,"{'1': 1.0, '2': 0.0, '3': 0.0, '4': 0.0}",0.8,R1EGAfmHi
1,政务发布,"{'1': 1.0, '2': 0.0, '3': 0.0, '4': 0.0}",0.8,R1EyTCzKa
4,公众反馈/举报,"{'1': 0.0, '2': 0.3, '3': 0.0, '4': 0.7}",-0.8,R1lU1tvRS
3,民生服务,"{'1': 0.0, '2': 0.0, '3': 1.0, '4': 0.0}",0.9,R1CrNB2Uk
2,城市问题,"{'1': 0.0, '2': 0.6, '3': 0.0, '4': 0.4}",-0.5,R1oCx5NSA
1,政务发布,"{'1': 1.0, '2': 0.0, '3': 0.0, '4': 0.0}",0.5,R1kT9CcMZ
1,政务发布,"{'1': 1.0, '2': 0.0, '3': 0.0, '4': 0.0}",0.2,R1jWdkF7B
1,政务发布,"{'1': 1.0, '2': 0.0, '3': 0.0, '4': 0.0}",0.0,R1je8ki8u
1,政务发布,"{'1': 1.0, '2': 0.0, '3': 0.0, '4': 0.0}",0.8,R1lGv7Hht
4,公众反馈/举报,"{'1': 0.0, '2': 0.2, '3': 0.0, '4': 0.8}",-0.9,R1lJ3A3ea
1,政务发布,"{'1': 1.0, '2': 0.0, '3': 0.0, '4': 0.0}",0.8,QFl0m56aC
4,公众反馈/举报,"{'1': 0.0, '2': 0.2, '3': 0.1, '4': 0.7}",-0.2,R0Iw35gEK
1,政务发布,"{'1': 1.0, '2': 0.0, '3': 0.0, '4': 0.0}",0.0,QFmN5wCXl
4,公众反馈/举报,"{'1': 0.0, '2': 0.0, '3': 0.0, '4': 1.0}",0.9,QFnzJeJP3
1,政务发布,"{'1': 1.0, '2': 0.0, '3': 0.0, '4': 0.0}",0.8,QFk28eLzQ
3,民生服务,"{'1': 0.0, '2': 0.0, '3': 1.0, '4': 0.0}",0.8,QFkhqnd4l
2,城市问题,"{'1': 0.0, '2': 1.0, '3': 0.0, '4': 0.0}",-0.3,QFlJSwScX
1,政务发布,"{'1': 1.0, '2': 0.0, '3': 0.0, '4': 0.0}",1.0,QFexSsyoh
4,公众反馈/举报,"{'1': 0.0, '2': 0.0, '3': 0.0, '4': 1.0}",-0.8,QFmxvdUbQ
3,民生服务,"{'1': 0.0, '2': 0.0, '3': 1.0, '4': 0.0}",0.0,QFmT9oDzS
1,政务发布,"{'1': 1.0, '2': 0.0, '3': 0.0, '4': 0.0}",0.0,QFkSre4xB
4,公众反馈/举报,"{'1': 0.0, '2': 0.0, '3': 0.0, '4': 1.0}",0.0,R1m7Jz6IU
1,政务发布,"{'1': 1.0, '2': 0.0, '3': 0.0, '4': 0.0}",0.9,R1lWS9HQn
1,政务发布,"{'1': 1.0, '2': 0.0, '3': 0.0, '4': 0.0}",0.5,R0Rni11LJ
4,公众反馈/举报,"{'4': 1.0, '1': 0.0, '2': 0.0, '3': 0.0}",-0.8,R1m9x2GHb
4,公众反馈/举报,"{'1': 0.0, '2': 0.0, '3': 0.0, '4': 1.0}",0.0,R0VcDdsCt
1,政务发布,"{'1': 1.0, '2': 0.0, '3': 0.0, '4': 0.0}",0.9,R0Tw7tgPg
4,公众反馈/举报,"{'1': 0.0, '2': 1.0, '3': 0.2, '4': 1.0}",-0.8,R0QZeexfo
4,公众反馈/举报,"{'1': 0.0, '2': 0.0, '3': 0.0, '4': 1.0}",0.0,R0T6PgzKL
4,公众反馈/举报,"{'1': 0.0, '2': 0.0, '3': 0.0, '4': 1.0}",-1.0,R0UnD29sM
4,公众反馈/举报,"{'1': 0.0, '2': 0.0, '3': 0.0, '4': 1.0}",-1.0,R0Rep3dR7
1,政务发布,"{'1': 1.0, '2': 0.0, '3': 0.0, '4': 0.0}",0.8,R2iAB5ulX
4,公众反馈/举报,"{'1': 0.0, '2': 0.0, '3': 0.0, '4': 1.0}",-1.0,R2hFn9hAv
4,公众反馈/举报,"{'1': 0.0, '2': 0.0, '3': 0.0, '4': 1.0}",-1.0,R2gAu6xB5
1,政务发布,"{'1': 1.0, '2': 0.0, '3': 0.0, '4': 0.0}",0.9,R2g0YbCwI
4,公众反馈/举报,"{'1': 0.0, '2': 0.9, '3': 0.0, '4': 1.0}",-0.8,R2hdlEzop
4,公众反馈/举报,"{'1': 0.0, '2': 0.2, '3': 0.0, '4': 0.8}",-0.9,R2gqggD02
3,民生服务,"{'1': 0.0, '2': 0.0, '3': 1.0, '4': 0.0}",0.8,R2gBApeH6
4,公众反馈/举报,"{'1': 0.0, '2': 0.2, '3': 0.1, '4': 0.7}",-0.8,R2jjWEwIH
1,政务发布,"{'1': 1.0, '2': 0.0, '3': 0.0, '4': 0.0}",0.9,R2g3V0KOw
1,政务发布,"{'1': 1.0, '2': 0.0, '3': 0.0, '4': 0.0}",0.0,R2eLVdV3A
1,政务发布,"{'1': 1.0, '2': 0.0, '3': 0.0, '4': 0.0}",0.8,R2fK2z5b9
4,公众反馈/举报,"{'1': 0.0, '2': 0.0, '3': 0.0, '4': 1.0}",-1.0,R2bmPiX7w
3,民生服务,"{'1': 0.0, '2': 0.0, '3': 1.0, '4': 0.0}",1.0,R2fIRihOM
1,政务发布,"{'1': 1.0, '2': 0.0, '3': 0.0, '4': 0.0}",0.95,R2hrTu3es
1,政务发布,"{'1': 1.0, '2': 0.0, '3': 0.0, '4': 0.0}",0.8,R2fab0GHP
1,政务发布,"{'1': 1.0, '2': 0.0, '3': 0.0, '4': 0.0}",1.0,QELmhFkn4
3,民生服务,"{'1': 0.0, '2': 0.0, '3': 1.0, '4': 0.0}",0.0,R2gJCge9L
1,政务发布,"{'1': 1.0, '2': 0.0, '3': 0.0, '4': 0.0}",0.75,QEL8FpYu2
4,公众反馈/举报,"{'1': 0.0, '2': 0.0, '3': 0.0, '4': 1.0}",0.0,QEJDBEj5r
4,公众反馈/举报,"{'1': 0.0, '2': 0.0, '3': 0.0, '4': 1.0}",-0.2,QEKYRjLox
2,城市问题,"{'1': 0.0, '2': 1.0, '3': 0.0, '4': 0.0}",-0.5,QFlds5OLe
1,政务发布,"{'1': 1.0, '2': 0.0, '3': 0.0, '4': 0.0}",0.0,QFl3ICzvp
4,公众反馈/举报,"{'1': 0.0, '2': 0.2, '3': 0.0, '4': 0.8}",-0.9,QEL6YsEfQ
1,政务发布,"{'1': 1.0, '2': 0.0, '3': 0.0, '4': 0.0}",0.8,QFl5HaZDI
1,政务发布,"{'1': 1.0, '2': 0.0, '3': 0.0, '4': 0.0}",0.8,QFk6YqM5y
1,政务发布,"{'1': 1.0, '2': 0.0, '3': 0.0, '4': 0.0}",0.8,QFjGkhKHO
4,公众反馈/举报,"{'1': 0.0, '2': 0.0, '3': 0.0, '4': 1.0}",0.8,QFnmPqnsX
1,政务发布,"{'1': 1.0, '2': 0.0, '3': 0.0, '4': 0.0}",0.9,QFjZoj9F9
1,政务发布,"{'1': 1.0, '2': 0.0, '3': 0.0, '4': 0.0}",0.0,QFnnqdNgM
3,民生服务,"{'1': 0.2, '2': 0.0, '3': 0.8, '4': 0.0}",0.8,QFipqBxwk
3,民生服务,"{'1': 0.0, '2': 0.0, '3': 1.0, '4': 0.0}",0.9,QFh60df1j
4,公众反馈/举报,"{'1': 0.0, '2': 0.0, '3': 0.0, '4': 1.0}",-0.9,QFifM5xIT
4,公众反馈/举报,"{'1': 0.0, '2': 0.0, '3': 0.0, '4': 1.0}",-0.3,QFkTl67LU
1,政务发布,"{'1': 1.0, '2': 0.0, '3': 0.0, '4': 0.0}",0.8,QFl4Qq9jh
4,公众反馈/举报,"{'1': 0.0, '2': 0.0, '3': 0.0, '4': 1.0}",-0.7,QFhPgxHww
1,政务发布,"{'1': 1.0, '2': 0.0, '3': 0.0, '4': 0.0}",0.8,QFlm0t1Jw
3,民生服务,"{'1': 0.0, '2': 0.0, '3': 1.0, '4': 0.0}",0.8,QFlJJEUxb
4,公众反馈/举报,"{'1': 0.0, '2': 0.2, '3': 0.0, '4': 0.8}",-0.5,QFkxhdSRi
2,城市问题,"{'1': 0.0, '2': 1.0, '3': 0.0, '4': 0.0}",0.0,QFjYvcDMv
1,政务发布,"{'1': 1.0, '2': 0.0, '3': 0.0, '4': 0.0}",0.5,QFjMpxNvG
4,公众反馈/举报,"{'1': 0.0, '2': 0.0, '3': 0.0, '4': 1.0}",0.1,R15OwpHbJ
4,公众反馈/举报,"{'1': 0.0, '2': 0.0, '3': 0.0, '4': 1.0}",0.5,R05VKxeTA
1,政务发布,"{'1': 1.0, '2': 0.0, '3': 0.0, '4': 0.0}",0.8,R07J206Zo
3,民生服务,"{'1': 0.0, '2': 0.0, '3': 1.0, '4': 0.0}",0.5,R061T6PSF
3,民生服务,"{'1': 0.0, '2': 0.0, '3': 1.0, '4': 0.0}",0.0,R08oNktmj
1,政务发布,"{'1': 1.0, '2': 0.0, '3': 0.0, '4': 0.0}",0.35,R08CdqJKE
0,公众反馈/举报,"{'1': 0.2, '2': 0.3, '3': 0.1, '4': 0.4}",-0.8,R07rH06QM
2,城市问题,"{'1': 0.0, '2': 1.0, '3': 0.0, '4': 0.0}",-0.3,R07TQmHP1
1,政务发布,"{'1': 1.0, '2': 0.0, '3': 0.0, '4': 0.0}",1.0,R07BSF62q
1,政务发布,"{'1': 1.0, '2': 0.0, '3': 0.0, '4': 0.0}",1.0,R08i4z5S7
3,民生服务,"{'1': 0.0, '2': 0.0, '3': 1.0, '4': 0.0}",0.5,R065Wvamy
1,政务发布,"{'1': 1.0, '2': 0.0, '3': 0.0, '4': 0.0}",0.3,R06iwDgMl
3,民生服务,"{'1': 0.0, '2': 0.0, '3': 1.0, '4': 0.0}",0.9,R06mNEpw0
1,政务发布,"{'1': 0.8, '2': 0.0, '3': 0.2, '4': 0.0}",0.8,R05ZEvw6K
1,政务发布,"{'1': 1.0, '2': 0.0, '3': 0.0, '4': 0.0}",0.8,R07H9yqOh
1,政务发布,"{'1': 1.0, '2': 0.0, '3': 0.0, '4': 0.0}",0.8,R08Efhn9f
1,政务发布,"{'1': 1.0, '2': 0.0, '3': 0.0, '4': 0.0}",0.6,R05DjhOPy
1,政务发布,"{'1': 1.0, '2': 0.0, '3': 0.0, '4': 0.0}",0.5,QEIjaFBb8
1,政务发布,"{'1': 1.0, '2': 0.0, '3': 0.0, '4': 0.0}",0.0,QEFHhzaR8
4,公众反馈/举报,"{'1': 0.0, '2': 0.2, '3': 0.3, '4': 0.5}",-0.2,QEIFu3Kya
3,民生服务,"{'1': 0.0, '2': 0.0, '3': 0.2, '4': 0.8}",0.0,R0TaY97D5
4,公众反馈/举报,"{'1': 0.0, '2': 0.0, '3': 0.0, '4': 1.0}",0.0,R0ROU5Ryf
3,民生服务,"{'1': 0.0, '2': 0.0, '3': 1.0, '4': 0.0}",0.9,QEqXdrJnV
1,政务发布,"{'1': 1.0, '2': 0.0, '3': 0.0, '4': 0.0}",0.8,QEqGFtHCb
1,政务发布,"{'1': 1.0, '2': 0.0, '3': 0.0, '4': 0.0}",0.9,QEqFn49tL
4,公众反馈/举报,"{'1': 0.0, '2': 0.0, '3': 0.0, '4': 1.0}",0.5,QFMJ8f0Qc
4,公众反馈/举报,"{'1': 0.0, '2': 0.0, '3': 0.0, '4': 1.0}",0.8,QFMIVaw0G
1,政务发布,"{'1': 1.0, '2': 0.0, '3': 0.0, '4': 0.0}",0.0,QFLWNAqEq
1,政务发布,"{'1': 1.0, '2': 0.0, '3': 0.0, '4': 0.0}",0.8,QEpv562Pg
4,公众反馈/举报,"{'1': 0.0, '2': 0.0, '3': 0.0, '4': 1.0}",-0.9,QFMldkswS
4,公众反馈/举报,"{'1': 0.0, '2': 0.0, '3': 0.0, '4': 1.0}",0.0,R2jlNkQgY
1,政务发布,"{'1': 1.0, '2': 0.0, '3': 0.0, '4': 0.0}",0.0,R2gbTtMlP
1,政务发布,"{'1': 1.0, '2': 0.0, '3': 0.0, '4': 0.0}",0.8,R2du1e2mg
4,公众反馈/举报,"{'1': 0.0, '2': 0.0, '3': 0.0, '4': 1.0}",0.8,R2eqBwWZ3
1,政务发布,"{'1': 1.0, '2': 0.0, '3': 0.0, '4': 0.0}",0.0,R2dVfmLNv
4,公众反馈/举报,"{'1': 0.0, '2': 0.0, '3': 0.0, '4': 1.0}",-0.5,R2jfwndx0
1,政务发布,"{'1': 1.0, '2': 0.0, '3': 0.0, '4': 0.0}",0.8,R2gIOqwhf
4,公众反馈/举报,"{'1': 0.0, '2': 0.0, '3': 0.0, '4': 1.0}",0.0,QEjbEcxEd
1,政务发布,"{'1': 1.0, '2': 0.0, '3': 0.0, '4': 0.0}",0.5,QEdAMyisF
1,政务发布,"{'1': 1.0, '2': 0.0, '3': 0.0, '4': 0.0}",0.9,R26mf2zyH
4,公众反馈/举报,"{'1': 0.2, '2': 0.0, '3': 0.1, '4': 0.7}",0.8,QEe5UyF9O
3,民生服务,"{'1': 0.2, '2': 0.0, '3': 0.8, '4': 0.0}",0.5,QFkT8oJfo
4,公众反馈/举报,"{'1': 0.0, '2': 0.0, '3': 0.0, '4': 1.0}",0.0,QFFp5sFzO
3,民生服务,"{'1': 0.0, '2': 0.0, '3': 1.0, '4': 0.0}",1.0,QFkzsB9BP
4,公众反馈/举报,"{'1': 0.0, '2': 0.0, '3': 0.0, '4': 1.0}",1.0,QFnqFiHdc
4,公众反馈/举报,"{'1': 0.0, '2': 0.0, '3': 0.0, '4': 1.0}",0.0,QFlkWiNK4
1,政务发布,"{'1': 1.0, '2': 0.0, '3': 0.0, '4': 0.0}",0.0,QFmQFFQpk
3,民生服务,"{'1': 0.0, '2': 0.0, '3': 1.0, '4': 0.0}",0.0,QFmQ3kuwD
3,民生服务,"{'1': 0.0, '2': 0.0, '3': 1.0, '4': 0.0}",0.0,QFjo9lLhl
1,政务发布,"{'1': 1.0, '2': 0.0, '3': 0.0, '4': 0.0}",0.0,QFkxW1KZY
1,政务发布,"{'1': 1.0, '2': 0.0, '3': 0.0, '4': 0.0}",0.9,QEILulHia
4,公众反馈/举报,"{'1': 0.0, '2': 0.0, '3': 0.0, '4': 1.0}",0.0,QEKKNcewB
2,城市问题,"{'1': 0.0, '2': 0.0, '3': 0.0, '4': 0.0}",0.0,QEHQo4qhr
3,民生服务,"{'1': 0.0, '2': 0.0, '3': 1.0, '4': 0.0}",0.9,R2iYCqyZz
3,民生服务,"{'1': 0.2, '2': 0.0, '3': 0.8, '4': 0.0}",0.9,R2i3IxJnN
1,政务发布,"{'1': 1.0, '2': 0.0, '3': 0.0, '4': 0.0}",0.8,R2huMeiIR
1,政务发布,"{'1': 1.0, '2': 0.0, '3': 0.0, '4': 0.0}",0.8,R2gwsFrYd
1,政务发布,"{'1': 1.0, '2': 0.0, '3': 0.0, '4': 0.0}",0.8,R2gRaBnaB
3,民生服务,"{'1': 0.0, '2': 0.0, '3': 1.0, '4': 0.0}",0.5,R2gH3gDuX
4,公众反馈/举报,"{'1': 0.0, '2': 0.0, '3': 0.0, '4': 1.0}",-0.3,R2edBoF8I
1,政务发布,"{'1': 1.0, '2': 0.0, '3': 0.0, '4': 0.0}",0.8,R2dNogLGM
1,政务发布,"{'1': 1.0, '2': 0.0, '3': 0.0, '4': 0.0}",0.9,R2eprs5tA
1,政务发布,"{'1': 1.0, '2': 0.0, '3': 0.0, '4': 0.0}",0.0,R2ggy2R0v
1,政务发布,"{'1': 1.0, '2': 0.0, '3': 0.0, '4': 0.0}",1.0,R2fEjqu7W
4,公众反馈/举报,"{'1': 0.0, '2': 0.0, '3': 0.0, '4': 1.0}",-1.0,R2bXbflH1
3,民生服务,"{'1': 0.2, '2': 0.0, '3': 0.8, '4': 0.0}",0.8,R0hf6ynSo
4,公众反馈/举报,"{'1': 0.0, '2': 0.0, '3': 0.0, '4': 1.0}",0.3,R0hjlnMnz
1,政务发布,"{'1': 1.0, '2': 0.0, '3': 0.0, '4': 0.0}",0.0,R0gXT5BKC
1,政务发布,"{'1': 0.9, '2': 0.0, '3': 0.1, '4': 0.0}",0.8,R0hMVdfO6
4,公众反馈/举报,"{'1': 0.0, '2': 0.0, '3': 0.0, '4': 1.0}",-1.0,R0exLfvPP
4,公众反馈/举报,"{'1': 0.0, '2': 0.0, '3': 0.0, '4': 1.0}",-0.8,R0fpy6z72
3,民生服务,"{'1': 0.9, '2': 0.0, '3': 1.0, '4': 0.1}",0.8,R0hf6ynSo
1,政务发布,"{'1': 1.0, '2': 0.0, '3': 0.0, '4': 0.0}",0.6,R0f9h1mZk
4,公众反馈/举报,"{'1': 0.0, '2': 0.0, '3': 0.0, '4': 1.0}",0.5,R0hjlnMnz
4,公众反馈/举报,"{'1': 0.0, '2': 0.0, '3': 0.0, '4': 1.0}",-0.5,R0gXT5BKC
1,政务发布,"{'1': 1.0, '2': 0.0, '3': 0.0, '4': 0.0}",0.8,R0hMVdfO6
4,公众反馈/举报,"{'1': 0.0, '2': 0.0, '3': 0.0, '4': 1.0}",-1.0,R0exLfvPP
4,公众反馈/举报,"{'1': 0.0, '2': 0.0, '3': 0.0, '4': 1.0}",-0.9,R0fpy6z72
1,政务发布,"{'1': 1.0, '2': 0.0, '3': 0.0, '4': 0.0}",0.7,R0f9h1mZk
4,公众反馈/举报,"{'1': 0.0, '2': 0.0, '3': 0.0, '4': 1.0}",0.15,R1sMGsA9I
4,公众反馈/举报,"{'1': 0.0, '2': 0.3, '3': 0.2, '4': 0.7}",-0.9,R1t6AFnfd
3,民生服务,"{'1': 0.0, '2': 0.0, '3': 1.0, '4': 0.0}",0.8,R1szT1Fy6
1,政务发布,"{'1': 1.0, '2': 0.0, '3': 0.0, '4': 0.0}",-1.0,R1scxF3WT
1,政务发布,"{'1': 1.0, '2': 0.0, '3': 0.0, '4': 0.0}",0.8,R1rLoC9p4
4,公众反馈/举报,"{'1': 0.0, '2': 0.0, '3': 0.0, '4': 1.0}",-1.0,R0xaCEnug
4,公众反馈/举报,"{'1': 0.0, '2': 0.0, '3': 0.0, '4': 1.0}",-0.8,R0ujRfPza
4,公众反馈/举报,"{'1': 0.0, '2': 0.0, '3': 0.0, '4': 1.0}",-0.9,R0xbXwsug
4,公众反馈/举报,"{'1': 0.0, '2': 0.0, '3': 0.0, '4': 1.0}",-1.0,R0wH2otL8
4,公众反馈/举报,"{'1': 0.0, '2': 0.0, '3': 0.0, '4': 1.0}",0.5,R0VY08l5G
1,政务发布,"{'1': 1.0, '2': 0.0, '3': 0.0, '4': 0.0}",0.0,R0V6NxtZo
1,政务发布,"{'1': 1.0, '2': 0.0, '3': 0.0, '4': 0.0}",0.0,QEUaBsX59
1,政务发布,"{'1': 1.0, '2': 0.0, '3': 0.0, '4': 0.0}",0.8,QET81mRL7
1,政务发布,"{'1': 1.0, '2': 0.0, '3': 0.0, '4': 0.0}",1.0,R1GKs9Fdc
1,政务发布,"{'1': 1.0, '2': 0.0, '3': 0.0, '4': 0.0}",1.0,QET4zk3Tj
4,公众反馈/举报,"{'1': 0.0, '2': 0.0, '3': 0.0, '4': 1.0}",0.9,R1HEMvreS
1,政务发布,"{'1': 1.0, '2': 0.0, '3': 0.0, '4': 0.0}",0.5,R1EwGBDpi
3,民生服务,"{'1': 0.0, '2': 0.0, '3': 1.0, '4': 0.0}",0.2,R1HzBlGFl
3,民生服务,"{'1': 0.0, '2': 0.0, '3': 1.0, '4': 0.0}",0.8,R00QMgQha
4,公众反馈/举报,{'4': 1.0},-0.8,R1FLI6TQJ
1,政务发布,"{'1': 1.0, '2': 0.0, '3': 0.0, '4': 0.0}",0.0,QFrnkC1l2
1,政务发布,"{'1': 1.0, '2': 0.0, '3': 0.0, '4': 0.0}",0.8,QFVpo6sGs
2,城市问题,"{'1': 0.0, '2': 1.0, '3': 0.0, '4': 0.0}",0.0,QFUxOfw1Q
1,政务发布,"{'1': 1.0, '2': 0.0, '3': 0.0, '4': 0.0}",0.8,QFToO3ogv
4,公众反馈/举报,"{'1': 0.0, '2': 0.2, '3': 0.2, '4': 0.6}",-0.8,QFTJOjuTt
1,政务发布,"{'1': 1.0, '2': 0.0, '3': 0.0, '4': 0.0}",0.8,R00MviZ0W
1,政务发布,"{'1': 0.8, '2': 0.0, '3': 0.2, '4': 0.0}",0.9,R00QMgQha
1,政务发布,"{'1': 1.0, '2': 0.0, '3': 0.0, '4': 0.0}",0.6,QFVpo6sGs
2,城市问题,"{'1': 0.0, '2': 1.0, '3': 0.0, '4': 0.0}",-0.2,QFUxOfw1Q
1,政务发布,"{'1': 1.0, '2': 0.0, '3': 0.0, '4': 0.0}",0.6,QFToO3ogv
1,政务发布,"{'1': 1.0, '2': 0.0, '3': 0.0, '4': 0.0}",0.8,R00MviZ0W
3,民生服务,"{'1': 0.0, '2': 0.0, '3': 1.0, '4': 0.0}",0.9,R05KQ8k00
4,公众反馈/举报,"{'1': 0.0, '2': 0.8, '3': 0.1, '4': 0.1}",-0.9,QFTJOjuTt
3,民生服务,"{'1': 0.0, '2': 0.0, '3': 1.0, '4': 0.0}",0.8,R06uit2GX
1,政务发布,"{'1': 1.0, '2': 0.0, '3': 0.0, '4': 0.0}",0.5,R07KHfmKg
1,政务发布,"{'1': 1.0, '2': 0.0, '3': 0.0, '4': 0.0}",1.0,R06D4xuGX
1,政务发布,"{'1': 1.0, '2': 0.0, '3': 0.0, '4': 0.0}",0.5,R07RxlC4B
4,公众反馈/举报,"{'1': 0.0, '2': 0.2, '3': 0.0, '4': 0.8}",-0.5,R08Aa6zg8
2,城市问题,"{'1': 0.0, '2': 0.0, '3': 0.0, '4': 0.0}",0.0,R07tboQDP
1,政务发布,"{'1': 1.0, '2': 0.0, '3': 0.0, '4': 0.0}",0.0,R099Zh6HV
1,政务发布,"{'1': 1.0, '2': 0.0, '3': 0.0, '4': 0.0}",0.8,QFklXkFIW
1,政务发布,"{'1': 1.0, '2': 0.0, '3': 0.0, '4': 0.0}",0.8,QFipuh5Co
4,公众反馈/举报,"{'1': 0.0, '2': 0.3, '3': 0.2, '4': 0.5}",-0.3,QFhTeh2se
3,民生服务,"{'1': 0.0, '2': 0.0, '3': 1.0, '4': 0.0}",0.0,QFlkplVYG
3,民生服务,"{'1': 0.0, '2': 0.0, '3': 1.0, '4': 0.0}",0.7,QFikVrE8o
1,政务发布,"{'1': 1.0, '2': 0.0, '3': 0.0, '4': 0.0}",-0.2,QFkyw3Dug
4,公众反馈/举报,"{'1': 0.0, '2': 0.2, '3': 0.0, '4': 1.0}",-0.8,QFndPn6k8
1,政务发布,"{'1': 1.0, '2': 0.0, '3': 0.0, '4': 0.0}",1.0,R00MK5xug
4,公众反馈/举报,"{'1': 0.0, '2': 0.0, '3': 0.0, '4': 1.0}",0.0,R00B0freJ
4,公众反馈/举报,"{'1': 0.0, '2': 0.0, '3': 0.0, '4': 1.0}",-0.5,QFWEEiy1m
4,公众反馈/举报,"{'1': 0.0, '2': 0.3, '3': 0.1, '4': 0.6}",-0.4,R01nYspcn
4,公众反馈/举报,"{'1': 0.0, '2': 0.0, '3': 1.0, '4': 0.0}",0.0,R00B0freJ
4,公众反馈/举报,"{'1': 0.0, '2': 0.0, '3': 0.0, '4': 1.0}",0.0,QFWEEiy1m
1,政务发布,"{'1': 1.0, '2': 0.0, '3': 0.0, '4': 0.0}",0.9,R00MK5xug
4,公众反馈/举报,"{'1': 0.0, '2': 0.0, '3': 0.0, '4': 1.0}",-1.0,R019Vtxa2
4,公众反馈/举报,"{'1': 0.2, '2': 0.3, '3': 0.1, '4': 0.4}",0.1,R01nYspcn
3,民生服务,"{'1': 0.0, '2': 0.0, '3': 1.0, '4': 0.0}",0.0,R019Vtxa2
1,政务发布,"{'1': 1.0, '2': 0.0, '3': 0.0, '4': 0.0}",0.5,R06xnhXOG
3,民生服务,"{'1': 0.1, '2': 0.0, '3': 0.9, '4': 0.0}",0.8,R07RPsBh7
1,政务发布,"{'1': 1.0, '2': 0.0, '3': 0.0, '4': 0.0}",1.0,R06yD5min
4,公众反馈/举报,"{'1': 0.0, '2': 0.0, '3': 0.0, '4': 1.0}",0.7,R08JZzIMI
1,政务发布,"{'1': 1.0, '2': 0.0, '3': 0.0, '4': 0.0}",0.0,R07OMDm1G
1,政务发布,"{'1': 0.9, '2': 0.0, '3': 0.1, '4': 0.0}",0.3,R06tYpFzj
4,公众反馈/举报,"{'1': 0.0, '2': 0.0, '3': 0.0, '4': 1.0}",-0.5,R06I2jZMQ
4,公众反馈/举报,"{'1': 0.0, '2': 0.3, '3': 0.0, '4': 1.0}",-0.9,R08G1cNl1
3,民生服务,"{'1': 0.1, '2': 0.0, '3': 0.9, '4': 0.0}",0.5,R0SICwDkt
3,民生服务,"{'1': 0.0, '2': 0.0, '3': 1.0, '4': 0.0}",0.9,R0UHU0eF9
4,公众反馈/举报,"{'1': 0.0, '2': 0.0, '3': 0.0, '4': 1.0}",0.0,R0UV00X7V
3,民生服务,"{'1': 0.0, '2': 0.0, '3': 1.0, '4': 0.0}",0.0,R0Rmu96lm
3,民生服务,"{'1': 0.0, '2': 0.0, '3': 1.0, '4': 0.0}",0.8,R0T9LhXcH
4,公众反馈/举报,"{'1': 0.0, '2': 0.0, '3': 0.0, '4': 1.0}",-1.0,R0UcL9UvP
1,政务发布,"{'1': 1.0, '2': 0.0, '3': 0.0, '4': 0.0}",0.8,R0UC3oOYY
4,公众反馈/举报,"{'1': 0.0, '2': 0.0, '3': 0.0, '4': 1.0}",0.8,R0Tb3r1hD
3,民生服务,"{'1': 0.0, '2': 0.0, '3': 1.0, '4': 0.0}",0.8,R0Un53fYz
1,政务发布,"{'1': 1.0, '2': 0.0, '3': 0.0, '4': 0.0}",0.0,R06e507Ww
4,公众反馈/举报,"{'1': 0.0, '2': 0.1, '3': 0.1, '4': 0.8}",-0.9,R09eRAucR
1,政务发布,"{'1': 0.9, '2': 0.0, '3': 0.1, '4': 0.0}",0.6,R05SYdKa6
3,民生服务,"{'1': 0.0, '2': 0.0, '3': 1.0, '4': 0.0}",0.8,R094RldUS
1,政务发布,"{'1': 0.9, '2': 0.0, '3': 0.1, '4': 0.0}",0.8,R07MuDd8p
1,政务发布,"{'1': 1.0, '2': 0.0, '3': 0.0, '4': 0.0}",0.9,R07Hu6QuV
1,政务发布,"{'1': 1.0, '2': 0.0, '3': 0.0, '4': 0.0}",0.8,R06vAzUt2
1,政务发布,"{'1': 1.0, '2': 0.0, '3': 0.0, '4': 0.0}",0.9,R07nEjMSG
3,民生服务,"{'1': 0.0, '2': 0.0, '3': 1.0, '4': 0.0}",0.8,R05x22Cs7
4,公众反馈/举报,"{'1': 0.0, '2': 0.5, '3': 0.0, '4': 0.5}",0.0,R07OkqhUM
1,政务发布,"{'1': 1.0, '2': 0.0, '3': 0.0, '4': 0.0}",1.0,R08fTlGNW
4,公众反馈/举报,"{'1': 0.0, '2': 0.0, '3': 0.0, '4': 1.0}",0.0,QEnFIFjYP
1,政务发布,"{'1': 1.0, '2': 0.0, '3': 0.0, '4': 0.0}",0.8,QEnKw0R7r
2,城市问题,"{'1': 0.0, '2': 1.0, '3': 0.0, '4': 0.0}",0.0,QElj180x2
1,政务发布,"{'1': 1.0, '2': 0.0, '3': 0.0, '4': 0.0}",0.0,QFJBdhgkN
1,政务发布,"{'1': 1.0, '2': 0.0, '3': 0.0, '4': 0.0}",0.0,QFLWkxq5Q
1,政务发布,"{'1': 1.0, '2': 0.0, '3': 0.0, '4': 0.0}",0.0,QFNw1yhn5
3,民生服务,"{'1': 0.0, '2': 0.0, '3': 1.0, '4': 0.0}",0.0,QFLXojs6W
1,政务发布,"{'1': 1.0, '2': 0.0, '3': 0.0, '4': 0.0}",1.0,R0Vnuv8HV
2,城市问题,"{'1': 0.0, '2': 1.0, '3': 0.0, '4': 0.0}",0.5,R0TMai0K5
4,公众反馈/举报,"{'1': 0.0, '2': 0.0, '3': 0.0, '4': 1.0}",-1.0,R0U4ZuDtZ
3,民生服务,"{'1': 0.0, '2': 0.0, '3': 1.0, '4': 0.0}",0.5,R0TxI9YTu
4,公众反馈/举报,"{'1': 0.0, '2': 0.0, '3': 0.0, '4': 1.0}",-0.9,R0QYaCp2X
1,政务发布,"{'1': 1.0, '2': 0.0, '3': 0.0, '4': 0.0}",0.5,QFk5rwe3N
2,城市问题,"{'1': 0.0, '2': 1.0, '3': 0.0, '4': 0.0}",0.0,QFlhMCo0w
4,公众反馈/举报,"{'1': 0.0, '2': 0.0, '3': 0.0, '4': 1.0}",-0.5,QFiJCtPcp
1,政务发布,"{'1': 1.0, '2': 0.0, '3': 0.0, '4': 0.0}",0.8,QFjE1sLiP
1,政务发布,"{'1': 1.0, '2': 0.0, '3': 0.0, '4': 0.0}",0.9,QFiIfwAfA
3,民生服务,"{'1': 0.0, '2': 0.0, '3': 1.0, '4': 0.0}",1.0,QFkOwjguh
3,民生服务,"{'1': 0.0, '2': 0.0, '3': 1.0, '4': 0.0}",0.0,QFnjdAcXZ
1,政务发布,"{'1': 1.0, '2': 0.0, '3': 0.0, '4': 0.0}",0.8,QFmovFpOY
1,政务发布,"{'1': 1.0, '2': 0.0, '3': 0.0, '4': 0.0}",0.5,R0TYJhsOL
4,公众反馈/举报,"{'1': 0.0, '2': 1.0, '3': 0.0, '4': 0.0}",-1.0,R0W8lcumG
4,公众反馈/举报,"{'1': 0.0, '2': 0.0, '3': 0.0, '4': 1.0}",-1.0,R0RHFBKa1
4,公众反馈/举报,"{'1': 0.0, '2': 0.2, '3': 0.0, '4': 0.8}",-0.8,R0QZeexhI
1,政务发布,"{'1': 1.0, '2': 0.0, '3': 0.0, '4': 0.0}",-0.8,R0W68nEeD
3,民生服务,"{'1': 0.0, '2': 0.0, '3': 1.0, '4': 0.0}",0.0,R0Vzz0fJS
3,民生服务,"{'1': 0.0, '2': 0.0, '3': 1.0, '4': 0.0}",0.6,R0VDcAumQ
2,城市问题,"{'1': 0.0, '2': 1.0, '3': 0.0, '4': 0.0}",0.0,R0VLtDn62
4,公众反馈/举报,"{'1': 0.0, '2': 0.0, '3': 0.0, '4': 1.0}",-0.9,R0RtN8sQF
1,政务发布,"{'1': 1.0, '2': 0.0, '3': 0.0, '4': 0.0}",-0.5,R0W7m1sI6
1,政务发布,"{'1': 1.0, '2': 0.0, '3': 0.0, '4': 0.0}",0.0,R0TFwfjOo
1,政务发布,"{'1': 1.0, '2': 0.0, '3': 0.0, '4': 0.0}",0.8,R0Uld3iDN
4,公众反馈/举报,"{'1': 0.0, '2': 0.0, '3': 0.0, '4': 1.0}",-1.0,R0WoJempH
1,政务发布,"{'1': 1.0, '2': 0.0, '3': 0.0, '4': 0.0}",0.0,R0Vl9C5L2
1,政务发布,"{'1': 1.0, '2': 0.0, '3': 0.0, '4': 0.0}",-0.5,R0W2ivjSp
1,政务发布,"{'1': 1.0, '2': 0.0, '3': 0.0, '4': 0.0}",0.8,QEZQJayoC
2,城市问题,"{'1': 0.0, '2': 0.0, '3': 0.0, '4': 1.0}",0.0,QEZbRCwfK
3,民生服务,"{'1': 0.0, '2': 0.0, '3': 1.0, '4': 0.0}",0.2,QF0gfa0ae
1,政务发布,"{'1': 1.0, '2': 0.0, '3': 0.0, '4': 0.0}",0.8,R06wK7M9O
4,公众反馈/举报,"{'1': 0.0, '2': 0.0, '3': 0.2, '4': 0.8}",-0.5,R06FY8NFa
1,政务发布,"{'1': 1.0, '2': 0.0, '3': 0.0, '4': 0.0}",0.0,R05VJAHfq
4,公众反馈/举报,"{'1': 0.0, '2': 0.0, '3': 0.0, '4': 1.0}",-0.7,R06GCpqco
1,政务发布,"{'1': 1.0, '2': 0.0, '3': 0.0, '4': 0.0}",0.9,R05WNdVK4
4,公众反馈/举报,"{'1': 0.0, '2': 0.0, '3': 0.0, '4': 1.0}",0.5,R07q4uJE1
1,政务发布,"{'1': 1.0, '2': 0.0, '3': 0.0, '4': 0.0}",0.5,R07Qrtjer
4,公众反馈/举报,"{'1': 0.0, '2': 0.0, '3': 0.0, '4': 1.0}",1.0,R06GtrYGd
4,公众反馈/举报,"{'1': 0.0, '2': 0.0, '3': 0.0, '4': 1.0}",0.8,R025QFRMR
4,公众反馈/举报,"{'1': 0.0, '2': 0.0, '3': 0.0, '4': 1.0}",0.8,R08tQ1L8Q
1,政务发布,"{'1': 1.0, '2': 0.0, '3': 0.0, '4': 0.0}",0.9,R06psh2D5
3,民生服务,"{'1': 0.1, '2': 0.0, '3': 0.8, '4': 0.1}",0.9,R07IU96n2
1,政务发布,"{'1': 1.0, '2': 0.0, '3': 0.0, '4': 0.0}",0.0,R06SEudm8
4,公众反馈/举报,"{'1': 0.0, '2': 0.0, '3': 0.0, '4': 1.0}",0.7,R07SiCdVq
4,公众反馈/举报,"{'1': 0.0, '2': 0.0, '3': 0.0, '4': 1.0}",-0.5,R06I9bayV
4,公众反馈/举报,"{'1': 0.0, '2': 0.0, '3': 0.0, '4': 1.0}",0.7,R092p40y5
4,公众反馈/举报,"{'1': 0.0, '2': 0.0, '3': 0.0, '4': 1.0}",-0.9,R08FSCrW7
1,政务发布,"{'1': 0.0, '2': 0.0, '3': 0.0, '4': 1.0}",0.4,R07fgllTs
1,政务发布,"{'1': 1.0, '2': 0.0, '3': 0.0, '4': 0.0}",0.3,QDUJmouZ6
3,民生服务,"{'1': 0.0, '2': 0.0, '3': 1.0, '4': 0.0}",0.9,R05u4kg8b
4,公众反馈/举报,"{'1': 0.0, '2': 0.0, '3': 0.0, '4': 1.0}",-0.8,QE0L9v1BX
1,政务发布,"{'1': 1.0, '2': 0.0, '3': 0.0, '4': 0.0}",0.0,QDVUqfWE2
4,公众反馈/举报,"{'1': 0.0, '2': 0.2, '3': 0.1, '4': 0.7}",-0.9,QDZ2ffLqe
4,公众反馈/举报,"{'1': 0.0, '2': 0.0, '3': 0.0, '4': 1.0}",-0.5,QFMODbzcy
4,公众反馈/举报,"{'1': 0.0, '2': 0.0, '3': 0.0, '4': 1.0}",0.3,QFLbxhkgg
4,公众反馈/举报,"{'1': 0.0, '2': 0.2, '3': 0.0, '4': 0.8}",0.6,R0RfLpUZt
4,公众反馈/举报,"{'1': 0.0, '2': 0.0, '3': 0.0, '4': 1.0}",0.0,QFKxKdziL
1,政务发布,"{'1': 1.0, '2': 0.0, '3': 0.0, '4': 0.0}",0.9,R0R1s4jSp
1,政务发布,"{'1': 1.0, '2': 0.0, '3': 0.0, '4': 0.0}",0.0,R0VeEixGb
3,民生服务,"{'1': 0.1, '2': 0.0, '3': 0.9, '4': 0.0}",0.9,R0VvLsw6v
1,政务发布,"{'1': 1.0, '2': 0.0, '3': 0.0, '4': 0.0}",0.0,R0Wo1h4cV
1,政务发布,"{'1': 1.0, '2': 0.0, '3': 0.0, '4': 0.0}",0.9,R0R8zl3o7
4,公众反馈/举报,"{'1': 0.0, '2': 0.0, '3': 0.0, '4': 1.0}",0.5,R0Tuvv8m9
1,政务发布,"{'1': 1.0, '2': 0.0, '3': 0.0, '4': 0.0}",0.0,R0Wp71F0c
3,民生服务,"{'1': 0.5, '2': 0.0, '3': 1.0, '4': 0.0}",1.0,R23QEyiLc
4,公众反馈/举报,"{'1': 0.0, '2': 0.0, '3': 0.0, '4': 1.0}",0.0,R249yhwov
2,城市问题,"{'1': 0.0, '2': 0.0, '3': 0.0, '4': 1.0}",0.0,QFbnPxtJT
1,政务发布,"{'1': 1.0, '2': 0.0, '3': 0.0, '4': 0.0}",0.0,R23mowUmC
3,民生服务,"{'1': 0.2, '2': 0.0, '3': 0.8, '4': 0.0}",0.7,QFbq7mBpV
1,政务发布,"{'1': 1.0, '2': 0.0, '3': 0.0, '4': 0.0}",1.0,QFe0rcNyC
4,公众反馈/举报,"{'1': 0.0, '2': 0.0, '3': 0.0, '4': 1.0}",0.3,QFbJ20aGs
1,政务发布,"{'1': 1.0, '2': 0.0, '3': 0.0, '4': 0.0}",0.8,QFbWH41qP
1,政务发布,"{'1': 1.0, '2': 0.0, '3': 0.0, '4': 0.0}",0.9,QEnZjiGMm
3,民生服务,"{'1': 0.0, '2': 0.0, '3': 1.0, '4': 0.0}",0.0,QEt572w6R
4,公众反馈/举报,"{'1': 0.0, '2': 0.0, '3': 0.0, '4': 1.0}",-0.6,QEoBBzizl
3,民生服务,"{'1': 0.0, '2': 0.0, '3': 1.0, '4': 0.0}",0.6,QEsPJbwN8
4,公众反馈/举报,"{'1': 0.0, '2': 0.2, '3': 0.0, '4': 0.8}",-0.9,R2hoEwPRB
1,政务发布,"{'1': 1.0, '2': 0.0, '3': 0.0, '4': 0.0}",0.8,R2fs4DaLa
4,公众反馈/举报,"{'1': 0.1, '2': 0.0, '3': 0.0, '4': 0.9}",0.8,R2frCgcQ3
4,公众反馈/举报,"{'1': 0.0, '2': 0.0, '3': 0.0, '4': 1.0}",0.0,R2dvBkbKQ
1,政务发布,"{'1': 1.0, '2': 0.0, '3': 0.0, '4': 0.0}",0.8,R2dAPipr7
1,政务发布,"{'1': 1.0, '2': 0.0, '3': 0.0, '4': 0.0}",0.6,QF24IwaSH
1,政务发布,"{'1': 0.0, '2': 0.0, '3': 0.0, '4': 0.0}",0.0,QF3cXa5LF
4,公众反馈/举报,"{'1': 0.0, '2': 0.4, '3': 0.2, '4': 0.4}",-0.8,QEYXGxehT
4,公众反馈/举报,"{'1': 0.0, '2': 0.2, '3': 0.0, '4': 0.8}",-0.9,QF0Rs4q5d
3,民生服务,"{'1': 0.0, '2': 0.0, '3': 1.0, '4': 0.0}",0.9,QEZgLmnG1
4,公众反馈/举报,"{'1': 0.0, '2': 0.0, '3': 0.0, '4': 1.0}",0.2,QF0gxpNee
4,公众反馈/举报,"{'1': 0.0, '2': 0.0, '3': 0.0, '4': 1.0}",0.6,QFnBK2eFY
1,政务发布,"{'1': 1.0, '2': 0.0, '3': 0.0, '4': 0.0}",0.8,QFm0NyRCy
3,民生服务,"{'1': 0.0, '2': 0.0, '3': 0.8, '4': 0.2}",0.8,QFkCk9vu9
3,民生服务,"{'1': 0.0, '2': 0.0, '3': 1.0, '4': 0.0}",0.0,QFntclVeF
1,政务发布,"{'1': 1.0, '2': 0.0, '3': 0.0, '4': 0.0}",0.0,QFmdBqqpU
3,民生服务,"{'1': 0.3, '2': 0.0, '3': 0.7, '4': 0.0}",0.8,QFiizg3D7
4,公众反馈/举报,"{'1': 0.0, '2': 0.0, '3': 0.0, '4': 1.0}",0.0,QFno47k7d
4,公众反馈/举报,"{'1': 0.0, '2': 0.0, '3': 0.0, '4': 1.0}",-0.4,QFm6miHey
4,公众反馈/举报,"{'1': 0.0, '2': 0.0, '3': 0.0, '4': 1.0}",0.8,QFnmXkGOf
4,公众反馈/举报,"{'1': 0.0, '2': 1.0, '3': 0.0, '4': 0.0}",-0.6,QFlk0ktMP
1,政务发布,"{'1': 1.0, '2': 0.0, '3': 0.0, '4': 0.0}",0.8,QFlhqw3fD
1,政务发布,"{'1': 1.0, '2': 0.0, '3': 0.0, '4': 0.0}",0.9,QFkTryQWp
1,政务发布,"{'1': 1.0, '2': 0.0, '3': 0.0, '4': 0.0}",0.9,QFkBduxyz
1,政务发布,"{'1': 1.0, '2': 0.0, '3': 0.0, '4': 0.0}",1.0,QFlOVwRQR
2,城市问题,"{'1': 0.0, '2': 0.0, '3': 0.0, '4': 1.0}",-1.0,QFkWZnuiF
4,公众反馈/举报,"{'1': 0.0, '2': 0.0, '3': 0.0, '4': 1.0}",0.0,QFk6pueiu
3,民生服务,"{'1': 0.0, '2': 0.0, '3': 1.0, '4': 0.0}",0.9,QFkmf7ROw
1,政务发布,"{'1': 0.8, '2': 0.0, '3': 0.0, '4': 0.2}",0.0,QFhPavnTO
4,公众反馈/举报,"{'1': 0.0, '2': 0.0, '3': 0.0, '4': 1.0}",-0.8,QEG557Kx1
1,政务发布,"{'1': 1.0, '2': 0.0, '3': 0.0, '4': 0.0}",1.0,QFmKTyP5I
4,公众反馈/举报,"{'1': 0.0, '2': 0.0, '3': 0.0, '4': 1.0}",-0.6,QFl2pFLFK
1,政务发布,"{'1': 1.0, '2': 0.0, '3': 0.0, '4': 0.0}",0.5,QFnAEjP4H
1,政务发布,"{'1': 0.0, '2': 0.0, '3': 0.0, '4': 0.0}",0.0,QFmwD8mfs
1,政务发布,"{'1': 1.0, '2': 0.0, '3': 0.0, '4': 0.0}",0.8,QFloZ5JRt
1,政务发布,"{'1': 1.0, '2': 0.0, '3': 0.0, '4': 0.0}",1.0,QFhGSm4uN
1,政务发布,"{'1': 1.0, '2': 0.0, '3': 0.0, '4': 0.0}",0.8,QFmU12I43
1,政务发布,"{'1': 1.0, '2': 0.0, '3': 0.0, '4': 0.0}",0.1,QFmtEqa6K
1,政务发布,"{'1': 1.0, '2': 0.0, '3': 0.0, '4': 0.0}",0.8,QFmnsk1hC
1,政务发布,"{'1': 1.0, '2': 0.0, '3': 0.0, '4': 0.0}",0.8,QFh6QwkQb
3,民生服务,"{'1': 0.0, '2': 0.0, '3': 1.0, '4': 0.0}",0.5,QFjK7bFyT
3,民生服务,"{'1': 0.0, '2': 0.0, '3': 1.0, '4': 0.0}",0.0,QFmpdCHID
4,公众反馈/举报,"{'1': 0.0, '2': 0.0, '3': 0.0, '4': 1.0}",0.0,R07WK7U2R
1,政务发布,"{'1': 1.0, '2': 0.0, '3': 0.0, '4': 0.0}",1.0,R05GpkSWo
1,政务发布,"{'1': 1.0, '2': 0.0, '3': 0.0, '4': 0.0}",0.0,R07NS3k5q
4,公众反馈/举报,"{'1': 0.0, '2': 0.1, '3': 0.0, '4': 0.9}",-0.8,R07OX8Zo7
3,民生服务,"{'1': 0.9, '2': 0.0, '3': 1.0, '4': 0.1}",0.8,R087h0e20
1,政务发布,"{'1': 1.0, '2': 0.0, '3': 0.0, '4': 0.0}",0.6,R06caD9hg
1,政务发布,"{'1': 1.0, '2': 0.0, '3': 0.0, '4': 0.0}",0.5,R061Ac6Rj
1,政务发布,"{'1': 0.9, '2': 0.0, '3': 0.1, '4': 0.0}",0.8,R05D5noeA
1,政务发布,"{'1': 1.0, '2': 0.0, '3': 0.0, '4': 0.0}",0.8,QEiPYz5SS
1,政务发布,"{'1': 1.0, '2': 0.0, '3': 0.0, '4': 0.0}",0.3,R089doOI2
4,公众反馈/举报,"{'1': 0.0, '2': 0.0, '3': 0.0, '4': 1.0}",0.0,QEhWGFvp5
1,政务发布,"{'1': 1.0, '2': 0.0, '3': 0.0, '4': 0.0}",0.5,QEhrDg7w3
3,民生服务,"{'1': 0.0, '2': 0.0, '3': 1.0, '4': 0.0}",0.8,QE47lsFSz
1,政务发布,"{'1': 1.0, '2': 0.0, '3': 0.0, '4': 0.0}",0.9,R0UO3clau
4,公众反馈/举报,"{'1': 0.0, '2': 0.0, '3': 0.0, '4': 1.0}",0.5,QE9SNA9jz
4,公众反馈/举报,"{'1': 0.0, '2': 0.0, '3': 0.0, '4': 1.0}",-0.3,R0Tdkfee0
4,公众反馈/举报,"{'1': 0.0, '2': 0.0, '3': 0.0, '4': 1.0}",-0.6,R0UUkn9FL
1,政务发布,"{'1': 1.0, '2': 0.0, '3': 0.0, '4': 0.0}",0.8,R1bQoBYR3
1,政务发布,"{'1': 1.0, '2': 0.0, '3': 0.0, '4': 0.0}",0.0,R0VEVpMWr
4,公众反馈/举报,"{'1': 0.0, '2': 0.0, '3': 0.0, '4': 1.0}",0.5,R0Ww1lAgt
3,民生服务,"{'1': 0.3, '2': 0.0, '3': 0.7, '4': 0.0}",0.9,R1crErwxV
1,政务发布,"{'1': 1.0, '2': 0.0, '3': 0.0, '4': 0.0}",0.9,R1cmjcR24
1,政务发布,"{'1': 1.0, '2': 0.0, '3': 0.0, '4': 0.0}",0.5,R1c5psgG1
1,政务发布,"{'1': 1.0, '2': 0.0, '3': 0.0, '4': 0.0}",0.8,R1aqgzRua
1,政务发布,"{'1': 1.0, '2': 0.0, '3': 0.0, '4': 0.0}",0.8,QFlKWtTpA
1,政务发布,"{'1': 1.0, '2': 0.0, '3': 0.0, '4': 0.0}",1.0,R1cJCu1yF
1,政务发布,"{'1': 0.0, '2': 0.0, '3': 0.0, '4': 0.0}",0.2,QFkWbDgIh
4,公众反馈/举报,"{'1': 0.0, '2': 0.0, '3': 0.0, '4': 1.0}",-0.4,QFlF6eIlf
3,民生服务,"{'1': 0.0, '2': 0.0, '3': 1.0, '4': 0.0}",0.9,QFiMAgA8h
1,政务发布,"{'1': 0.95, '2': 0.0, '3': 0.05, '4': 0.0}",0.0,QFlkplWzh
4,公众反馈/举报,"{'1': 0.1, '2': 0.0, '3': 0.0, '4': 0.9}",-0.2,QFk6pdJwm
4,公众反馈/举报,"{'1': 0.0, '2': 0.0, '3': 0.0, '4': 1.0}",-0.8,QFnkqpaIj
1,政务发布,"{'1': 0.9, '2': 0.0, '3': 0.1, '4': 0.0}",0.3,QFkxspiM6
1,政务发布,"{'1': 1.0, '2': 0.0, '3': 0.0, '4': 0.0}",0.95,QFkK8E9wB
4,公众反馈/举报,"{'1': 0.0, '2': 0.0, '3': 0.0, '4': 1.0}",0.0,QFkI9pX4J
1,政务发布,"{'1': 1.0, '2': 0.0, '3': 0.0, '4': 0.0}",0.9,QFipMxYKC
3,民生服务,"{'1': 0.0, '2': 0.0, '3': 0.0, '4': 1.0}",0.8,QFjny2rkd
2,城市问题,"{'1': 0.2, '2': 0.7, '3': 0.1, '4': 0.0}",0.4,QFnmz2Amc
1,政务发布,"{'1': 1.0, '2': 0.0, '3': 0.0, '4': 0.0}",0.5,QFkxqgQdP
1,政务发布,"{'1': 1.0, '2': 0.0, '3': 0.0, '4': 0.0}",1.0,QFlg0rA1C
4,公众反馈/举报,"{'1': 0.0, '2': 0.2, '3': 0.0, '4': 0.8}",-0.8,R1baUg0Bp
4,公众反馈/举报,"{'1': 0.0, '2': 0.0, '3': 0.0, '4': 1.0}",0.9,R1a7RrOHz
1,政务发布,"{'1': 1.0, '2': 0.0, '3': 0.0, '4': 0.0}",0.8,R1a9y4f9C
1,政务发布,"{'1': 1.0, '2': 0.0, '3': 0.0, '4': 0.0}",0.95,R19NYi9UC
4,公众反馈/举报,"{'1': 0.0, '2': 0.0, '3': 0.0, '4': 1.0}",-0.5,R1tJS7eW1
1,政务发布,"{'1': 1.0, '2': 0.0, '3': 0.0, '4': 0.0}",0.0,R1xU2Bz5a
1,政务发布,"{'1': 1.0, '2': 0.0, '3': 0.0, '4': 0.0}",0.85,R1vGLpjBZ
4,公众反馈/举报,"{'1': 0.0, '2': 0.0, '3': 0.0, '4': 1.0}",-0.8,R1vQXrDKB
1,政务发布,"{'1': 1.0, '2': 0.0, '3': 0.0, '4': 0.0}",0.3,R1vjmgNAk
1,政务发布,"{'1': 1.0, '2': 0.0, '3': 0.0, '4': 0.0}",0.9,R1vcX8nZb
3,民生服务,"{'1': 0.0, '2': 0.0, '3': 1.0, '4': 0.0}",0.8,QFmIHFpz5
4,公众反馈/举报,"{'1': 0.0, '2': 0.0, '3': 0.0, '4': 1.0}",-0.9,QFmHUCk51
1,政务发布,"{'1': 0.9, '2': 0.0, '3': 0.1, '4': 0.0}",0.9,QFmQPs7Az
3,民生服务,"{'1': 0.0, '2': 0.0, '3': 1.0, '4': 0.0}",0.6,QFk4vEviE
1,政务发布,"{'1': 1.0, '2': 0.0, '3': 0.0, '4': 0.0}",1.0,QFlcaiKR6
1,政务发布,"{'1': 1.0, '2': 0.0, '3': 0.0, '4': 0.0}",0.2,QFl4D6g88
2,城市问题,"{'1': 0.0, '2': 1.0, '3': 0.0, '4': 0.0}",-0.8,QFlkp8KwI
1,政务发布,"{'1': 1.0, '2': 0.0, '3': 0.0, '4': 0.0}",0.8,QFllIb3bh
3,民生服务,"{'1': 0.0, '2': 0.0, '3': 1.0, '4': 0.0}",0.6,QFkU5uA0z
1,政务发布,"{'1': 1.0, '2': 0.0, '3': 0.0, '4': 0.0}",0.5,QFlDuiMrK
4,公众反馈/举报,"{'1': 0.0, '2': 0.0, '3': 0.0, '4': 1.0}",-0.1,R00XouQk3
4,公众反馈/举报,"{'1': 0.0, '2': 0.0, '3': 0.0, '4': 1.0}",-0.5,QFXiMck0f
4,公众反馈/举报,"{'1': 0.0, '2': 0.2, '3': 0.2, '4': 0.6}",-0.9,R00c5zklD
3,民生服务,"{'1': 0.0, '2': 0.0, '3': 1.0, '4': 0.0}",0.9,QFTR6DV5y
1,政务发布,"{'1': 1.0, '2': 0.0, '3': 0.0, '4': 0.0}",0.6,QFV94AYoM
1,政务发布,"{'1': 1.0, '2': 0.0, '3': 0.0, '4': 0.0}",0.9,QFTut634t
4,公众反馈/举报,"{'1': 0.0, '2': 0.0, '3': 0.0, '4': 1.0}",0.5,R00XouQk3
4,公众反馈/举报,"{'1': 0.0, '2': 0.2, '3': 0.3, '4': 1.0}",-0.9,R00c5zklD
1,政务发布,"{'1': 1.0, '2': 0.0, '3': 0.0, '4': 0.0}",0.8,QFTR6DV5y
4,公众反馈/举报,"{'1': 0.0, '2': 0.0, '3': 0.0, '4': 1.0}",-0.3,QFXiMck0f
1,政务发布,"{'1': 1.0, '2': 0.0, '3': 0.0, '4': 0.0}",0.6,QFV94AYoM
1,政务发布,"{'1': 1.0, '2': 0.0, '3': 0.0, '4': 0.0}",0.8,R25eVDDds
1,政务发布,"{'1': 1.0, '2': 0.0, '3': 0.0, '4': 0.0}",0.9,QFTut634t
1,政务发布,"{'1': 1.0, '2': 0.0, '3': 0.0, '4': 0.0}",0.5,R27HpATT2
3,民生服务,"{'1': 0.0, '2': 0.0, '3': 1.0, '4': 0.0}",1.0,R23SXnigL
1,政务发布,"{'1': 1.0, '2': 0.0, '3': 0.0, '4': 0.0}",0.8,R0KFmuS9G
4,公众反馈/举报,"{'1': 0.0, '2': 0.0, '3': 0.0, '4': 1.0}",1.0,R0KN0xr36
1,政务发布,"{'1': 1.0, '2': 0.0, '3': 0.0, '4': 0.0}",0.8,QFnw2b5gu
4,公众反馈/举报,"{'1': 0.0, '2': 0.0, '3': 0.0, '4': 1.0}",0.4,R0Ink1qH5
4,公众反馈/举报,"{'1': 0.0, '2': 0.0, '3': 0.0, '4': 1.0}",-0.3,QFnDp4hk4
3,民生服务,"{'1': 0.2, '2': 0.0, '3': 0.8, '4': 0.0}",0.4,QFidOza7b
1,政务发布,"{'1': 1.0, '2': 0.0, '3': 0.0, '4': 0.0}",0.8,QFkVeF7b8
1,政务发布,"{'1': 1.0, '2': 0.0, '3': 0.0, '4': 0.0}",0.8,QFmShagL0
1,政务发布,"{'1': 1.0, '2': 0.0, '3': 0.0, '4': 0.0}",0.8,QFi8I885W
4,公众反馈/举报,"{'1': 0.0, '2': 0.0, '3': 0.0, '4': 1.0}",0.0,QFjLccVOn
3,民生服务,"{'1': 0.0, '2': 0.0, '3': 1.0, '4': 0.0}",0.0,QDUJzgU3Q
4,公众反馈/举报,"{'1': 0.0, '2': 0.0, '3': 0.0, '4': 1.0}",-0.8,QDZ7SekEU
3,民生服务,"{'1': 0.0, '2': 0.0, '3': 1.0, '4': 0.0}",0.8,QDYdSyrBh
1,政务发布,"{'1': 1.0, '2': 0.0, '3': 0.0, '4': 0.0}",0.5,QDYbbwRcS
1,政务发布,"{'1': 1.0, '2': 0.0, '3': 0.0, '4': 0.0}",1.0,QE4kueBwc
4,公众反馈/举报,"{'1': 0.0, '2': 0.0, '3': 0.0, '4': 1.0}",-0.3,QE9EyEiGO
3,民生服务,"{'1': 0.0, '2': 0.0, '3': 1.0, '4': 0.0}",0.0,QE3E3iERK
1,政务发布,"{'1': 1.0, '2': 0.0, '3': 0.0, '4': 0.0}",0.0,R1QvBeQLc
3,民生服务,"{'1': 0.0, '2': 0.0, '3': 1.0, '4': 0.0}",0.0,R1P0WxWWw
3,民生服务,"{'1': 0.2, '2': 0.0, '3': 0.8, '4': 0.0}",0.8,R1PzX7sxy
4,公众反馈/举报,"{'1': 0.0, '2': 0.0, '3': 0.0, '4': 1.0}",-0.5,R1P28AiaV
4,公众反馈/举报,"{'1': 0.0, '2': 0.0, '3': 0.0, '4': 1.0}",-1.0,R1Pmltw0D
4,公众反馈/举报,"{'1': 0.0, '2': 0.0, '3': 0.0, '4': 1.0}",-0.8,QEz0tgjkm
4,公众反馈/举报,"{'1': 0.0, '2': 0.0, '3': 0.0, '4': 1.0}",0.2,QECqRyD84
1,政务发布,"{'1': 1.0, '2': 0.0, '3': 0.0, '4': 0.0}",0.8,QEz2PeHZP
1,政务发布,"{'1': 1.0, '2': 0.0, '3': 0.0, '4': 0.0}",0.8,QExK7nZGR
4,公众反馈/举报,"{'1': 0.0, '2': 0.5, '3': 0.0, '4': 0.5}",-1.0,QEz3zD9Pv
1,政务发布,"{'1': 1.0, '2': 0.0, '3': 0.0, '4': 0.0}",0.8,QE74nk2hi
3,民生服务,"{'1': 0.0, '2': 0.0, '3': 1.0, '4': 0.0}",0.9,QE9azA8ss
1,政务发布,"{'1': 1.0, '2': 0.0, '3': 0.0, '4': 0.0}",0.9,QE7Qx85Hq
4,公众反馈/举报,"{'1': 0.0, '2': 0.3, '3': 0.2, '4': 0.5}",-0.3,QE7Od4Yfu
1,政务发布,"{'1': 1.0, '2': 0.0, '3': 0.0, '4': 0.0}",0.8,QE6NQp9t1
3,民生服务,"{'1': 0.0, '2': 0.0, '3': 1.0, '4': 0.0}",0.9,QE7zr4z1t
4,公众反馈/举报,"{'1': 0.0, '2': 0.0, '3': 0.0, '4': 1.0}",-1.0,QFlWe5PkN
3,民生服务,"{'1': 0.0, '2': 0.0, '3': 1.0, '4': 0.0}",0.0,QFnsopASL
1,政务发布,"{'1': 1.0, '2': 0.0, '3': 0.0, '4': 0.0}",0.8,QFkjV991a
1,政务发布,"{'1': 1.0, '2': 0.0, '3': 0.0, '4': 0.0}",0.0,QFmUaiR0W
4,公众反馈/举报,"{'1': 0.0, '2': 0.0, '3': 0.0, '4': 1.0}",0.3,QFnqllWWq
4,公众反馈/举报,"{'1': 0.0, '2': 0.0, '3': 0.0, '4': 1.0}",-1.0,QFlhe25XO
3,民生服务,"{'1': 0.0, '2': 0.0, '3': 1.0, '4': 0.0}",0.9,QFiuVFO6O
4,公众反馈/举报,"{'1': 0.0, '2': 0.0, '3': 0.0, '4': 1.0}",-0.6,QFiZqsHtD
4,公众反馈/举报,"{'1': 0.0, '2': 0.0, '3': 0.0, '4': 1.0}",0.8,QFniW9fpQ
3,民生服务,"{'1': 0.0, '2': 0.0, '3': 1.0, '4': 0.0}",0.0,QFm99h7Jv
1,政务发布,"{'1': 1.0, '2': 0.0, '3': 0.0, '4': 0.0}",0.8,QFmML9thP
4,公众反馈/举报,"{'1': 0.0, '2': 0.2, '3': 0.0, '4': 0.8}",-0.8,QFn2HywXn
1,政务发布,"{'1': 1.0, '2': 0.0, '3': 0.0, '4': 0.0}",0.8,QFlKNh2KR
1,政务发布,"{'1': 1.0, '2': 0.0, '3': 0.0, '4': 0.0}",0.8,QFi9ZnX1N
3,民生服务,"{'1': 0.0, '2': 0.0, '3': 1.0, '4': 0.0}",0.6,QFnziE1xs
1,政务发布,"{'1': 1.0, '2': 0.0, '3': 0.0, '4': 0.0}",1.0,QFhSj7xOo
1,政务发布,"{'1': 1.0, '2': 0.0, '3': 0.0, '4': 0.0}",0.5,QFhE7qCPE
1,政务发布,"{'1': 1.0, '2': 0.0, '3': 0.0, '4': 0.0}",0.3,QFlHJfRFv
3,民生服务,"{'1': 0.0, '2': 0.0, '3': 1.0, '4': 0.0}",0.9,QFiNM5Ice
1,政务发布,"{'1': 1.0, '2': 0.0, '3': 0.0, '4': 0.0}",0.5,R05pfvcBw
4,公众反馈/举报,"{'1': 0.0, '2': 0.0, '3': 0.0, '4': 1.0}",0.0,QFjnTw1Va
3,民生服务,"{'1': 0.0, '2': 0.0, '3': 1.0, '4': 0.0}",1.0,R08F3wo2h
1,政务发布,"{'1': 1.0, '2': 0.0, '3': 0.0, '4': 0.0}",1.0,R07t5fU9X
2,城市问题,"{'1': 0.0, '2': 1.0, '3': 0.0, '4': 0.0}",0.0,R06IAqBxY
1,政务发布,"{'1': 0.8, '2': 0.0, '3': 0.1, '4': 0.1}",0.6,R07WQ2wjm
1,政务发布,"{'1': 1.0, '2': 0.0, '3': 0.0, '4': 0.0}",0.9,R08B3wSyk
1,政务发布,"{'1': 1.0, '2': 0.0, '3': 0.0, '4': 0.0}",0.5,R08Mr2l9r
1,政务发布,"{'1': 1.0, '2': 0.0, '3': 0.0, '4': 0.0}",0.8,R009uCg7D
3,民生服务,"{'1': 0.1, '2': 0.0, '3': 0.8, '4': 0.1}",0.9,QFWgZbxrS
4,公众反馈/举报,"{'1': 0.0, '2': 0.0, '3': 0.0, '4': 1.0}",-0.8,R19OQnIPm
3,民生服务,"{'1': 0.0, '2': 0.0, '3': 1.0, '4': 0.0}",0.9,R19NliXgz
1,政务发布,"{'1': 1.0, '2': 0.0, '3': 0.0, '4': 0.0}",0.9,QFW3N8tmy
1,政务发布,"{'1': 1.0, '2': 0.0, '3': 0.0, '4': 0.0}",0.8,QFUa0sEtY
4,公众反馈/举报,"{'1': 0.0, '2': 0.0, '3': 0.0, '4': 1.0}",0.0,QFXgdvrbJ
4,公众反馈/举报,"{'1': 0.0, '2': 0.0, '3': 0.0, '4': 1.0}",-0.8,QFUD6vMLi
4,公众反馈/举报,"{'1': 0.0, '2': 0.0, '3': 0.0, '4': 1.0}",-0.8,QFU8kag9j
3,民生服务,"{'1': 0.0, '2': 0.0, '3': 1.0, '4': 0.0}",0.8,QFVI4g8o2
4,公众反馈/举报,"{'1': 0.0, '2': 0.0, '3': 0.0, '4': 1.0}",-0.5,QFX94yQxB
1,政务发布,"{'1': 1.0, '2': 0.0, '3': 0.0, '4': 0.0}",0.8,QFW3N8tmy
1,政务发布,"{'1': 1.0, '2': 0.0, '3': 0.0, '4': 0.0}",1.0,R009uCg7D
3,民生服务,"{'1': 0.0, '2': 0.0, '3': 1.0, '4': 0.0}",0.8,QFWgZbxrS
1,政务发布,"{'1': 1.0, '2': 0.0, '3': 0.0, '4': 0.0}",0.9,QFUa0sEtY
4,公众反馈/举报,"{'1': 0.0, '2': 0.0, '3': 0.0, '4': 1.0}",-0.9,QFU8kag9j
4,公众反馈/举报,"{'1': 0.0, '2': 0.0, '3': 0.0, '4': 1.0}",0.0,QFXgdvrbJ
4,公众反馈/举报,"{'1': 0.0, '2': 0.0, '3': 0.0, '4': 1.0}",-0.3,QFUD6vMLi
3,民生服务,"{'1': 0.0, '2': 0.0, '3': 1.0, '4': 0.0}",0.8,QFVI4g8o2
4,公众反馈/举报,"{'1': 0.0, '2': 0.0, '3': 0.2, '4': 0.8}",-0.3,QFX94yQxB
1,政务发布,"{'1': 1.0, '2': 0.0, '3': 0.0, '4': 0.0}",-0.8,R0W4JdvQ2
4,公众反馈/举报,"{'1': 0.0, '2': 0.2, '3': 0.1, '4': 0.7}",-0.8,R0T73rvn3
1,政务发布,"{'1': 1.0, '2': 0.0, '3': 0.0, '4': 0.0}",0.5,R0S190PJ2
4,公众反馈/举报,"{'1': 0.0, '2': 0.0, '3': 0.0, '4': 1.0}",0.2,R0Vg2hPY2
4,公众反馈/举报,"{'1': 0.0, '2': 0.0, '3': 0.0, '4': 1.0}",0.8,QFkIcFXqV
1,政务发布,"{'1': 1.0, '2': 0.0, '3': 0.0, '4': 0.0}",0.8,QFi66yjRW
1,政务发布,"{'1': 1.0, '2': 0.0, '3': 0.0, '4': 0.0}",0.8,QFk3we4pt
1,政务发布,"{'1': 1.0, '2': 0.0, '3': 0.0, '4': 0.0}",1.0,QFkY8Bj0G
3,民生服务,"{'1': 0.0, '2': 0.0, '3': 1.0, '4': 0.0}",0.0,QFnlrr4rz
1,政务发布,"{'1': 1.0, '2': 0.0, '3': 0.0, '4': 0.0}",0.5,QFlIjx8Kr
1,政务发布,"{'1': 1.0, '2': 0.0, '3': 0.0, '4': 0.0}",0.0,QFhUismsT
1,政务发布,"{'1': 1.0, '2': 0.0, '3': 0.0, '4': 0.0}",0.5,QFjLdbF1C
4,公众反馈/举报,"{'1': 0.0, '2': 0.0, '3': 0.0, '4': 1.0}",-0.2,QFjMSh1fY
1,政务发布,"{'1': 1.0, '2': 0.0, '3': 0.0, '4': 0.0}",0.0,QFiZico1H
1,政务发布,"{'1': 1.0, '2': 0.0, '3': 0.0, '4': 0.0}",0.0,R26RrApoF
3,民生服务,"{'1': 0.0, '2': 0.0, '3': 1.0, '4': 0.0}",0.7,R250s9KLU
1,政务发布,"{'1': 1.0, '2': 0.0, '3': 0.0, '4': 0.0}",0.8,R26jKdkAE
1,政务发布,"{'1': 1.0, '2': 0.0, '3': 0.0, '4': 0.0}",0.9,R24Lq22fA
4,公众反馈/举报,"{'1': 0.0, '2': 0.0, '3': 0.0, '4': 1.0}",0.6,R25yxu2rX
1,政务发布,"{'1': 1.0, '2': 0.0, '3': 0.0, '4': 0.0}",0.5,QE8iw6ZAC
4,公众反馈/举报,"{'1': 0.0, '2': 0.0, '3': 0.0, '4': 1.0}",-1.0,QE7URqmZY
4,公众反馈/举报,"{'1': 0.0, '2': 0.0, '3': 0.0, '4': 1.0}",-0.5,QE8gynqtZ
3,民生服务,"{'1': 0.0, '2': 0.0, '3': 1.0, '4': 0.0}",0.5,QE5AlDqDM
1,政务发布,"{'1': 1.0, '2': 0.0, '3': 0.0, '4': 0.0}",0.1,QE3eebhUR
1,政务发布,"{'1': 1.0, '2': 0.0, '3': 0.0, '4': 0.0}",0.3,R0TBZhIKB
4,公众反馈/举报,"{'1': 0.0, '2': 0.0, '3': 0.0, '4': 1.0}",0.8,R0TXfny2i
1,政务发布,"{'1': 1.0, '2': 0.0, '3': 0.0, '4': 0.0}",0.8,R0VfN9gjQ
4,公众反馈/举报,"{'1': 0.0, '2': 0.0, '3': 0.0, '4': 1.0}",-0.8,QEps1Faf8
1,政务发布,"{'1': 1.0, '2': 0.0, '3': 0.0, '4': 0.0}",0.5,R0UVMDpje
1,政务发布,"{'1': 1.0, '2': 0.0, '3': 0.0, '4': 0.0}",0.8,R0VFy2YpU
4,公众反馈/举报,"{'1': 0.0, '2': 0.0, '3': 0.0, '4': 1.0}",1.0,QErXX9m9B
3,民生服务,"{'1': 0.0, '2': 0.0, '3': 1.0, '4': 0.0}",0.8,QEqapeg4A
1,政务发布,"{'1': 1.0, '2': 0.0, '3': 0.0, '4': 0.0}",0.5,QEmtarmcb
1,政务发布,"{'1': 1.0, '2': 0.0, '3': 0.0, '4': 0.0}",0.5,QFnaagTxd
1,政务发布,"{'1': 1.0, '2': 0.0, '3': 0.0, '4': 0.0}",0.9,QFnc3euyh
1,政务发布,"{'1': 1.0, '2': 0.0, '3': 0.0, '4': 0.0}",1.0,QFnzxDMXh
1,政务发布,"{'1': 1.0, '2': 0.0, '3': 0.0, '4': 0.0}",0.6,QFk9Wxk0b
1,政务发布,"{'1': 1.0, '2': 0.0, '3': 0.0, '4': 0.0}",0.9,QFiyieCwO
4,公众反馈/举报,"{'1': 0.0, '2': 0.0, '3': 0.0, '4': 1.0}",0.0,QFk53uCsa
4,公众反馈/举报,"{'1': 0.0, '2': 0.0, '3': 0.0, '4': 1.0}",-0.9,QFgDFAAU5
1,政务发布,"{'1': 1.0, '2': 0.0, '3': 0.0, '4': 0.0}",0.0,QFi9dtvNw
3,民生服务,"{'1': 0.0, '2': 0.0, '3': 1.0, '4': 0.0}",0.8,QFkpAhjcR
1,政务发布,"{'1': 1.0, '2': 0.0, '3': 0.0, '4': 0.0}",0.0,QFhs2cqoj
1,政务发布,"{'1': 1.0, '2': 0.0, '3': 0.0, '4': 0.0}",0.3,QFkWqfWOK
4,公众反馈/举报,"{'1': 0.0, '2': 0.0, '3': 0.0, '4': 1.0}",-0.8,R2e7JgoXm
1,政务发布,"{'1': 1.0, '2': 0.0, '3': 0.0, '4': 0.0}",0.0,R2hfM1QOJ
3,民生服务,"{'1': 0.8, '2': 0.0, '3': 0.2, '4': 0.0}",0.5,R2hQOdtoX
3,民生服务,"{'1': 0.0, '2': 0.0, '3': 1.0, '4': 0.0}",0.8,R2dKPhaBe
1,政务发布,"{'1': 1.0, '2': 0.0, '3': 0.0, '4': 0.0}",0.9,R2grGbcS7
3,民生服务,"{'1': 0.0, '2': 0.0, '3': 1.0, '4': 0.0}",0.2,R2dKJFfgg
3,民生服务,"{'1': 0.0, '2': 0.0, '3': 1.0, '4': 0.0}",0.0,QFE8szOid
1,政务发布,"{'1': 1.0, '2': 0.0, '3': 0.0, '4': 0.0}",0.0,QFGogtgX1
4,公众反馈/举报,"{'1': 0.0, '2': 0.0, '3': 0.0, '4': 1.0}",-0.5,QFlfsBu9k
4,公众反馈/举报,"{'1': 0.0, '2': 0.0, '3': 0.0, '4': 1.0}",-0.3,QFjB754c3
1,政务发布,"{'1': 1.0, '2': 0.0, '3': 0.0, '4': 0.0}",0.5,QFkGeplWU
1,政务发布,"{'1': 1.0, '2': 0.0, '3': 0.0, '4': 0.0}",-0.5,QFlpS7Quj
3,民生服务,"{'1': 0.6, '2': 0.0, '3': 0.4, '4': 0.0}",0.8,QFl5olLaQ
1,政务发布,"{'1': 1.0, '2': 0.0, '3': 0.0, '4': 0.0}",0.8,QFkAu9d13
1,政务发布,"{'1': 1.0, '2': 0.0, '3': 0.0, '4': 0.0}",1.0,QFkjXdejc
3,民生服务,"{'1': 0.0, '2': 0.0, '3': 1.0, '4': 0.0}",0.0,QFm8017mV
4,公众反馈/举报,"{'1': 0.0, '2': 0.0, '3': 0.0, '4': 1.0}",-1.0,QFmuvBoyn
3,民生服务,"{'1': 0.0, '2': 0.0, '3': 0.0, '4': 0.0}",0.8,R19NliXgz
4,公众反馈/举报,"{'1': 0.0, '2': 0.0, '3': 0.0, '4': 1.0}",-0.8,R19OQnIPm
3,民生服务,"{'3': 0.8, '4': 0.2}",-0.3,QFnHrngUV
4,公众反馈/举报,"{'1': 0.0, '2': 0.0, '3': 0.0, '4': 1.0}",-0.8,QFCeg2Qf1
4,公众反馈/举报,"{'1': 0.0, '2': 0.0, '3': 0.0, '4': 1.0}",-0.8,QFC36k7F7
4,公众反馈/举报,"{'1': 0.0, '2': 0.1, '3': 0.0, '4': 0.9}",-0.9,QFhNTBykO
1,政务发布,"{'1': 1.0, '2': 0.0, '3': 0.0, '4': 0.0}",1.0,QFliPCSMS
1,政务发布,"{'1': 1.0, '2': 0.0, '3': 0.0, '4': 0.0}",0.3,QFinEypLD
3,民生服务,"{'1': 0.2, '2': 0.0, '3': 0.8, '4': 0.0}",0.9,QFkQU6kJV
4,公众反馈/举报,"{'1': 0.0, '2': 0.0, '3': 0.0, '4': 1.0}",0.5,QFlmri4zJ
3,民生服务,"{'1': 0.0, '2': 0.0, '3': 1.0, '4': 0.0}",0.5,QFWXfalY7
4,公众反馈/举报,"{'1': 0.0, '2': 0.3, '3': 0.2, '4': 0.5}",0.0,QFm3ABHL6
1,政务发布,"{'1': 1.0, '2': 0.0, '3': 0.0, '4': 0.0}",0.8,QFW1BoXC4
1,政务发布,"{'1': 1.0, '2': 0.0, '3': 0.0, '4': 0.0}",0.2,R0195xyfz
3,民生服务,"{'1': 0.0, '2': 0.0, '3': 1.0, '4': 0.0}",0.9,QFVtXBH9m
4,公众反馈/举报,"{'1': 0.0, '2': 0.0, '3': 0.0, '4': 1.0}",0.0,R01DF8Bpd
4,公众反馈/举报,"{'1': 0.0, '2': 0.0, '3': 0.1, '4': 0.9}",-0.3,QFX4u1yGV
3,民生服务,"{'1': 0.0, '2': 0.0, '3': 1.0, '4': 0.0}",0.8,R00WTsa1x
1,政务发布,"{'1': 1.0, '2': 0.0, '3': 0.0, '4': 0.0}",0.9,QFVDHxyo6
1,政务发布,"{'1': 1.0, '2': 0.0, '3': 0.0, '4': 0.0}",0.8,QFUkhfRLw
1,政务发布,"{'1': 1.0, '2': 0.0, '3': 0.0, '4': 0.0}",0.8,R01i1nb9f
3,民生服务,"{'1': 0.0, '2': 0.0, '3': 1.0, '4': 0.0}",0.6,QFWXfalY7
1,政务发布,"{'1': 1.0, '2': 0.0, '3': 0.0, '4': 0.0}",1.0,QFW1BoXC4
1,政务发布,"{'1': 1.0, '2': 0.0, '3': 0.0, '4': 0.0}",0.5,R0195xyfz
3,民生服务,"{'1': 0.0, '2': 0.0, '3': 1.0, '4': 0.0}",0.9,QFVtXBH9m
4,公众反馈/举报,"{'1': 0.0, '2': 0.0, '3': 0.0, '4': 1.0}",0.5,R01DF8Bpd
4,公众反馈/举报,"{'1': 0.0, '2': 0.2, '3': 0.3, '4': 0.5}",-0.3,QFX4u1yGV
3,民生服务,"{'1': 0.0, '2': 0.0, '3': 1.0, '4': 0.0}",0.8,R00WTsa1x
1,政务发布,"{'1': 1.0, '2': 0.0, '3': 0.0, '4': 0.0}",1.0,QFUkhfRLw
1,政务发布,"{'1': 1.0, '2': 0.0, '3': 0.0, '4': 0.0}",0.8,QFVDHxyo6
1,政务发布,"{'1': 0.5, '2': 0.0, '3': 0.5, '4': 0.0}",0.5,R01i1nb9f
1,政务发布,"{'1': 1.0, '2': 0.0, '3': 0.0, '4': 0.0}",0.8,R07QT7bQm
1,政务发布,"{'1': 1.0, '2': 0.0, '3': 0.0, '4': 0.0}",0.3,R06kiau0D
4,公众反馈/举报,"{'1': 0.0, '2': 0.0, '3': 0.0, '4': 1.0}",-0.8,R09cm7Dsd
1,政务发布,"{'1': 1.0, '2': 0.0, '3': 0.0, '4': 0.0}",0.5,R059Rlx6e
1,政务发布,"{'1': 1.0, '2': 0.0, '3': 0.0, '4': 0.0}",0.8,R05Dx7Rq6
1,政务发布,"{'1': 0.8, '2': 0.0, '3': 0.0, '4': 0.2}",0.5,R08fKuQnS
1,政务发布,"{'1': 1.0, '2': 0.0, '3': 0.0, '4': 0.0}",0.9,R08JAb9ZU
3,民生服务,"{'1': 0.0, '2': 0.0, '3': 1.0, '4': 0.0}",0.5,R0UKxqGOA
1,政务发布,"{'1': 1.0, '2': 0.0, '3': 0.0, '4': 0.0}",-0.8,R0Vz1aazC
4,公众反馈/举报,"{'1': 0.0, '2': 0.0, '3': 0.0, '4': 1.0}",0.0,R0S5tkcQi
4,公众反馈/举报,"{'1': 0.0, '2': 0.0, '3': 0.4, '4': 0.6}",0.0,QFDUwtcul
1,政务发布,"{'1': 1.0, '2': 0.0, '3': 0.0, '4': 0.0}",0.8,QFDyWgJ2l
4,公众反馈/举报,"{'1': 0.0, '2': 0.0, '3': 0.0, '4': 1.0}",0.6,R0VGcwO6B
1,政务发布,"{'1': 1.0, '2': 0.0, '3': 0.0, '4': 0.0}",-0.3,R0VEQiSOR
1,政务发布,"{'1': 1.0, '2': 0.0, '3': 0.0, '4': 0.0}",0.0,R0UVcEPx2
4,公众反馈/举报,"{'1': 0.0, '2': 0.0, '3': 0.0, '4': 1.0}",0.0,R0UTR5Q6w
4,公众反馈/举报,"{'1': 0.0, '2': 0.0, '3': 0.0, '4': 1.0}",-0.9,R0Uh2caC8
4,公众反馈/举报,"{'1': 0.0, '2': 0.1, '3': 0.0, '4': 0.9}",-1.0,R0U3N30Nt
1,政务发布,"{'1': 1.0, '2': 0.0, '3': 0.0, '4': 0.0}",0.7,R0Vm4EY9x
3,民生服务,"{'1': 0.0, '2': 0.0, '3': 1.0, '4': 0.0}",1.0,R2iLhbLUS
4,公众反馈/举报,"{'1': 0.0, '2': 0.0, '3': 0.0, '4': 1.0}",-0.6,R2gRGhSP1
3,民生服务,"{'1': 0.2, '2': 0.0, '3': 0.8, '4': 0.0}",0.7,R2hPv6KtI
4,公众反馈/举报,"{'1': 0.0, '2': 0.0, '3': 0.0, '4': 1.0}",0.8,R2hjrk9RQ
3,民生服务,"{'1': 0.0, '2': 0.0, '3': 1.0, '4': 0.0}",0.9,R2hnqBqeB
1,政务发布,"{'1': 1.0, '2': 0.0, '3': 0.0, '4': 0.0}",0.9,R2e2ck9t1
4,公众反馈/举报,"{'1': 0.0, '2': 0.0, '3': 0.0, '4': 1.0}",-1.0,R2e17hN5h
1,政务发布,"{'1': 1.0, '2': 0.0, '3': 0.0, '4': 0.0}",0.8,R2dN2jes0
4,公众反馈/举报,"{'1': 0.0, '2': 1.0, '3': 0.0, '4': 0.0}",0.0,R2aJezfQb
4,公众反馈/举报,"{'1': 0.0, '2': 0.0, '3': 0.0, '4': 1.0}",0.0,QFtZ6xtJh
2,城市问题,"{'1': 0.0, '2': 1.0, '3': 0.0, '4': 0.0}",-0.8,QFvUaoJEu
4,公众反馈/举报,"{'1': 0.0, '2': 0.0, '3': 0.0, '4': 1.0}",-0.8,QFnRi85g9
3,民生服务,"{'1': 0.2, '2': 0.0, '3': 0.8, '4': 0.0}",1.0,QEz2QqDLl
4,公众反馈/举报,"{'1': 0.0, '2': 0.0, '3': 0.0, '4': 1.0}",0.0,QECu6293e
4,公众反馈/举报,"{'1': 0.0, '2': 0.0, '3': 0.0, '4': 1.0}",-1.0,QExvpClcx
1,政务发布,"{'1': 1.0, '2': 0.0, '3': 0.0, '4': 0.0}",0.5,QFnaBqOBm
1,政务发布,"{'1': 1.0, '2': 0.0, '3': 0.0, '4': 0.0}",0.8,QFmDkvrD5
4,公众反馈/举报,"{'1': 0.0, '2': 0.0, '3': 0.0, '4': 1.0}",-0.5,QFkbnpy5n
4,公众反馈/举报,"{'1': 0.0, '2': 0.0, '3': 0.0, '4': 1.0}",0.0,QFleiwCMB
1,政务发布,"{'1': 1.0, '2': 0.0, '3': 0.0, '4': 0.0}",0.8,QFhMj4YWF
3,民生服务,"{'1': 0.0, '2': 0.0, '3': 1.0, '4': 0.0}",1.0,QFnpU0Zmj
4,公众反馈/举报,"{'1': 0.0, '2': 0.0, '3': 0.0, '4': 1.0}",-0.9,QFljMC8Ga
4,公众反馈/举报,"{'1': 0.0, '2': 0.0, '3': 0.0, '4': 1.0}",0.0,QFhne4uf4
3,民生服务,"{'1': 0.0, '2': 0.0, '3': 1.0, '4': 0.0}",0.8,QFj2hb4Wu
1,政务发布,"{'1': 1.0, '2': 0.0, '3': 0.0, '4': 0.0}",0.8,QFk9tzNZU
1,政务发布,"{'1': 1.0, '2': 0.0, '3': 0.0, '4': 0.0}",0.8,QFVpy0qWQ
4,公众反馈/举报,"{'1': 0.0, '2': 0.0, '3': 0.0, '4': 1.0}",-1.0,QFWVcBush
1,政务发布,"{'1': 1.0, '2': 0.0, '3': 0.0, '4': 0.0}",0.6,QFWnIhOB4
3,民生服务,"{'1': 0.0, '2': 0.0, '3': 1.0, '4': 0.0}",0.8,R00Plywvb
4,公众反馈/举报,"{'1': 0.0, '2': 0.0, '3': 0.0, '4': 1.0}",-0.8,R00qxE4n4
3,民生服务,"{'1': 0.0, '2': 0.0, '3': 1.0, '4': 0.0}",0.7,QFWVnudCY
1,政务发布,"{'1': 1.0, '2': 0.0, '3': 0.0, '4': 0.0}",0.5,QFVpy0qWQ
1,政务发布,"{'1': 1.0, '2': 0.0, '3': 0.0, '4': 0.0}",0.8,QFWHiq8kd
1,政务发布,"{'1': 1.0, '2': 0.0, '3': 0.0, '4': 0.0}",1.0,QFWIjAQEI
4,公众反馈/举报,"{'1': 0.0, '2': 0.2, '3': 0.3, '4': 0.5}",-0.9,QFWVcBush
1,政务发布,"{'1': 1.0, '2': 0.0, '3': 0.0, '4': 0.0}",0.5,R00Plywvb
1,政务发布,"{'1': 1.0, '2': 0.0, '3': 0.0, '4': 0.0}",0.0,QFWnIhOB4
4,公众反馈/举报,"{'1': 0.0, '2': 0.3, '3': 0.2, '4': 0.5}",-0.6,R00qxE4n4
1,政务发布,"{'1': 1.0, '2': 0.0, '3': 0.0, '4': 0.0}",0.8,QFWVnudCY
1,政务发布,"{'1': 1.0, '2': 0.0, '3': 0.0, '4': 0.0}",0.8,QFWHiq8kd
3,民生服务,"{'1': 0.0, '2': 0.0, '3': 1.0, '4': 0.0}",0.8,R1cbF9yjS
1,政务发布,"{'1': 0.9, '2': 0.0, '3': 0.1, '4': 0.0}",0.9,R1bPN15z6
1,政务发布,"{'1': 1.0, '2': 0.0, '3': 0.0, '4': 0.0}",0.0,R1bXRnDan
1,政务发布,"{'1': 1.0, '2': 0.0, '3': 0.0, '4': 0.0}",0.8,QFWIjAQEI
4,公众反馈/举报,"{'1': 0.0, '2': 0.0, '3': 0.0, '4': 1.0}",-1.0,R1alfwdTW
1,政务发布,"{'1': 1.0, '2': 0.0, '3': 0.0, '4': 0.0}",0.9,R1tciwxgT
3,民生服务,"{'1': 0.1, '2': 0.0, '3': 0.8, '4': 0.1}",0.9,R1uGDfzwA
1,政务发布,"{'1': 1.0, '2': 0.0, '3': 0.0, '4': 0.0}",0.8,R1tLjt9eT
1,政务发布,"{'1': 0.9, '2': 0.0, '3': 0.1, '4': 0.0}",0.8,R1uIOysv2
1,政务发布,"{'1': 1.0, '2': 0.0, '3': 0.0, '4': 0.0}",0.8,R06it08VK
3,民生服务,"{'1': 0.0, '2': 0.0, '3': 1.0, '4': 0.0}",0.8,R05vqtMlu
4,公众反馈/举报,"{'1': 0.0, '2': 0.0, '3': 0.0, '4': 1.0}",-0.6,R06Mjw9J9
4,公众反馈/举报,"{'1': 0.2, '2': 0.2, '3': 0.1, '4': 0.5}",-0.3,R07rAb96r
4,公众反馈/举报,"{'1': 0.0, '2': 0.0, '3': 0.0, '4': 1.0}",-1.0,R07xurSee
4,公众反馈/举报,"{'1': 0.0, '2': 0.0, '3': 0.4, '4': 0.6}",0.0,R05WquR3U
4,公众反馈/举报,"{'1': 0.0, '2': 0.0, '3': 0.0, '4': 1.0}",0.0,R07Rgzml0
4,公众反馈/举报,"{'1': 0.0, '2': 0.0, '3': 0.0, '4': 1.0}",-0.6,R08EVC5Nz
3,民生服务,"{'1': 0.0, '2': 0.0, '3': 1.0, '4': 0.0}",0.0,R07ZbDAuW
1,政务发布,"{'1': 1.0, '2': 0.0, '3': 0.0, '4': 0.0}",-0.5,QE0J9kgbm
3,民生服务,"{'1': 0.0, '2': 0.0, '3': 0.9, '4': 0.1}",0.3,QDXKf81MU
3,民生服务,"{'1': 0.0, '2': 0.0, '3': 1.0, '4': 0.0}",0.2,QDYu4lJFy
4,公众反馈/举报,"{'1': 0.0, '2': 0.0, '3': 0.0, '4': 1.0}",0.0,QDXfGvHKJ
3,民生服务,"{'1': 0.0, '2': 0.0, '3': 1.0, '4': 0.0}",0.5,R1nOKvSDa
1,政务发布,"{'1': 1.0, '2': 0.0, '3': 0.0, '4': 0.0}",0.8,R1m1t3e8R
1,政务发布,"{'1': 1.0, '2': 0.0, '3': 0.0, '4': 0.0}",0.5,R1nGScS9f
4,公众反馈/举报,"{'1': 0.0, '2': 0.0, '3': 0.0, '4': 1.0}",0.5,R1oyNvcBC
1,政务发布,"{'1': 1.0, '2': 0.0, '3': 0.0, '4': 0.0}",1.0,QEem86f5N
4,公众反馈/举报,"{'1': 0.0, '2': 0.0, '3': 0.0, '4': 1.0}",-0.5,QEe1Kt4qO
4,公众反馈/举报,"{'1': 0.0, '2': 0.0, '3': 0.0, '4': 1.0}",-0.8,QEdwmubFY
3,民生服务,"{'1': 0.0, '2': 0.0, '3': 1.0, '4': 0.0}",0.0,QEi63whqs
1,政务发布,"{'1': 1.0, '2': 0.0, '3': 0.0, '4': 0.0}",-0.2,R07OelLb2
3,民生服务,"{'1': 0.0, '2': 0.0, '3': 1.0, '4': 0.0}",0.1,R07Xg1Cm1
1,政务发布,"{'1': 1.0, '2': 0.0, '3': 0.0, '4': 0.0}",0.6,R06dng1Pr
3,民生服务,"{'1': 0.0, '2': 0.0, '3': 1.0, '4': 0.0}",0.8,R077Fjp5R
4,公众反馈/举报,"{'1': 0.0, '2': 0.0, '3': 0.0, '4': 1.0}",-1.0,R05ww3phD
1,政务发布,"{'1': 1.0, '2': 0.0, '3': 0.0, '4': 0.0}",0.8,R055yyZFe
3,民生服务,"{'1': 0.2, '2': 0.0, '3': 0.8, '4': 0.0}",0.9,R08m42GjI
1,政务发布,"{'1': 1.0, '2': 0.0, '3': 0.0, '4': 0.0}",0.8,R096w4z2S
3,民生服务,"{'1': 0.0, '2': 0.0, '3': 1.0, '4': 0.0}",0.8,R08C4kvcy
4,公众反馈/举报,"{'1': 0.0, '2': 0.0, '3': 0.0, '4': 1.0}",-0.9,R08ab1VGc
4,公众反馈/举报,"{'1': 0.0, '2': 0.0, '3': 0.0, '4': 1.0}",-0.8,R0RC39jcH
1,政务发布,"{'1': 1.0, '2': 0.0, '3': 0.0, '4': 0.0}",1.0,R0Vh47vHo
2,城市问题,"{'1': 0.0, '2': 1.0, '3': 0.0, '4': 0.0}",0.0,R0WeO74Gn
1,政务发布,"{'1': 1.0, '2': 0.0, '3': 0.0, '4': 0.0}",0.8,R0TMJhQRl
1,政务发布,"{'1': 1.0, '2': 0.0, '3': 0.0, '4': 0.0}",1.0,R0SqIvHbR
4,公众反馈/举报,"{'1': 0.0, '2': 0.1, '3': 0.0, '4': 0.9}",-0.9,R0UcEm40C
1,政务发布,"{'1': 1.0, '2': 0.0, '3': 0.0, '4': 0.0}",1.0,R0SJNo8op
3,民生服务,"{'1': 0.0, '2': 0.0, '3': 1.0, '4': 0.0}",0.0,QEKGhv71P
3,民生服务,"{'1': 0.0, '2': 0.0, '3': 1.0, '4': 0.0}",0.7,QFkVcbJAX
1,政务发布,"{'1': 1.0, '2': 0.0, '3': 0.0, '4': 0.0}",0.8,QFlmEkmvf
3,民生服务,"{'1': 0.0, '2': 0.0, '3': 1.0, '4': 0.0}",0.8,QFksbvZ4r
1,政务发布,"{'1': 1.0, '2': 0.0, '3': 0.0, '4': 0.0}",0.8,QFkxM9YEi
4,公众反馈/举报,"{'1': 0.0, '2': 0.0, '3': 0.0, '4': 1.0}",-1.0,QFgTEihDM
1,政务发布,"{'1': 1.0, '2': 0.0, '3': 0.0, '4': 0.0}",0.5,QFkwzFTRQ
3,民生服务,"{'1': 0.0, '2': 0.0, '3': 1.0, '4': 0.0}",0.0,QFmPY1uHv
4,公众反馈/举报,"{'1': 0.0, '2': 0.0, '3': 0.0, '4': 1.0}",-0.3,QFnGNuPjh
4,公众反馈/举报,"{'1': 0.0, '2': 0.0, '3': 0.0, '4': 1.0}",-0.5,QFi2W4pFv
3,民生服务,"{'1': 0.0, '2': 0.0, '3': 1.0, '4': 0.0}",0.5,QFkT8E858
4,公众反馈/举报,"{'1': 0.0, '2': 0.0, '3': 0.0, '4': 1.0}",0.5,QFi2Ehd9T
3,民生服务,"{'1': 0.0, '2': 0.0, '3': 1.0, '4': 0.0}",0.6,QFkRKokrp
3,民生服务,"{'1': 0.0, '2': 0.0, '3': 1.0, '4': 0.0}",1.0,QFknfof0k
2,城市问题,"{'1': 0.0, '2': 1.0, '3': 0.0, '4': 0.0}",0.0,QFnycaiBH
1,政务发布,"{'1': 1.0, '2': 0.0, '3': 0.0, '4': 0.0}",0.9,QFlagj8Nw
3,民生服务,"{'1': 0.0, '2': 0.0, '3': 1.0, '4': 0.0}",0.8,QFnrQyo5j
4,公众反馈/举报,"{'1': 0.0, '2': 1.0, '3': 0.0, '4': 0.0}",0.3,QFmUhDJCU
4,公众反馈/举报,"{'1': 0.0, '2': 0.0, '3': 0.0, '4': 1.0}",-1.0,QFf9kyRt5
1,政务发布,"{'1': 1.0, '2': 0.0, '3': 0.0, '4': 0.0}",1.0,QFlI5dpKx
1,政务发布,"{'1': 1.0, '2': 0.0, '3': 0.0, '4': 0.0}",0.8,QFiBXz770
1,政务发布,"{'1': 1.0, '2': 0.0, '3': 0.0, '4': 0.0}",0.8,QFmQBeYVl
1,政务发布,"{'1': 1.0, '2': 0.0, '3': 0.0, '4': 0.0}",0.0,QFia4plXH
1,政务发布,"{'1': 1.0, '2': 0.0, '3': 0.0, '4': 0.0}",1.0,QFhMr2AIK
4,公众反馈/举报,"{'1': 0.0, '2': 0.0, '3': 0.0, '4': 1.0}",0.0,QFk7W0zcC
1,政务发布,"{'1': 1.0, '2': 0.0, '3': 0.0, '4': 0.0}",0.8,QFliWu34E
1,政务发布,"{'1': 1.0, '2': 0.0, '3': 0.0, '4': 0.0}",0.5,QFj5x0qlo
4,公众反馈/举报,"{'1': 0.0, '2': 0.0, '3': 0.0, '4': 1.0}",0.0,QFnkAeKSn
1,政务发布,"{'1': 1.0, '2': 0.0, '3': 0.0, '4': 0.0}",1.0,QFii851aH
4,公众反馈/举报,"{'1': 0.0, '2': 0.0, '3': 0.0, '4': 1.0}",0.0,QFneiCdkD
3,民生服务,"{'1': 0.0, '2': 0.0, '3': 1.0, '4': 0.0}",0.5,QFjntEDii
4,公众反馈/举报,"{'1': 0.0, '2': 0.1, '3': 0.2, '4': 0.7}",-0.9,QFX1QwsWm
2,城市问题,"{'1': 0.0, '2': 0.0, '3': 0.0, '4': 1.0}",0.0,R007U0ceR
1,政务发布,"{'1': 1.0, '2': 0.0, '3': 0.0, '4': 0.0}",0.9,QFVTjfF3x
4,公众反馈/举报,"{'1': 0.0, '2': 0.0, '3': 0.0, '4': 1.0}",-0.5,QFWUqneFw
2,城市问题,"{'1': 0.0, '2': 0.0, '3': 0.0, '4': 1.0}",-0.5,QFWk1gkRN
1,政务发布,"{'1': 1.0, '2': 0.0, '3': 0.0, '4': 0.0}",0.8,QFVD5rBe4
4,公众反馈/举报,"{'1': 0.0, '2': 0.0, '3': 0.0, '4': 1.0}",-0.5,R00LadIec
2,城市问题,"{'1': 0.0, '2': 1.0, '3': 0.0, '4': 0.0}",0.0,R007U0ceR
4,公众反馈/举报,"{'1': 0.0, '2': 0.0, '3': 0.0, '4': 1.0}",-0.9,QFX1QwsWm
1,政务发布,"{'1': 1.0, '2': 0.0, '3': 0.0, '4': 0.0}",0.9,QFVTjfF3x
4,公众反馈/举报,"{'1': 0.0, '2': 0.0, '3': 0.0, '4': 1.0}",0.0,QFWUqneFw
2,城市问题,"{'1': 0.0, '2': 1.0, '3': 0.0, '4': 0.0}",0.1,QFWk1gkRN
4,公众反馈/举报,"{'1': 0.0, '2': 0.0, '3': 0.0, '4': 1.0}",0.0,R00LadIec
3,民生服务,"{'1': 0.0, '2': 0.0, '3': 1.0, '4': 0.0}",0.7,QFVD5rBe4
1,政务发布,"{'1': 1.0, '2': 0.0, '3': 0.0, '4': 0.0}",0.0,R1j2Ias6I
3,民生服务,"{'1': 0.0, '2': 0.0, '3': 1.0, '4': 0.0}",0.9,R1tqm4RvV
2,城市问题,"{'1': 0.0, '2': 1.0, '3': 0.0, '4': 0.0}",0.0,R1iWqp7yO
3,民生服务,"{'1': 0.0, '2': 0.0, '3': 1.0, '4': 0.0}",0.7,R1nh1xkkg
3,民生服务,"{'1': 0.0, '2': 0.0, '3': 1.0, '4': 0.0}",0.9,R1v9D9MZf
1,政务发布,"{'1': 1.0, '2': 0.0, '3': 0.0, '4': 0.0}",0.8,R1sxxqnwj
1,政务发布,"{'1': 1.0, '2': 0.0, '3': 0.0, '4': 0.0}",-0.7,R1xY99wR6
4,公众反馈/举报,"{'1': 0.0, '2': 0.0, '3': 0.0, '4': 1.0}",-0.8,QEYZBkB9g
1,政务发布,"{'1': 1.0, '2': 0.0, '3': 0.0, '4': 0.0}",0.8,R1sRbsyWm
1,政务发布,"{'1': 1.0, '2': 0.0, '3': 0.0, '4': 0.0}",0.5,QF14UeN1T
4,公众反馈/举报,"{'1': 0.0, '2': 0.0, '3': 0.0, '4': 1.0}",0.0,QEYy07UjO
4,公众反馈/举报,"{'1': 0.0, '2': 0.0, '3': 0.0, '4': 1.0}",-0.5,QF16ftXRW
4,公众反馈/举报,"{'1': 0.0, '2': 0.0, '3': 0.0, '4': 1.0}",0.0,R2dvGmHd6
1,政务发布,"{'1': 1.0, '2': 0.0, '3': 0.0, '4': 0.0}",0.8,R2dWrnY1s
1,政务发布,"{'1': 1.0, '2': 0.0, '3': 0.0, '4': 0.0}",0.9,R2dIEeNoD
1,政务发布,"{'1': 1.0, '2': 0.0, '3': 0.0, '4': 0.0}",0.8,R1lVT1XIR
3,民生服务,"{'1': 0.0, '2': 0.0, '3': 1.0, '4': 0.0}",0.5,R1kFu3xxn
3,民生服务,"{'1': 0.0, '2': 0.0, '3': 1.0, '4': 0.0}",0.8,R1jBmfbxx
4,公众反馈/举报,"{'1': 0.0, '2': 0.0, '3': 0.0, '4': 1.0}",-0.5,R1j8jt9Pf
1,政务发布,"{'1': 1.0, '2': 0.0, '3': 0.0, '4': 0.0}",0.8,R1lMXzqjv
3,民生服务,"{'1': 0.0, '2': 0.0, '3': 1.0, '4': 0.0}",0.8,R1w2L8jkL
4,公众反馈/举报,"{'1': 0.0, '2': 0.0, '3': 0.0, '4': 1.0}",0.2,R1kyv9K97
4,公众反馈/举报,"{'1': 0.0, '2': 0.0, '3': 0.0, '4': 1.0}",-0.9,R1xT1rVE2
1,政务发布,"{'1': 1.0, '2': 0.0, '3': 0.0, '4': 0.0}",0.8,R1uPSuJvK
4,公众反馈/举报,"{'1': 0.0, '2': 0.0, '3': 0.0, '4': 1.0}",0.6,R1sG4py0F
1,政务发布,"{'1': 1.0, '2': 0.0, '3': 0.0, '4': 0.0}",-0.2,R1xSp3hVO
1,政务发布,"{'1': 1.0, '2': 0.0, '3': 0.0, '4': 0.0}",0.8,R1t8H3GuS
4,公众反馈/举报,"{'1': 0.0, '2': 0.0, '3': 0.0, '4': 1.0}",0.7,QExUwdf1t
1,政务发布,"{'1': 1.0, '2': 0.0, '3': 0.0, '4': 0.0}",0.8,QEBULhz8k
1,政务发布,"{'1': 1.0, '2': 0.0, '3': 0.0, '4': 0.0}",0.8,QEg297vWZ
4,公众反馈/举报,"{'1': 0.0, '2': 0.0, '3': 0.0, '4': 1.0}",0.3,QEipjrkBY
4,公众反馈/举报,"{'1': 0.0, '2': 0.0, '3': 0.0, '4': 1.0}",-1.0,R1PeOqUit
4,公众反馈/举报,"{'1': 0.0, '2': 0.0, '3': 0.0, '4': 1.0}",-0.9,R1OIUgHlN
4,公众反馈/举报,"{'1': 0.0, '2': 0.0, '3': 0.0, '4': 1.0}",-0.8,R1MBGCqTo
1,政务发布,"{'1': 1.0, '2': 0.0, '3': 0.0, '4': 0.0}",0.8,R1LxyeSHr
4,公众反馈/举报,"{'1': 0.0, '2': 0.0, '3': 0.0, '4': 1.0}",0.0,R1IQtkVji
4,公众反馈/举报,"{'1': 0.0, '2': 0.0, '3': 0.0, '4': 1.0}",0.3,R1sNhauJZ
1,政务发布,"{'1': 1.0, '2': 0.0, '3': 0.0, '4': 0.0}",0.5,R00zCvy5b
1,政务发布,"{'1': 1.0, '2': 0.0, '3': 0.0, '4': 0.0}",0.5,QFWySfWiD
4,公众反馈/举报,"{'1': 0.0, '2': 0.2, '3': 0.0, '4': 0.8}",-1.0,QFT0wnyNq
4,公众反馈/举报,"{'1': 0.0, '2': 0.1, '3': 0.0, '4': 0.9}",-0.8,R01qNjV3a
1,政务发布,"{'1': 1.0, '2': 0.0, '3': 0.0, '4': 0.0}",1.0,R00zCvy5b
4,公众反馈/举报,"{'1': 0.0, '2': 0.0, '3': 0.2, '4': 0.8}",-0.9,R01Ai1GQr
4,公众反馈/举报,"{'1': 0.0, '2': 0.0, '3': 0.0, '4': 1.0}",-1.0,R01qNjV3a
1,政务发布,"{'1': 1.0, '2': 0.0, '3': 0.0, '4': 0.0}",0.0,QFWySfWiD
4,公众反馈/举报,"{'1': 0.0, '2': 0.0, '3': 0.0, '4': 1.0}",-1.0,QFT0wnyNq
4,公众反馈/举报,"{'1': 0.0, '2': 0.0, '3': 0.0, '4': 1.0}",-0.6,R0t3K7SVI
4,公众反馈/举报,"{'1': 0.0, '2': 0.2, '3': 0.3, '4': 0.5}",-0.9,R01Ai1GQr
1,政务发布,"{'1': 1.0, '2': 0.0, '3': 0.0, '4': 0.0}",0.6,R0seGcCZQ
1,政务发布,"{'1': 1.0, '2': 0.0, '3': 0.0, '4': 0.0}",0.9,R0sZV4pJ3
1,政务发布,"{'1': 1.0, '2': 0.0, '3': 0.0, '4': 0.0}",0.8,R0syWxYNX
1,政务发布,"{'1': 1.0, '2': 0.0, '3': 0.0, '4': 0.0}",0.0,R0t0B7wyM
4,公众反馈/举报,"{'1': 0.0, '2': 0.0, '3': 0.0, '4': 1.0}",0.0,R1hPYxD7X
4,公众反馈/举报,"{'1': 0.0, '2': 0.0, '3': 0.0, '4': 1.0}",0.0,R1jUG1Xds
1,政务发布,"{'1': 1.0, '2': 0.0, '3': 0.0, '4': 0.0}",0.8,R0632uyB6
1,政务发布,"{'1': 1.0, '2': 0.0, '3': 0.0, '4': 0.0}",0.3,R08T2x1Ya
4,公众反馈/举报,"{'1': 0.0, '2': 0.0, '3': 0.0, '4': 1.0}",-1.0,R07rvBfCp
3,民生服务,"{'1': 0.0, '2': 0.0, '3': 1.0, '4': 0.0}",0.0,R07OI9djt
4,公众反馈/举报,"{'1': 0.0, '2': 0.0, '3': 0.0, '4': 1.0}",-0.8,R074E8Wuc
3,民生服务,"{'1': 0.3, '2': 0.0, '3': 0.7, '4': 0.0}",0.9,R073U7zJX
4,公众反馈/举报,"{'1': 0.0, '2': 0.0, '3': 0.0, '4': 1.0}",-0.8,QDWGLm11v
3,民生服务,"{'1': 0.0, '2': 0.0, '3': 1.0, '4': 0.0}",0.5,R08xgt4II
4,公众反馈/举报,"{'1': 0.0, '2': 0.0, '3': 0.0, '4': 1.0}",0.8,QE0pF9Qnq
1,政务发布,"{'1': 1.0, '2': 0.0, '3': 0.0, '4': 0.0}",0.8,QDY7fB5qV
3,民生服务,"{'1': 0.0, '2': 0.0, '3': 1.0, '4': 0.0}",0.0,QDZEbr6v4
3,民生服务,"{'1': 0.0, '2': 0.0, '3': 1.0, '4': 0.0}",0.5,QE0vSnv0p
4,公众反馈/举报,"{'1': 0.0, '2': 0.0, '3': 0.0, '4': 1.0}",-0.9,QDWZUC0wV
4,公众反馈/举报,"{'1': 0.0, '2': 0.0, '3': 0.8, '4': 0.2}",0.8,QFVi20YsL
1,政务发布,"{'1': 1.0, '2': 0.0, '3': 0.0, '4': 0.0}",0.8,R00gi0P0L
1,政务发布,"{'1': 1.0, '2': 0.0, '3': 0.0, '4': 0.0}",0.8,R016ExK29
4,公众反馈/举报,"{'1': 0.0, '2': 0.0, '3': 0.0, '4': 1.0}",-0.9,QFUxHERqF
1,政务发布,"{'1': 1.0, '2': 0.0, '3': 0.0, '4': 0.0}",0.9,QFVjd8Y2i
3,民生服务,"{'1': 0.0, '2': 0.0, '3': 1.0, '4': 0.0}",0.9,QFTPlmlA0
4,公众反馈/举报,"{'1': 0.0, '2': 0.0, '3': 0.0, '4': 1.0}",0.0,R019avCTJ
1,政务发布,"{'1': 1.0, '2': 0.0, '3': 0.0, '4': 0.0}",0.8,R00gi0P0L
3,民生服务,"{'1': 0.0, '2': 0.0, '3': 1.0, '4': 0.0}",0.8,QFVi20YsL
1,政务发布,"{'1': 1.0, '2': 0.0, '3': 0.0, '4': 0.0}",0.8,R016ExK29
3,民生服务,"{'1': 0.2, '2': 0.0, '3': 0.8, '4': 0.0}",0.8,QFVjd8Y2i
4,公众反馈/举报,"{'1': 0.0, '2': 0.0, '3': 0.0, '4': 1.0}",-0.9,QFUxHERqF
4,公众反馈/举报,"{'1': 0.0, '2': 0.0, '3': 0.0, '4': 1.0}",0.0,R019avCTJ
1,政务发布,"{'1': 1.0, '2': 0.0, '3': 0.0, '4': 0.0}",0.8,QFTPlmlA0
1,政务发布,"{'1': 1.0, '2': 0.0, '3': 0.0, '4': 0.0}",0.8,R1QTE70CD
4,公众反馈/举报,"{'1': 0.0, '2': 0.0, '3': 0.0, '4': 1.0}",-0.9,R1a7zd8i1
1,政务发布,"{'1': 1.0, '2': 0.0, '3': 0.0, '4': 0.0}",0.3,R1coc9kGL
1,政务发布,"{'1': 1.0, '2': 0.0, '3': 0.0, '4': 0.0}",0.9,R1aIgr2IN
3,民生服务,"{'1': 0.0, '2': 0.0, '3': 1.0, '4': 0.0}",0.9,R1cpLrKnM
1,政务发布,"{'1': 1.0, '2': 0.0, '3': 0.0, '4': 0.0}",1.0,R19JaeDox
1,政务发布,"{'1': 1.0, '2': 0.0, '3': 0.0, '4': 0.0}",0.8,R26EBtN2o
4,公众反馈/举报,"{'1': 0.0, '2': 0.2, '3': 0.3, '4': 0.5}",-0.8,R248PxAYa
1,政务发布,"{'1': 1.0, '2': 0.0, '3': 0.0, '4': 0.0}",0.6,QE4rKuX5n
1,政务发布,"{'1': 1.0, '2': 0.0, '3': 0.0, '4': 0.0}",0.9,QE4BQ4yaJ
1,政务发布,"{'1': 1.0, '2': 0.0, '3': 0.0, '4': 0.0}",0.0,QE8HoA01C
1,政务发布,"{'1': 1.0, '2': 0.0, '3': 0.0, '4': 0.0}",0.9,R0L9fioIj
4,公众反馈/举报,"{'1': 0.0, '2': 0.0, '3': 0.0, '4': 1.0}",0.5,QE4hI7e2G
1,政务发布,"{'1': 1.0, '2': 0.0, '3': 0.0, '4': 0.0}",0.8,R0gdt7LOf
4,公众反馈/举报,"{'1': 0.0, '2': 0.0, '3': 0.0, '4': 1.0}",0.3,R0KrxCwzC
3,民生服务,"{'1': 0.0, '2': 0.0, '3': 1.0, '4': 0.0}",1.0,R0fWgz4AU
1,政务发布,"{'1': 1.0, '2': 0.0, '3': 0.0, '4': 0.0}",0.9,R0fpXdwIA
1,政务发布,"{'1': 1.0, '2': 0.0, '3': 0.0, '4': 0.0}",0.3,R0eMTDRe7
1,政务发布,"{'1': 1.0, '2': 0.0, '3': 0.0, '4': 0.0}",0.9,R0fdhwLsm
1,政务发布,"{'1': 1.0, '2': 0.0, '3': 0.0, '4': 0.0}",0.5,R0fc3aXBm
4,公众反馈/举报,"{'1': 0.0, '2': 0.0, '3': 0.0, '4': 1.0}",0.0,R0gk73R9H
4,公众反馈/举报,"{'1': 0.0, '2': 0.0, '3': 0.0, '4': 1.0}",0.3,R0gowAK2P
1,政务发布,"{'1': 1.0, '2': 0.0, '3': 0.0, '4': 0.0}",0.5,R0giUzMOq
3,民生服务,"{'1': 0.0, '2': 0.0, '3': 1.0, '4': 0.0}",0.9,R0hxRwgEI
1,政务发布,"{'1': 1.0, '2': 0.0, '3': 0.0, '4': 0.0}",0.9,R0fWgz4AU
1,政务发布,"{'1': 1.0, '2': 0.0, '3': 0.0, '4': 0.0}",0.8,R0gdt7LOf
1,政务发布,"{'1': 1.0, '2': 0.0, '3': 0.0, '4': 0.0}",1.0,R0fpXdwIA
1,政务发布,"{'1': 1.0, '2': 0.0, '3': 0.0, '4': 0.0}",0.1,R0eMTDRe7
4,公众反馈/举报,"{'1': 0.0, '2': 0.0, '3': 0.0, '4': 1.0}",0.8,R0gk73R9H
1,政务发布,"{'1': 1.0, '2': 0.0, '3': 0.0, '4': 0.0}",0.8,R0fdhwLsm
1,政务发布,"{'1': 1.0, '2': 0.0, '3': 0.0, '4': 0.0}",0.0,R0fc3aXBm
3,民生服务,"{'1': 0.1, '2': 0.0, '3': 0.9, '4': 0.0}",0.3,R0gowAK2P
1,政务发布,"{'1': 1.0, '2': 0.0, '3': 0.0, '4': 0.0}",1.0,R0giUzMOq
1,政务发布,"{'1': 0.9, '2': 0.0, '3': 0.1, '4': 0.0}",0.9,R0hxRwgEI
1,政务发布,"{'1': 1.0, '2': 0.0, '3': 0.0, '4': 0.0}",0.9,QE4yngcJI
4,公众反馈/举报,"{'1': 0.0, '2': 0.0, '3': 0.0, '4': 1.0}",0.5,QE4Kts3ft
1,政务发布,"{'1': 1.0, '2': 0.0, '3': 0.0, '4': 0.0}",0.5,QE4jmawrQ
1,政务发布,"{'1': 1.0, '2': 0.0, '3': 0.0, '4': 0.0}",0.0,QE7SOscYo
4,公众反馈/举报,"{'1': 0.0, '2': 0.0, '3': 0.0, '4': 1.0}",0.5,QE5Wxr4LD
1,政务发布,"{'1': 1.0, '2': 0.0, '3': 0.0, '4': 0.0}",0.0,QE5cteGXI
4,公众反馈/举报,"{'1': 0.0, '2': 0.9, '3': 0.0, '4': 1.0}",-0.9,R2hYvcge8
1,政务发布,"{'1': 1.0, '2': 0.0, '3': 0.0, '4': 0.0}",0.8,R2ezpcSG7
4,公众反馈/举报,"{'1': 0.0, '2': 0.0, '3': 0.0, '4': 1.0}",0.1,R2ggEnSSG
1,政务发布,"{'1': 1.0, '2': 0.0, '3': 0.0, '4': 0.0}",0.8,R2eTqxl6p
1,政务发布,"{'1': 1.0, '2': 0.0, '3': 0.0, '4': 0.0}",0.8,R2eh4xUrJ
1,政务发布,"{'1': 1.0, '2': 0.0, '3': 0.0, '4': 0.0}",0.9,R2emL28gA
3,民生服务,"{'1': 0.0, '2': 0.0, '3': 1.0, '4': 0.0}",0.0,QFVcreawS
4,公众反馈/举报,"{'1': 0.0, '2': 0.0, '3': 0.0, '4': 1.0}",-0.5,R2jfAnGna
1,政务发布,"{'1': 1.0, '2': 0.0, '3': 0.0, '4': 0.0}",0.3,R0039FihI
4,公众反馈/举报,"{'1': 0.0, '2': 0.0, '3': 0.0, '4': 1.0}",-0.8,QFU7m1g6X
4,公众反馈/举报,"{'1': 0.0, '2': 0.0, '3': 0.0, '4': 1.0}",-1.0,R1PASyxTi
4,公众反馈/举报,"{'1': 0.0, '2': 0.0, '3': 0.0, '4': 1.0}",-1.0,R1Pau9L4b
4,公众反馈/举报,"{'1': 0.0, '2': 0.0, '3': 0.0, '4': 1.0}",0.3,R01g5Di1y
1,政务发布,"{'1': 1.0, '2': 0.0, '3': 0.0, '4': 0.0}",0.0,国家气候中心：强厄尔尼诺事件正在发展并可能持续至明年春天
4,公众反馈/举报,"{'1': 0.0, '2': 0.0, '3': 0.0, '4': 1.0}",0.0,日本自卫队派人赴北约学俄乌战场经验
4,公众反馈/举报,"{'1': 0.0, '2': 0.0, '3': 0.0, '4': 1.0}",-0.5,女厕疑现摄像头，上海政法学院回应
1,政务发布,"{'1': 1.0, '2': 0.0, '3': 0.0, '4': 0.0}",0.0,头号种子辛纳爆冷出局，法网男单冠军悬念陡生
4,公众反馈/举报,"{'1': 0.0, '2': 0.0, '3': 0.0, '4': 1.0}",0.0,市场火热4月底公募基金规模冲上39万亿元
4,公众反馈/举报,"{'1': 0.0, '2': 0.0, '3': 0.0, '4': 1.0}",0.0,美媒：美伊达和平协议需特朗普批准
1,政务发布,"{'1': 1.0, '2': 0.0, '3': 0.0, '4': 0.0}",0.0,伊曝开放海峡换美军撤离白宫：草案是捏造
0,,{},0.0,美股据报美伊达成初步协议后延续破顶升势
0,,{},0.0,泰趁势推陆桥计划绕马六甲做新枢纽
4,公众反馈/举报,"{'1': 0.0, '2': 0.0, '3': 0.0, '4': 1.0}",0.0,加拿大协议年供百万吨LNG赴德减依赖美
4,公众反馈/举报,"{'1': 0.0, '2': 0.0, '3': 0.0, '4': 1.0}",0.0,美速秏战斧导弹重建库存需5年
4,公众反馈/举报,"{'1': 0.0, '2': 0.0, '3': 0.0, '4': 1.0}",0.0,朝鲜反驳Quad四方安全孙话联合声明：永远不会放弃核武
1,政务发布,"{'1': 1.0, '2': 0.0, '3': 0.0, '4': 0.0}",0.0,巨额补贴流向谷歌，当地民众用水却受限：印度AI时代的两难现实
4,公众反馈/举报,"{'1': 0.0, '2': 0.0, '3': 0.0, '4': 1.0}",0.0,"AI巨头淡化失业风险称\""就业末日\""言过其实"
0,,{},0.0,中国希望企业拥抱AI，同时不要裁员
1,政务发布,"{'1': 1.0, '2': 0.0, '3': 0.0, '4': 0.0}",0.0,"与特朗普\""撞脸\""水牛哈芝节前豁免宰杀#"""
4,公众反馈/举报,"{'1': 0.0, '2': 0.0, '3': 0.0, '4': 1.0}",0.3,R1PRCd2aH
4,公众反馈/举报,"{'1': 0.0, '2': 0.0, '3': 0.0, '4': 1.0}",0.0,QEQ5nvE0L
2,城市问题,"{'1': 0.0, '2': 1.0, '3': 0.0, '4': 0.0}",1.0,QESpbCUsw
4,公众反馈/举报,"{'1': 0.0, '2': 0.0, '3': 0.0, '4': 1.0}",0.0,QEQ1n2rAI
4,公众反馈/举报,"{'1': 0.0, '2': 0.0, '3': 0.0, '4': 1.0}",-0.9,QERRC92xC
4,公众反馈/举报,"{'1': 0.0, '2': 0.0, '3': 0.0, '4': 1.0}",0.6,QEAPzhTPL
3,民生服务,"{'1': 0.1, '2': 0.0, '3': 0.9, '4': 0.0}",0.8,QEPvjbrJP
1,政务发布,"{'1': 1.0, '2': 0.0, '3': 0.0, '4': 0.0}",0.8,QExAkzey2
1,政务发布,"{'1': 1.0, '2': 0.0, '3': 0.0, '4': 0.0}",0.5,QEBhoEpd9
1,政务发布,"{'1': 1.0, '2': 0.0, '3': 0.0, '4': 0.0}",0.0,QEz7mFRBZ
3,民生服务,"{'1': 0.0, '2': 0.0, '3': 1.0, '4': 0.0}",0.8,QEAxReZF4
1,政务发布,"{'1': 1.0, '2': 0.0, '3': 0.0, '4': 0.0}",0.885,QExBAAUCO
4,公众反馈/举报,"{'1': 0.0, '2': 0.0, '3': 0.0, '4': 1.0}",0.0,R0W6gCQpm
4,公众反馈/举报,"{'1': 0.0, '2': 0.0, '3': 0.0, '4': 1.0}",-1.0,QEaR0gIRL
1,政务发布,"{'1': 1.0, '2': 0.0, '3': 0.0, '4': 0.0}",0.8,R0T5Q9WdM
4,公众反馈/举报,"{'1': 0.0, '2': 0.0, '3': 0.0, '4': 1.0}",-0.6,R0WdymZGP
4,公众反馈/举报,"{'1': 0.0, '2': 0.0, '3': 0.0, '4': 1.0}",0.9,R0V6LsjzO
4,公众反馈/举报,"{'1': 0.0, '2': 0.0, '3': 0.2, '4': 0.8}",0.5,QDVbXwF2I
4,公众反馈/举报,"{'1': 0.0, '2': 0.0, '3': 0.0, '4': 1.0}",0.0,QDULEgXc7
4,公众反馈/举报,"{'1': 0.0, '2': 0.0, '3': 0.0, '4': 1.0}",0.0,QDZ3j8ntU
1,政务发布,"{'1': 1.0, '2': 0.0, '3': 0.0, '4': 0.0}",0.0,QDY4NgzJy
4,公众反馈/举报,"{'1': 0.0, '2': 0.0, '3': 0.0, '4': 1.0}",-0.8,QE0ORqP4B
1,政务发布,"{'1': 1.0, '2': 0.0, '3': 0.0, '4': 0.0}",0.0,QDZDZj9Wy
4,公众反馈/举报,"{'1': 0.0, '2': 0.0, '3': 0.0, '4': 1.0}",0.0,QDViZnLDT
4,公众反馈/举报,"{'1': 0.0, '2': 0.0, '3': 0.0, '4': 1.0}",0.0,R0NusdMTv
3,民生服务,"{'1': 0.0, '2': 0.0, '3': 1.0, '4': 0.0}",0.0,R0Ohu30fE
4,公众反馈/举报,"{'1': 0.0, '2': 0.0, '3': 0.0, '4': 1.0}",-0.2,R1iTE06Ua
4,公众反馈/举报,"{'1': 0.0, '2': 0.5, '3': 0.0, '4': 0.5}",-1.0,R0Q0jbmx6
1,政务发布,"{'1': 1.0, '2': 0.0, '3': 0.0, '4': 0.0}",0.8,R1jA0l4yY
4,公众反馈/举报,"{'1': 0.0, '2': 0.0, '3': 0.0, '4': 1.0}",-1.0,R1hIC8lQ4
1,政务发布,"{'1': 1.0, '2': 0.0, '3': 0.0, '4': 0.0}",0.8,R1lav8lMP
4,公众反馈/举报,"{'1': 0.0, '2': 0.3, '3': 0.2, '4': 1.0}",-0.8,R1j1XAKzS
4,公众反馈/举报,"{'1': 0.0, '2': 0.0, '3': 0.0, '4': 1.0}",-0.8,R27mIuWuD
4,公众反馈/举报,"{'1': 0.0, '2': 0.2, '3': 0.0, '4': 0.8}",-0.9,R05tgwK4F
2,城市问题,"{'1': 0.0, '2': 0.0, '3': 0.0, '4': 1.0}",-0.6,R05kEgNas
1,政务发布,"{'1': 1.0, '2': 0.0, '3': 0.0, '4': 0.0}",0.8,R09cakAys
4,公众反馈/举报,"{'1': 0.0, '2': 0.0, '3': 0.0, '4': 1.0}",-0.6,R06DmuAd7
4,公众反馈/举报,"{'1': 0.0, '2': 0.0, '3': 0.0, '4': 1.0}",-0.8,R04cKzrSV
1,政务发布,"{'1': 1.0, '2': 0.0, '3': 0.0, '4': 0.0}",0.8,R07nIoEbf
1,政务发布,"{'1': 1.0, '2': 0.0, '3': 0.0, '4': 0.0}",1.0,R07P6lPFW
1,政务发布,"{'1': 1.0, '2': 0.0, '3': 0.0, '4': 0.0}",0.7,R08Ht5VWw
4,公众反馈/举报,"{'1': 0.0, '2': 0.1, '3': 0.0, '4': 0.9}",0.0,QDZKVCJHo
1,政务发布,"{'1': 1.0, '2': 0.0, '3': 0.0, '4': 0.0}",0.8,QDYyD7S5u
3,民生服务,"{'1': 0.0, '2': 0.0, '3': 1.0, '4': 0.0}",0.0,QDUFnnJHm
1,政务发布,"{'1': 1.0, '2': 0.0, '3': 0.0, '4': 0.0}",1.0,QDXXtxRNv
3,民生服务,"{'1': 0.2, '2': 0.1, '3': 0.5, '4': 0.2}",0.2,QDY2iqf3A
3,民生服务,"{'1': 0.0, '2': 0.0, '3': 1.0, '4': 0.0}",0.0,QFnEzxl8r
1,政务发布,"{'1': 1.0, '2': 0.0, '3': 0.0, '4': 0.0}",0.0,QFnAIuaw5
1,政务发布,"{'1': 1.0, '2': 0.0, '3': 0.0, '4': 0.0}",0.9,QFlKmjdsK
4,公众反馈/举报,"{'1': 0.0, '2': 0.0, '3': 0.0, '4': 1.0}",0.0,QFiOjF5cp
1,政务发布,"{'1': 1.0, '2': 0.0, '3': 0.0, '4': 0.0}",0.0,QFliwBy4t
1,政务发布,"{'1': 1.0, '2': 0.0, '3': 0.0, '4': 0.0}",0.8,QFlgYqFEl
2,城市问题,"{'1': 0.0, '2': 0.1, '3': 0.0, '4': 0.9}",-0.3,QFm0wsPln
4,公众反馈/举报,"{'1': 0.0, '2': 0.0, '3': 0.0, '4': 1.0}",0.0,QFkSNFkay
3,民生服务,"{'1': 0.0, '2': 0.0, '3': 1.0, '4': 0.0}",0.8,QEpDGoorT
1,政务发布,"{'1': 0.9, '2': 0.0, '3': 0.1, '4': 0.0}",0.3,QEochBdag
4,公众反馈/举报,"{'1': 0.0, '2': 0.0, '3': 1.0, '4': 1.0}",-0.5,QEqq6n2Is
1,政务发布,"{'1': 1.0, '2': 0.0, '3': 0.0, '4': 0.0}",0.8,QEqfbjcDb
4,公众反馈/举报,"{'1': 0.0, '2': 0.0, '3': 0.0, '4': 1.0}",-0.8,QEpS0g7H4
1,政务发布,"{'1': 1.0, '2': 0.0, '3': 0.0, '4': 0.0}",0.9,QFVQdgZQg
1,政务发布,"{'1': 1.0, '2': 0.0, '3': 0.0, '4': 0.0}",1.0,QFVSyl3O4
3,民生服务,"{'1': 0.0, '2': 0.0, '3': 1.0, '4': 0.0}",0.0,R00LjqxPm
4,公众反馈/举报,"{'1': 0.0, '2': 0.0, '3': 0.0, '4': 1.0}",-1.0,QFWQa5qaq
1,政务发布,"{'1': 1.0, '2': 0.0, '3': 0.0, '4': 0.0}",0.9,QFTBot5Kd
1,政务发布,"{'1': 1.0, '2': 0.0, '3': 0.0, '4': 0.0}",0.8,QFW2Of1Nw
1,政务发布,"{'1': 1.0, '2': 0.0, '3': 0.0, '4': 0.0}",1.0,QFVSyl3O4
2,城市问题,"{'1': 0.0, '2': 1.0, '3': 0.0, '4': 0.0}",0.95,QFVEvesT2
1,政务发布,"{'1': 1.0, '2': 0.0, '3': 0.0, '4': 0.0}",0.9,QFWxEwCCX
3,民生服务,"{'1': 0.0, '2': 0.0, '3': 1.0, '4': 0.0}",0.9,QFVQdgZQg
4,公众反馈/举报,"{'1': 0.0, '2': 0.0, '3': 0.0, '4': 1.0}",0.5,R00LjqxPm
1,政务发布,"{'1': 1.0, '2': 0.0, '3': 0.0, '4': 0.0}",0.8,QFTBot5Kd
4,公众反馈/举报,"{'1': 0.0, '2': 0.2, '3': 0.1, '4': 0.7}",-0.9,QFWQa5qaq
3,民生服务,"{'1': 0.0, '2': 0.0, '3': 1.0, '4': 0.0}",0.9,QFW2Of1Nw
1,政务发布,"{'1': 1.0, '2': 0.0, '3': 0.0, '4': 0.0}",0.9,QFVEvesT2
1,政务发布,"{'1': 1.0, '2': 0.0, '3': 0.0, '4': 0.0}",0.8,QFWxEwCCX
2,城市问题,"{'1': 0.0, '2': 1.0, '3': 0.0, '4': 0.0}",-0.6,QEVlPqtfJ
1,政务发布,"{'1': 1.0, '2': 0.0, '3': 0.0, '4': 0.0}",0.8,QESyoBSKL
4,公众反馈/举报,"{'1': 0.0, '2': 0.0, '3': 0.0, '4': 1.0}",-0.5,QEVqrjOUT
3,民生服务,"{'1': 0.1, '2': 0.0, '3': 0.9, '4': 0.0}",1.0,QESoJyD59
4,公众反馈/举报,"{'1': 0.0, '2': 0.0, '3': 0.0, '4': 1.0}",-0.6,QES4Jjvxz
3,民生服务,"{'1': 0.0, '2': 0.0, '3': 1.0, '4': 0.0}",1.0,QFm7s3iyf
1,政务发布,"{'1': 1.0, '2': 0.0, '3': 0.0, '4': 0.0}",0.8,QFkkqgf3y
4,公众反馈/举报,"{'1': 0.0, '2': 0.2, '3': 0.1, '4': 0.7}",-0.8,QFnF1iU6D
3,民生服务,"{'1': 0.0, '2': 0.0, '3': 1.0, '4': 0.0}",1.0,QFlub6tDC
1,政务发布,"{'1': 1.0, '2': 0.0, '3': 0.0, '4': 0.0}",0.8,QFlinyCxh
1,政务发布,"{'1': 1.0, '2': 0.0, '3': 0.0, '4': 0.0}",0.5,QFk9BgUKr
4,公众反馈/举报,"{'1': 0.0, '2': 0.0, '3': 0.0, '4': 1.0}",-0.8,QFhIOrYka
4,公众反馈/举报,"{'1': 0.0, '2': 0.7, '3': 0.0, '4': 0.3}",-0.8,QFlDVsJob
1,政务发布,"{'1': 1.0, '2': 0.0, '3': 0.0, '4': 0.0}",0.5,R1vjZyHLH
4,公众反馈/举报,"{'1': 0.0, '2': 0.0, '3': 0.0, '4': 1.0}",-1.0,R1vol39dQ
4,公众反馈/举报,"{'1': 0.0, '2': 0.0, '3': 0.0, '4': 1.0}",-0.2,R1u0j8BkL
1,政务发布,"{'1': 1.0, '2': 0.0, '3': 0.0, '4': 0.0}",1.0,R1vII7Yig
4,公众反馈/举报,"{'1': 0.0, '2': 0.0, '3': 0.0, '4': 1.0}",-1.0,R1xT7qXU1
1,政务发布,"{'1': 1.0, '2': 0.0, '3': 0.0, '4': 0.0}",0.8,R1uZelFnz
1,政务发布,"{'1': 1.0, '2': 0.0, '3': 0.0, '4': 0.0}",0.8,QFUJYleaQ
3,民生服务,"{'1': 0.0, '2': 0.0, '3': 1.0, '4': 0.0}",0.0,QFSYTk6lS
1,政务发布,"{'1': 1.0, '2': 0.0, '3': 0.0, '4': 0.0}",1.0,R01nY21qz
3,民生服务,"{'1': 0.2, '2': 0.0, '3': 0.8, '4': 0.0}",0.9,QFUV66tOd
4,公众反馈/举报,"{'1': 0.0, '2': 0.0, '3': 0.0, '4': 1.0}",-0.2,R00VEd6qS
3,民生服务,"{'1': 0.0, '2': 0.0, '3': 1.0, '4': 0.0}",0.5,R00ItaZcZ
4,公众反馈/举报,"{'1': 0.0, '2': 0.0, '3': 0.0, '4': 1.0}",-0.9,QFQf1sOAR
1,政务发布,"{'1': 1.0, '2': 0.0, '3': 0.0, '4': 0.0}",0.8,QFUJYleaQ
1,政务发布,"{'1': 1.0, '2': 0.0, '3': 0.0, '4': 0.0}",0.95,R01nY21qz
4,公众反馈/举报,"{'1': 0.0, '2': 0.0, '3': 0.0, '4': 1.0}",0.0,QFSYTk6lS
1,政务发布,"{'1': 1.0, '2': 0.0, '3': 0.0, '4': 0.0}",0.9,QFUV66tOd
2,城市问题,"{'1': 0.0, '2': 0.0, '3': 0.0, '4': 1.0}",0.0,R00ItaZcZ
4,公众反馈/举报,"{'1': 0.0, '2': 0.0, '3': 0.0, '4': 1.0}",0.3,R00VEd6qS
4,公众反馈/举报,"{'1': 0.0, '2': 0.0, '3': 0.0, '4': 1.0}",-1.0,QFQf1sOAR
1,政务发布,"{'1': 1.0, '2': 0.0, '3': 0.0, '4': 0.0}",0.8,R0Trj0sh6
1,政务发布,"{'1': 1.0, '2': 0.0, '3': 0.0, '4': 0.0}",-0.5,R0WszFSaG
4,公众反馈/举报,"{'1': 0.0, '2': 0.0, '3': 0.0, '4': 1.0}",0.0,R0W4uE862
1,政务发布,"{'1': 1.0, '2': 0.0, '3': 0.0, '4': 0.0}",0.5,R0ThkywbP
4,公众反馈/举报,"{'1': 0.0, '2': 0.1, '3': 0.0, '4': 0.9}",-0.3,R0WhY1OQV
1,政务发布,"{'1': 1.0, '2': 0.0, '3': 0.0, '4': 0.0}",0.7,R0WmZEBXD
1,政务发布,"{'1': 1.0, '2': 0.0, '3': 0.0, '4': 0.0}",0.0,R0Wq59z8A
4,公众反馈/举报,"{'1': 0.0, '2': 0.0, '3': 0.0, '4': 1.0}",-0.5,R0Ux38WSM
1,政务发布,"{'1': 1.0, '2': 0.0, '3': 0.0, '4': 0.0}",0.0,R1Mtdned2
3,民生服务,"{'1': 0.0, '2': 0.0, '3': 1.0, '4': 0.0}",0.5,R1NpaAl9W
1,政务发布,"{'1': 1.0, '2': 0.0, '3': 0.0, '4': 0.0}",0.5,R1Miea7Jm
1,政务发布,"{'1': 1.0, '2': 0.0, '3': 0.0, '4': 0.0}",0.9,R1Mggx8lK
2,城市问题,"{'1': 0.0, '2': 0.8, '3': 0.0, '4': 0.2}",-0.9,R1NC3AY1r
1,政务发布,"{'1': 1.0, '2': 0.0, '3': 0.0, '4': 0.0}",1.0,R1NvfxH06
1,政务发布,"{'1': 1.0, '2': 0.0, '3': 0.0, '4': 0.0}",0.7,R00zJB1Rp
4,公众反馈/举报,"{'1': 0.0, '2': 0.0, '3': 0.0, '4': 1.0}",-1.0,R00Mo4Hw6
4,公众反馈/举报,"{'1': 0.0, '2': 0.0, '3': 0.0, '4': 1.0}",0.0,QFScTg7pv
1,政务发布,"{'1': 1.0, '2': 0.0, '3': 0.0, '4': 0.0}",0.8,QFVOxcV5Q
3,民生服务,"{'1': 0.0, '2': 0.0, '3': 1.0, '4': 0.0}",0.0,R01axnood
4,公众反馈/举报,"{'1': 0.0, '2': 0.0, '3': 0.3, '4': 0.7}",-0.6,QFV3Gq47c
4,公众反馈/举报,"{'1': 0.0, '2': 0.0, '3': 0.0, '4': 1.0}",-0.9,R00Mo4Hw6
1,政务发布,"{'1': 1.0, '2': 0.0, '3': 0.0, '4': 0.0}",0.8,QFWGIybay
1,政务发布,"{'1': 1.0, '2': 0.0, '3': 0.0, '4': 0.0}",0.95,R00zJB1Rp
1,政务发布,"{'1': 1.0, '2': 0.0, '3': 0.0, '4': 0.0}",1.0,QFVOxcV5Q
1,政务发布,"{'1': 1.0, '2': 0.0, '3': 0.0, '4': 0.0}",0.8,QFWGIybay
4,公众反馈/举报,"{'1': 0.0, '2': 0.0, '3': 0.0, '4': 1.0}",0.0,QFScTg7pv
4,公众反馈/举报,"{'1': 0.0, '2': 0.0, '3': 0.1, '4': 0.9}",0.5,R01axnood
4,公众反馈/举报,"{'1': 0.0, '2': 0.0, '3': 0.2, '4': 0.8}",-0.8,QFV3Gq47c
1,政务发布,"{'1': 1.0, '2': 0.0, '3': 0.0, '4': 0.0}",0.8,R26dt2wcs
4,公众反馈/举报,"{'1': 0.0, '2': 0.0, '3': 0.0, '4': 1.0}",0.5,R29CtcLy9
4,公众反馈/举报,"{'1': 0.0, '2': 0.0, '3': 0.0, '4': 1.0}",-1.0,R22JfzRxs
2,城市问题,"{'1': 0.0, '2': 1.0, '3': 0.0, '4': 0.0}",0.0,R23RrsAHj
3,民生服务,"{'1': 0.0, '2': 0.0, '3': 1.0, '4': 0.0}",0.8,QEGz7F7RK
4,公众反馈/举报,"{'1': 0.0, '2': 0.0, '3': 0.0, '4': 1.0}",-0.3,QFRqbugdW
1,政务发布,"{'1': 1.0, '2': 0.0, '3': 0.0, '4': 0.0}",0.8,R01lJzu5D
4,公众反馈/举报,"{'1': 0.0, '2': 0.0, '3': 0.0, '4': 1.0}",0.0,R00iA4hxa
4,公众反馈/举报,"{'1': 0.0, '2': 0.0, '3': 0.0, '4': 1.0}",-0.9,QFXpJkJYx
3,民生服务,"{'1': 0.0, '2': 0.0, '3': 1.0, '4': 0.0}",0.8,QFWcwk0Wg
4,公众反馈/举报,"{'1': 0.0, '2': 0.0, '3': 0.0, '4': 1.0}",-0.5,QFRqbugdW
1,政务发布,"{'1': 1.0, '2': 0.0, '3': 0.0, '4': 0.0}",-0.1,R01bAnSzU
4,公众反馈/举报,"{'1': 0.0, '2': 0.0, '3': 0.0, '4': 1.0}",-1.0,QFXpJkJYx
1,政务发布,"{'1': 1.0, '2': 0.0, '3': 0.0, '4': 0.0}",0.8,R01lJzu5D
4,公众反馈/举报,"{'1': 0.1, '2': 0.0, '3': 0.2, '4': 0.7}",0.0,R00iA4hxa
1,政务发布,"{'1': 0.8, '2': 0.0, '3': 0.1, '4': 0.1}",0.8,QFWcwk0Wg
2,城市问题,"{'1': 0.0, '2': 0.7, '3': 0.3, '4': 0.0}",0.0,R00GLmE2S
4,公众反馈/举报,"{'1': 0.0, '2': 0.0, '3': 0.0, '4': 1.0}",-1.0,R00LLCwbq
4,公众反馈/举报,"{'1': 0.0, '2': 0.0, '3': 0.0, '4': 1.0}",0.0,QFVNw2c8U
1,政务发布,"{'1': 1.0, '2': 0.0, '3': 0.0, '4': 0.0}",0.5,R01bAnSzU
1,政务发布,"{'1': 1.0, '2': 0.0, '3': 0.0, '4': 0.0}",0.0,QFWGWhB0i
1,政务发布,"{'1': 1.0, '2': 0.0, '3': 0.0, '4': 0.0}",0.8,QFU8neb66
1,政务发布,"{'1': 1.0, '2': 0.0, '3': 0.0, '4': 0.0}",0.8,R00XW6EXx
1,政务发布,"{'1': 1.0, '2': 0.0, '3': 0.0, '4': 0.0}",1.0,QFTGlCRsv
4,公众反馈/举报,"{'1': 0.0, '2': 0.0, '3': 0.0, '4': 1.0}",-1.0,R00LLCwbq
4,公众反馈/举报,"{'1': 0.0, '2': 0.0, '3': 0.0, '4': 1.0}",0.0,QFVNw2c8U
4,公众反馈/举报,"{'1': 0.0, '2': 0.0, '3': 0.0, '4': 1.0}",-0.7,R00GLmE2S
3,民生服务,"{'1': 0.0, '2': 0.0, '3': 1.0, '4': 0.0}",0.8,QFU8neb66
1,政务发布,"{'1': 1.0, '2': 0.0, '3': 0.0, '4': 0.0}",0.0,QFWGWhB0i
1,政务发布,"{'1': 1.0, '2': 0.0, '3': 0.0, '4': 0.0}",0.9,QFTGlCRsv
3,民生服务,"{'1': 0.2, '2': 0.0, '3': 0.8, '4': 0.0}",0.8,R00XW6EXx
1,政务发布,"{'1': 1.0, '2': 0.0, '3': 0.0, '4': 0.0}",0.5,R29cphIQt
3,民生服务,"{'1': 0.6, '2': 0.0, '3': 0.4, '4': 0.0}",0.8,R28Tb1qFL
4,公众反馈/举报,"{'1': 0.0, '2': 0.0, '3': 0.0, '4': 1.0}",-1.0,R26GqE8Vl
1,政务发布,"{'1': 1.0, '2': 0.0, '3': 0.0, '4': 0.0}",0.8,R1F12ihMM
1,政务发布,"{'1': 1.0, '2': 0.0, '3': 0.0, '4': 0.0}",0.8,R1DejC2cA
1,政务发布,"{'1': 1.0, '2': 0.0, '3': 0.0, '4': 0.0}",0.5,R1C40qTTI
4,公众反馈/举报,"{'1': 0.0, '2': 0.1, '3': 0.2, '4': 0.7}",-0.3,R1C1VAKuP
1,政务发布,"{'1': 1.0, '2': 0.0, '3': 0.0, '4': 0.0}",0.9,R1A3c5c9l
1,政务发布,"{'1': 1.0, '2': 0.0, '3': 0.0, '4': 0.0}",0.9,R1C8958ZS
1,政务发布,"{'1': 1.0, '2': 0.0, '3': 0.0, '4': 0.0}",0.5,R0GrwvUDS
3,民生服务,"{'1': 0.0, '2': 0.0, '3': 0.8, '4': 0.2}",0.5,R0GNy94s5
2,城市问题,"{'1': 0.0, '2': 1.0, '3': 0.0, '4': 0.0}",0.5,R0U7ohyc6
4,公众反馈/举报,"{'1': 0.0, '2': 0.0, '3': 0.0, '4': 1.0}",-0.8,R0G1c5mbJ
1,政务发布,"{'1': 1.0, '2': 0.0, '3': 0.0, '4': 0.0}",0.0,R0WoyoUAR
4,公众反馈/举报,"{'1': 0.0, '2': 0.0, '3': 0.0, '4': 1.0}",-0.4,R0TLKpw5U
3,民生服务,"{'1': 0.0, '2': 0.0, '3': 1.0, '4': 0.0}",0.5,R0Uvj3iCC
4,公众反馈/举报,"{'1': 0.0, '2': 0.0, '3': 0.0, '4': 1.0}",-0.6,R0RgVBnsb
1,政务发布,"{'1': 1.0, '2': 0.0, '3': 0.0, '4': 0.0}",-0.7,R0W0Rh7LE
4,公众反馈/举报,"{'1': 0.0, '2': 0.0, '3': 0.0, '4': 1.0}",0.8,QDZb8sYPN
1,政务发布,"{'1': 1.0, '2': 0.0, '3': 0.0, '4': 0.0}",1.0,QDUACc1yx
1,政务发布,"{'1': 1.0, '2': 0.0, '3': 0.0, '4': 0.0}",-0.5,QDYJ042cP
4,公众反馈/举报,"{'1': 0.0, '2': 0.0, '3': 0.0, '4': 1.0}",-0.5,QDXFMiITO
1,政务发布,"{'1': 1.0, '2': 0.0, '3': 0.0, '4': 0.0}",-0.5,QE0IHxAXw
3,民生服务,"{'1': 0.0, '2': 0.0, '3': 1.0, '4': 0.0}",0.0,QDZfmvIGQ
4,公众反馈/举报,"{'1': 0.0, '2': 0.0, '3': 0.0, '4': 1.0}",-0.5,R02lPrXgD
4,公众反馈/举报,"{'1': 0.0, '2': 0.0, '3': 0.0, '4': 1.0}",-1.0,R1w0X01mD
4,公众反馈/举报,"{'1': 0.0, '2': 0.0, '3': 0.0, '4': 1.0}",0.9,R1wIZ7tLJ
1,政务发布,"{'1': 1.0, '2': 0.0, '3': 0.0, '4': 0.0}",0.5,R1vmtvO6q
4,公众反馈/举报,"{'1': 0.0, '2': 0.0, '3': 0.0, '4': 1.0}",0.0,R1tQ2gZj6
4,公众反馈/举报,"{'1': 0.0, '2': 0.0, '3': 0.0, '4': 1.0}",-0.8,R1vnU8Cnk
1,政务发布,"{'1': 1.0, '2': 0.0, '3': 0.0, '4': 0.0}",1.0,R1vDwD7cR
3,民生服务,"{'1': 0.0, '2': 0.0, '3': 1.0, '4': 0.0}",0.9,R24QM8QUS
4,公众反馈/举报,"{'1': 0.0, '2': 0.0, '3': 0.0, '4': 1.0}",0.1,R1OYErcky
1,政务发布,"{'1': 1.0, '2': 0.0, '3': 0.0, '4': 0.0}",1.0,R24Ux9GNW
4,公众反馈/举报,"{'1': 0.0, '2': 0.2, '3': 0.3, '4': 0.5}",-0.5,R1NNlxO0d
1,政务发布,"{'1': 1.0, '2': 0.0, '3': 0.0, '4': 0.0}",0.6,R1Pt9rhA0
4,公众反馈/举报,"{'1': 0.0, '2': 0.1, '3': 0.1, '4': 0.8}",-0.6,R1xTd55yX
4,公众反馈/举报,"{'1': 0.0, '2': 0.0, '3': 0.0, '4': 1.0}",0.3,R1Pm31Ct5
3,民生服务,"{'1': 0.0, '2': 0.0, '3': 1.0, '4': 0.0}",1.0,R1vbbbS6y
1,政务发布,"{'1': 1.0, '2': 0.0, '3': 0.0, '4': 0.0}",0.9,R1w0BfFKO
4,公众反馈/举报,"{'1': 0.0, '2': 0.0, '3': 0.0, '4': 1.0}",0.2,R1vzg1v4h
1,政务发布,"{'1': 1.0, '2': 0.0, '3': 0.0, '4': 0.0}",1.0,R1vC28Tds
2,城市问题,{'2': 1.0},0.8,QE4uNeHz2
4,公众反馈/举报,"{'1': 0.0, '2': 0.0, '3': 0.0, '4': 1.0}",-0.9,QE6Vt4MeB
1,政务发布,"{'1': 1.0, '2': 0.0, '3': 0.0, '4': 0.0}",0.9,QE8kpCG3r
3,民生服务,"{'1': 0.2, '2': 0.1, '3': 0.7, '4': 0.0}",0.9,QE8HGx6rH
3,民生服务,"{'1': 0.0, '2': 0.0, '3': 1.0, '4': 0.0}",0.2,QE5AKpv3A
4,公众反馈/举报,"{'1': 0.0, '2': 0.0, '3': 0.0, '4': 1.0}",0.8,QE6r5rLgY
1,政务发布,"{'1': 1.0, '2': 0.0, '3': 0.0, '4': 0.0}",0.5,QE6OBgsfE
2,城市问题,"{'1': 0.0, '2': 1.0, '3': 0.0, '4': 0.0}",0.0,QEM9NF651
3,民生服务,"{'1': 0.0, '2': 0.0, '3': 1.0, '4': 0.0}",0.0,QETPy07Ma
4,公众反馈/举报,"{'1': 0.0, '2': 0.0, '3': 0.0, '4': 1.0}",-0.7,QEPKf3DCL
1,政务发布,"{'1': 1.0, '2': 0.0, '3': 0.0, '4': 0.0}",0.5,QERYHnRWv
1,政务发布,"{'1': 1.0, '2': 0.0, '3': 0.0, '4': 0.0}",0.8,QETt6DfW1
1,政务发布,"{'1': 1.0, '2': 0.0, '3': 0.0, '4': 0.0}",0.5,QEUBohOpp
1,政务发布,"{'1': 1.0, '2': 0.0, '3': 0.0, '4': 0.0}",0.8,R2i0QuBnb
1,政务发布,"{'1': 1.0, '2': 0.0, '3': 0.0, '4': 0.0}",0.9,R2gRpbPWX
1,政务发布,"{'1': 1.0, '2': 0.0, '3': 0.0, '4': 0.0}",0.5,R2gLfBj5h
3,民生服务,"{'1': 0.0, '2': 0.0, '3': 1.0, '4': 0.0}",0.8,R2g6Dy5jv
1,政务发布,"{'1': 1.0, '2': 0.0, '3': 0.0, '4': 0.0}",0.82,R2fKjcwFf
2,城市问题,"{'1': 0.0, '2': 1.0, '3': 0.0, '4': 0.0}",0.0,QFnGKyC1c
4,公众反馈/举报,"{'1': 0.0, '2': 0.0, '3': 0.0, '4': 1.0}",0.3,QFkFih8S1
4,公众反馈/举报,"{'1': 0.0, '2': 0.0, '3': 0.0, '4': 1.0}",0.8,QFlKnk9Oj
1,政务发布,"{'1': 1.0, '2': 0.0, '3': 0.0, '4': 0.0}",0.9,QFkDZBWbZ
1,政务发布,"{'1': 1.0, '2': 0.0, '3': 0.0, '4': 0.0}",0.1,QFiPxsNlY
4,公众反馈/举报,"{'1': 0.0, '2': 0.0, '3': 0.0, '4': 1.0}",-0.9,QFmVnx9FR
1,政务发布,"{'1': 1.0, '2': 0.0, '3': 0.0, '4': 0.0}",0.9,QFk3njUXt
4,公众反馈/举报,"{'1': 0.0, '2': 0.0, '3': 0.0, '4': 1.0}",-1.0,QFmUnBFlg
1,政务发布,"{'1': 1.0, '2': 0.0, '3': 0.0, '4': 0.0}",0.0,QFmuqvAho
4,公众反馈/举报,"{'1': 0.0, '2': 0.1, '3': 0.0, '4': 0.9}",-0.9,QFlkkaEyF
3,民生服务,"{'1': 0.0, '2': 0.0, '3': 1.0, '4': 0.0}",0.8,QFkrou0Ge
1,政务发布,"{'1': 1.0, '2': 0.0, '3': 0.0, '4': 0.0}",0.5,QFm37dMUj
3,民生服务,"{'1': 0.0, '2': 0.3, '3': 0.7, '4': 0.0}",0.1,R00ax6Qin
1,政务发布,"{'1': 1.0, '2': 0.0, '3': 0.0, '4': 0.0}",0.8,QFlZj6QZq
3,民生服务,"{'1': 0.0, '2': 0.0, '3': 1.0, '4': 0.0}",0.8,QFWXApEnd
4,公众反馈/举报,"{'1': 0.0, '2': 0.0, '3': 0.0, '4': 1.0}",-1.0,QFWEaxiR0
1,政务发布,"{'1': 1.0, '2': 0.0, '3': 0.0, '4': 0.0}",0.8,QFWYCfj9z
4,公众反馈/举报,"{'1': 0.0, '2': 0.6, '3': 0.0, '4': 1.0}",-0.9,QFX2LtRDW
1,政务发布,"{'1': 1.0, '2': 0.0, '3': 0.0, '4': 0.0}",0.9,QFVZRg1aj
1,政务发布,"{'1': 1.0, '2': 0.0, '3': 0.0, '4': 0.0}",0.0,QFWLCAI2e
3,民生服务,"{'1': 0.0, '2': 0.2, '3': 0.8, '4': 0.0}",0.0,R00ax6Qin
4,公众反馈/举报,"{'1': 0.0, '2': 0.0, '3': 0.0, '4': 1.0}",-0.9,QFWEaxiR0
1,政务发布,"{'1': 1.0, '2': 0.0, '3': 0.0, '4': 0.0}",0.6,QFWXApEnd
1,政务发布,"{'1': 1.0, '2': 0.0, '3': 0.0, '4': 0.0}",0.5,QFWYCfj9z
4,公众反馈/举报,"{'1': 0.0, '2': 0.5, '3': 0.0, '4': 0.5}",-0.9,QFX2LtRDW
1,政务发布,"{'1': 1.0, '2': 0.0, '3': 0.0, '4': 0.0}",1.0,QFVZRg1aj
1,政务发布,"{'1': 1.0, '2': 0.0, '3': 0.0, '4': 0.0}",0.0,QFWLCAI2e
3,民生服务,"{'1': 0.0, '2': 0.0, '3': 1.0, '4': 0.0}",0.6,R02oJCsuc
3,民生服务,"{'1': 0.0, '2': 0.0, '3': 1.0, '4': 0.0}",0.8,QFT3VF9qF
4,公众反馈/举报,"{'1': 0.1, '2': 0.0, '3': 0.0, '4': 0.9}",0.8,QFQ3UBTva
4,公众反馈/举报,"{'1': 0.0, '2': 0.0, '3': 0.0, '4': 1.0}",-0.8,R00LrfmmV
1,政务发布,"{'1': 1.0, '2': 0.0, '3': 0.0, '4': 0.0}",0.8,R01bODcKB
1,政务发布,"{'1': 1.0, '2': 0.0, '3': 0.0, '4': 0.0}",0.5,QFXpWAeta
1,政务发布,"{'1': 0.8, '2': 0.0, '3': 0.2, '4': 0.0}",0.8,R00RJr5YD
1,政务发布,"{'1': 0.6, '2': 0.0, '3': 0.4, '4': 0.0}",0.0,QFUSD2BIx
1,政务发布,"{'1': 1.0, '2': 0.0, '3': 0.0, '4': 0.0}",1.0,QFTWEkBxn
1,政务发布,"{'1': 1.0, '2': 0.0, '3': 0.0, '4': 0.0}",0.5,QFWlOeVHQ
3,民生服务,"{'1': 0.0, '2': 0.0, '3': 1.0, '4': 0.0}",0.8,QFT3VF9qF
4,公众反馈/举报,"{'1': 0.0, '2': 0.0, '3': 0.0, '4': 1.0}",0.8,QFQ3UBTva
1,政务发布,"{'1': 1.0, '2': 0.0, '3': 0.0, '4': 0.0}",0.5,QFXpWAeta
4,公众反馈/举报,"{'1': 0.0, '2': 0.0, '3': 0.0, '4': 1.0}",-0.5,R00LrfmmV
1,政务发布,"{'1': 1.0, '2': 0.0, '3': 0.0, '4': 0.0}",0.5,R01bODcKB
1,政务发布,"{'1': 1.0, '2': 0.0, '3': 0.0, '4': 0.0}",0.8,QFTWEkBxn
1,政务发布,"{'1': 0.8, '2': 0.0, '3': 0.2, '4': 0.0}",0.5,QFUSD2BIx
1,政务发布,"{'1': 1.0, '2': 0.0, '3': 0.0, '4': 0.0}",0.8,QFWlOeVHQ
3,民生服务,"{'1': 0.0, '2': 0.0, '3': 1.0, '4': 0.0}",0.9,R1Cw4zZJ0
1,政务发布,"{'1': 1.0, '2': 0.0, '3': 0.0, '4': 0.0}",0.8,R00RJr5YD
1,政务发布,"{'1': 1.0, '2': 0.0, '3': 0.0, '4': 0.0}",0.9,R1Ea3kg2V
1,政务发布,"{'1': 0.9, '2': 0.0, '3': 0.1, '4': 0.0}",0.8,R1EpZckBs
1,政务发布,"{'1': 1.0, '2': 0.0, '3': 0.0, '4': 0.0}",1.0,R2iTwnKiS
1,政务发布,"{'1': 1.0, '2': 0.0, '3': 0.0, '4': 0.0}",0.5,R2gQEvxRz
1,政务发布,"{'1': 1.0, '2': 0.0, '3': 0.0, '4': 0.0}",0.8,R2etX9dMt
4,公众反馈/举报,"{'1': 0.0, '2': 0.0, '3': 0.0, '4': 1.0}",-0.5,R2fZcipR5
3,民生服务,"{'1': 0.0, '2': 0.0, '3': 1.0, '4': 0.0}",0.7,R2e5wem3L
1,政务发布,"{'1': 1.0, '2': 0.0, '3': 0.0, '4': 0.0}",0.5,R2ek53Fcv
2,城市问题,"{'1': 0.0, '2': 1.0, '3': 0.0, '4': 0.0}",0.5,R2jeNCcA7
1,政务发布,"{'1': 1.0, '2': 0.0, '3': 0.0, '4': 0.0}",0.5,R2gFu3J5R
3,民生服务,"{'1': 0.0, '2': 0.0, '3': 1.0, '4': 0.0}",0.8,R0fcg3mte
3,民生服务,"{'1': 0.0, '2': 0.0, '3': 1.0, '4': 0.0}",0.0,R02eA3KUL
4,公众反馈/举报,"{'1': 0.0, '2': 0.1, '3': 0.1, '4': 0.8}",-0.8,R0fpvmqqc
1,政务发布,"{'1': 1.0, '2': 0.0, '3': 0.0, '4': 0.0}",0.8,R0fkgptFc
3,民生服务,"{'1': 0.2, '2': 0.0, '3': 0.8, '4': 0.0}",0.2,R0fV2pn2T
1,政务发布,"{'1': 1.0, '2': 0.0, '3': 0.0, '4': 0.0}",1.0,R0gRdedLt
1,政务发布,"{'1': 1.0, '2': 0.0, '3': 0.0, '4': 0.0}",0.9,R0hi2eS9C
4,公众反馈/举报,"{'1': 0.0, '2': 0.0, '3': 0.1, '4': 0.9}",0.5,R0fcg3mte
4,公众反馈/举报,"{'1': 0.0, '2': 0.0, '3': 0.0, '4': 1.0}",-0.8,R0fpvmqqc
3,民生服务,"{'1': 0.2, '2': 0.0, '3': 0.8, '4': 0.0}",0.8,R0fV2pn2T
1,政务发布,"{'1': 1.0, '2': 0.0, '3': 0.0, '4': 0.0}",0.8,R0fkgptFc
1,政务发布,"{'1': 1.0, '2': 0.0, '3': 0.0, '4': 0.0}",0.8,R0hi2eS9C
4,公众反馈/举报,"{'1': 0.0, '2': 0.0, '3': 0.0, '4': 1.0}",0.1,QFmspENg8
1,政务发布,"{'1': 1.0, '2': 0.0, '3': 0.0, '4': 0.0}",0.9,R0gRdedLt
4,公众反馈/举报,"{'1': 0.0, '2': 0.2, '3': 0.1, '4': 0.7}",-0.9,QFmBJ5EtS
3,民生服务,"{'1': 0.0, '2': 0.0, '3': 1.0, '4': 0.0}",0.9,QFiosd9jU
1,政务发布,"{'1': 1.0, '2': 0.0, '3': 0.0, '4': 0.0}",0.6,QFlg9aILs
3,民生服务,"{'1': 0.0, '2': 0.0, '3': 1.0, '4': 0.0}",0.8,QFkASe8wE
1,政务发布,"{'1': 1.0, '2': 0.0, '3': 0.0, '4': 0.0}",0.8,QFiPV2UJA
1,政务发布,"{'1': 1.0, '2': 0.0, '3': 0.0, '4': 0.0}",0.9,QFk1DsAY7
1,政务发布,"{'1': 1.0, '2': 0.0, '3': 0.0, '4': 0.0}",0.0,QFks8zLlr
1,政务发布,"{'1': 1.0, '2': 0.0, '3': 0.0, '4': 0.0}",0.0,QFm33AsEC
1,政务发布,"{'1': 1.0, '2': 0.0, '3': 0.0, '4': 0.0}",1.0,R0hyFwYnr
4,公众反馈/举报,"{'1': 0.0, '2': 0.0, '3': 0.0, '4': 1.0}",-1.0,R0fY45XWS
3,民生服务,"{'1': 0.0, '2': 0.0, '3': 1.0, '4': 0.0}",0.8,R0fNGnb1k
1,政务发布,"{'1': 1.0, '2': 0.0, '3': 0.0, '4': 0.0}",0.8,R0hyFwYnr
4,公众反馈/举报,"{'1': 0.0, '2': 0.1, '3': 0.0, '4': 0.9}",-0.9,R0fY45XWS
3,民生服务,"{'1': 0.2, '2': 0.0, '3': 0.8, '4': 0.0}",0.8,R0fNGnb1k
1,政务发布,"{'1': 1.0, '2': 0.0, '3': 0.0, '4': 0.0}",0.5,R1MAwltvA
4,公众反馈/举报,"{'1': 0.0, '2': 0.0, '3': 0.0, '4': 1.0}",0.0,R0qfh6zvI
4,公众反馈/举报,"{'1': 0.0, '2': 0.0, '3': 0.0, '4': 1.0}",0.9,R1OOr0QP4
4,公众反馈/举报,"{'1': 0.0, '2': 0.0, '3': 0.0, '4': 1.0}",0.0,R0y1lfGtU
3,民生服务,"{'1': 0.0, '2': 0.0, '3': 1.0, '4': 0.0}",0.8,R1K5RvJyL
4,公众反馈/举报,"{'1': 0.0, '2': 0.2, '3': 0.1, '4': 0.7}",-0.9,R0Z7al7kZ
3,民生服务,"{'1': 0.0, '2': 0.0, '3': 1.0, '4': 0.0}",0.0,R15GU1V4z
4,公众反馈/举报,"{'1': 0.0, '2': 0.0, '3': 0.0, '4': 1.0}",0.0,R11scC5b6
1,政务发布,"{'1': 1.0, '2': 0.0, '3': 0.0, '4': 0.0}",1.0,R12Yd11Ie
1,政务发布,"{'1': 1.0, '2': 0.0, '3': 0.0, '4': 0.0}",0.8,R131qseve
1,政务发布,"{'1': 1.0, '2': 0.0, '3': 0.0, '4': 0.0}",0.0,R14kyxrDW
1,政务发布,"{'1': 1.0, '2': 0.0, '3': 0.0, '4': 0.0}",0.9,R13yNeWzf
1,政务发布,"{'1': 1.0, '2': 0.0, '3': 0.0, '4': 0.0}",0.8,QEspo63oR
2,城市问题,"{'1': 0.0, '2': 1.0, '3': 0.0, '4': 0.0}",0.0,QEpvUDB4z
1,政务发布,"{'1': 1.0, '2': 0.0, '3': 0.0, '4': 0.0}",0.9,R1114gke6
1,政务发布,"{'1': 1.0, '2': 0.0, '3': 0.0, '4': 0.0}",0.0,QEqxm1Zm0
4,公众反馈/举报,"{'1': 0.0, '2': 0.0, '3': 0.0, '4': 1.0}",-0.6,R12n7wWNo
4,公众反馈/举报,"{'1': 0.0, '2': 0.0, '3': 0.0, '4': 1.0}",-0.8,QFUwgtWvo
4,公众反馈/举报,"{'1': 0.0, '2': 0.0, '3': 0.0, '4': 1.0}",-0.1,R11zsarNi
3,民生服务,"{'1': 0.0, '2': 0.0, '3': 1.0, '4': 0.0}",1.0,QEnzNvlRM
1,政务发布,"{'1': 1.0, '2': 0.0, '3': 0.0, '4': 0.0}",0.9,QEqd49Blb
3,民生服务,"{'1': 0.0, '2': 0.0, '3': 1.0, '4': 0.0}",0.0,QEp5BFupd
1,政务发布,"{'1': 1.0, '2': 0.0, '3': 0.0, '4': 0.0}",0.0,R27nzoyll
3,民生服务,"{'1': 0.0, '2': 0.0, '3': 1.0, '4': 0.0}",0.9,R276XFuso
4,公众反馈/举报,"{'1': 0.0, '2': 0.0, '3': 0.0, '4': 1.0}",0.5,R27c8ibG8
1,政务发布,"{'1': 1.0, '2': 0.0, '3': 0.0, '4': 0.0}",1.0,R27milVYo
4,公众反馈/举报,"{'1': 0.0, '2': 0.1, '3': 0.0, '4': 0.9}",-0.9,QFhUQB9JK
3,民生服务,"{'1': 0.0, '2': 0.0, '3': 1.0, '4': 0.0}",0.8,QFjSHF9TO
3,民生服务,"{'1': 0.0, '2': 0.0, '3': 1.0, '4': 0.0}",0.0,QFnhe8Nq2
3,民生服务,"{'1': 0.0, '2': 0.0, '3': 1.0, '4': 0.0}",0.8,QFk7FhCPx
4,公众反馈/举报,"{'1': 0.0, '2': 0.8, '3': 0.2, '4': 0.0}",-0.2,QFl1Glyq2
4,公众反馈/举报,"{'1': 0.0, '2': 0.0, '3': 0.0, '4': 1.0}",-1.0,QFk9HnE91
3,民生服务,"{'1': 0.2, '2': 0.0, '3': 0.8, '4': 0.0}",0.9,QFTEM8l4i
4,公众反馈/举报,"{'1': 0.0, '2': 0.0, '3': 0.0, '4': 1.0}",1.0,QFT2pcmfw
4,公众反馈/举报,"{'1': 0.0, '2': 0.0, '3': 0.0, '4': 1.0}",-0.5,QFTRpws5U
3,民生服务,"{'1': 0.0, '2': 0.1, '3': 0.9, '4': 0.0}",0.1,QFVL6sDGZ
2,城市问题,"{'1': 0.2, '2': 0.5, '3': 0.2, '4': 0.1}",0.5,R01DXa7IS
4,公众反馈/举报,"{'1': 0.0, '2': 0.0, '3': 0.0, '4': 1.0}",-0.8,QF24F1RmZ
3,民生服务,"{'1': 0.0, '2': 0.0, '3': 1.0, '4': 0.0}",0.8,QF02xCwug
1,政务发布,"{'1': 1.0, '2': 0.0, '3': 0.0, '4': 0.0}",0.5,QF1Ny42bc
1,政务发布,"{'1': 1.0, '2': 0.0, '3': 0.0, '4': 0.0}",0.8,QEZZzb4xS
4,公众反馈/举报,"{'1': 0.0, '2': 0.1, '3': 0.0, '4': 0.9}",-0.8,QFucD7PK5
1,政务发布,"{'1': 1.0, '2': 0.0, '3': 0.0, '4': 0.0}",0.9,QFusDF3TH
3,民生服务,"{'1': 0.0, '2': 0.0, '3': 1.0, '4': 0.0}",0.0,R121qbHyH
4,公众反馈/举报,"{'1': 0.0, '2': 0.0, '3': 0.0, '4': 1.0}",-0.7,R13z43oBC
3,民生服务,"{'1': 0.0, '2': 0.0, '3': 1.0, '4': 0.0}",0.0,R15yvyrap
4,公众反馈/举报,"{'1': 0.0, '2': 0.0, '3': 0.0, '4': 1.0}",-0.8,QE6VwiAQm
1,政务发布,"{'1': 1.0, '2': 0.0, '3': 0.0, '4': 0.0}",0.0,QE5bycUIF
3,民生服务,"{'1': 0.0, '2': 0.0, '3': 1.0, '4': 0.0}",0.0,QE9vha4jA
4,公众反馈/举报,"{'1': 0.0, '2': 0.0, '3': 0.0, '4': 1.0}",0.8,R0x8M9jaj
1,政务发布,"{'1': 0.9, '2': 0.0, '3': 0.1, '4': 0.0}",0.8,QE4AAxERa
1,政务发布,"{'1': 1.0, '2': 0.0, '3': 0.0, '4': 0.0}",0.8,R0xHN87N1
4,公众反馈/举报,"{'1': 0.0, '2': 0.0, '3': 0.0, '4': 1.0}",-0.9,R0xI6yLHd
1,政务发布,"{'1': 1.0, '2': 0.0, '3': 0.0, '4': 0.0}",1.0,R0Ug09jDX
4,公众反馈/举报,"{'1': 0.0, '2': 0.4, '3': 0.0, '4': 0.6}",-0.3,R0Si2AaV4
1,政务发布,"{'1': 1.0, '2': 0.0, '3': 0.0, '4': 0.0}",0.8,R0WoBBD5r
1,政务发布,"{'1': 1.0, '2': 0.0, '3': 0.0, '4': 0.0}",0.9,R0Vpxhd3e
1,政务发布,"{'1': 1.0, '2': 0.0, '3': 0.0, '4': 0.0}",0.0,R0VMd5wie
1,政务发布,"{'1': 1.0, '2': 0.0, '3': 0.0, '4': 0.0}",0.8,QFl0AcJEw
1,政务发布,"{'1': 1.0, '2': 0.0, '3': 0.0, '4': 0.0}",1.0,QFl2EcVXF
4,公众反馈/举报,"{'1': 0.0, '2': 0.0, '3': 0.0, '4': 1.0}",-0.8,QFjkXDt6O
1,政务发布,"{'1': 1.0, '2': 0.0, '3': 0.0, '4': 0.0}",0.8,QFj9D7LxA
1,政务发布,"{'1': 1.0, '2': 0.0, '3': 0.0, '4': 0.0}",0.8,QFkDC7xW0
1,政务发布,"{'1': 1.0, '2': 0.0, '3': 0.0, '4': 0.0}",1.0,QFkevjsOt
3,民生服务,"{'1': 0.0, '2': 0.0, '3': 1.0, '4': 0.0}",0.5,QFibFkkXy
1,政务发布,"{'1': 1.0, '2': 0.0, '3': 0.0, '4': 0.0}",0.0,QFjYv0y1D
4,公众反馈/举报,"{'1': 0.0, '2': 0.0, '3': 0.0, '4': 1.0}",1.0,QFib4swed
1,政务发布,"{'1': 1.0, '2': 0.0, '3': 0.0, '4': 0.0}",0.0,QFnn326Hh
1,政务发布,"{'1': 1.0, '2': 0.0, '3': 0.0, '4': 0.0}",1.0,QFlF8vZym
1,政务发布,"{'1': 1.0, '2': 0.0, '3': 0.0, '4': 0.0}",0.6,R07l8iBQL
3,民生服务,"{'1': 0.0, '2': 0.0, '3': 1.0, '4': 0.0}",0.7,R05IPo9oN
3,民生服务,"{'1': 0.0, '2': 0.0, '3': 1.0, '4': 0.0}",0.0,R07rOCAdz
1,政务发布,"{'1': 1.0, '2': 0.0, '3': 0.0, '4': 0.0}",1.0,R06EeEy2s
4,公众反馈/举报,"{'1': 0.0, '2': 0.0, '3': 0.0, '4': 1.0}",0.5,QEpWRwmjQ
1,政务发布,"{'1': 1.0, '2': 0.0, '3': 0.0, '4': 0.0}",0.6,R065qvWgx
1,政务发布,"{'1': 1.0, '2': 0.0, '3': 0.0, '4': 0.0}",0.0,QEt2Gap9W
4,公众反馈/举报,"{'1': 0.0, '2': 0.0, '3': 0.0, '4': 1.0}",0.0,QEn5g0NAA
4,公众反馈/举报,"{'1': 0.0, '2': 0.2, '3': 0.1, '4': 0.7}",-0.3,QEnqBeBxy
4,公众反馈/举报,"{'1': 0.0, '2': 0.1, '3': 0.0, '4': 0.9}",-0.9,QFTTjtRUI
1,政务发布,"{'1': 1.0, '2': 0.0, '3': 0.0, '4': 0.0}",1.0,QFVNhbdJF
4,公众反馈/举报,"{'1': 0.0, '2': 0.0, '3': 0.0, '4': 1.0}",0.0,R0QQd5Un5
4,公众反馈/举报,"{'1': 0.0, '2': 0.2, '3': 0.1, '4': 0.7}",-0.8,QFUjdm8Ai
4,公众反馈/举报,"{'1': 0.0, '2': 1.0, '3': 0.0, '4': 0.0}",0.3,QFWu4bjbF
4,公众反馈/举报,"{'1': 0.0, '2': 0.0, '3': 0.0, '4': 1.0}",-1.0,QEBMcejRF
1,政务发布,"{'1': 1.0, '2': 0.0, '3': 0.0, '4': 0.0}",0.8,QEBKNhobU
4,公众反馈/举报,"{'1': 0.0, '2': 0.0, '3': 0.0, '4': 1.0}",-0.8,QEAjb0pgR
1,政务发布,"{'1': 0.9, '2': 0.0, '3': 0.1, '4': 0.0}",0.8,QEA6B2d5E
4,公众反馈/举报,"{'1': 0.0, '2': 0.0, '3': 0.0, '4': 1.0}",-0.2,R24w0nuqA
1,政务发布,"{'1': 1.0, '2': 0.0, '3': 0.0, '4': 0.0}",0.8,R27GlrMb4
4,公众反馈/举报,"{'1': 0.0, '2': 0.0, '3': 0.0, '4': 1.0}",0.4,QFabRdFCn
1,政务发布,"{'1': 1.0, '2': 0.0, '3': 0.0, '4': 0.0}",0.5,R28aHsdAt
1,政务发布,"{'1': 1.0, '2': 0.0, '3': 0.0, '4': 0.0}",0.8,R1DdYuqBQ
4,公众反馈/举报,"{'1': 0.0, '2': 0.0, '3': 0.0, '4': 1.0}",-0.8,QEWYXxzQp
4,公众反馈/举报,"{'1': 0.0, '2': 0.0, '3': 0.0, '4': 1.0}",0.0,R261rd7TN
1,政务发布,"{'1': 1.0, '2': 0.0, '3': 0.0, '4': 0.0}",0.9,R1CAFhqAr
1,政务发布,"{'1': 1.0, '2': 0.0, '3': 0.0, '4': 0.0}",0.5,R1Gjygqte
3,民生服务,"{'1': 0.0, '2': 0.0, '3': 1.0, '4': 0.0}",0.95,R1FL9fRfL
4,公众反馈/举报,"{'1': 0.0, '2': 0.0, '3': 0.0, '4': 1.0}",-0.9,R1CTMDeHg
4,公众反馈/举报,"{'1': 0.0, '2': 0.0, '3': 0.0, '4': 1.0}",-0.9,R1BFGvZOs
2,城市问题,"{'1': 0.0, '2': 1.0, '3': 0.0, '4': 0.0}",0.2,R1DtUxuX5
1,政务发布,"{'1': 1.0, '2': 0.0, '3': 0.0, '4': 0.0}",0.9,R2ge1ikFH
1,政务发布,"{'1': 1.0, '2': 0.0, '3': 0.0, '4': 0.0}",1.0,R2do6CaCH
3,民生服务,"{'1': 0.0, '2': 0.0, '3': 1.0, '4': 0.0}",0.9,QFWM9yFMv
1,政务发布,"{'1': 1.0, '2': 0.0, '3': 0.0, '4': 0.0}",0.8,R2iutqdAR
1,政务发布,"{'1': 1.0, '2': 0.0, '3': 0.0, '4': 0.0}",0.0,QFWg9hK7P
3,民生服务,"{'1': 0.0, '2': 0.0, '3': 1.0, '4': 0.0}",1.0,QFVZQzZIv
1,政务发布,"{'1': 1.0, '2': 0.0, '3': 0.0, '4': 0.0}",0.8,QFWtTtB28
4,公众反馈/举报,"{'1': 0.0, '2': 0.2, '3': 0.0, '4': 0.8}",-0.9,QFQc0EkCI
1,政务发布,"{'1': 1.0, '2': 0.0, '3': 0.0, '4': 0.0}",1.0,QFW8660rQ
1,政务发布,"{'1': 1.0, '2': 0.0, '3': 0.0, '4': 0.0}",0.9,QFWM9yFMv
4,公众反馈/举报,"{'1': 0.0, '2': 0.0, '3': 0.0, '4': 1.0}",-1.0,QFU7ibNKP
3,民生服务,"{'1': 0.3, '2': 0.0, '3': 0.6, '4': 0.1}",1.0,QFVZQzZIv
1,政务发布,"{'1': 1.0, '2': 0.0, '3': 0.0, '4': 0.0}",1.0,QFWg9hK7P
2,城市问题,"{'1': 0.0, '2': 1.0, '3': 0.0, '4': 0.0}",-0.8,QFQc0EkCI
1,政务发布,"{'1': 1.0, '2': 0.0, '3': 0.0, '4': 0.0}",1.0,QFWtTtB28
1,政务发布,"{'1': 1.0, '2': 0.0, '3': 0.0, '4': 0.0}",0.6,QFW8660rQ
1,政务发布,"{'1': 1.0, '2': 0.0, '3': 0.0, '4': 0.0}",0.9,QE9ZIqdHH
4,公众反馈/举报,"{'1': 0.0, '2': 0.0, '3': 0.0, '4': 1.0}",-0.8,QFU7ibNKP
1,政务发布,"{'1': 1.0, '2': 0.0, '3': 0.0, '4': 0.0}",0.8,R1xJ6ChfS
3,民生服务,"{'1': 0.0, '2': 0.0, '3': 1.0, '4': 0.0}",0.8,QE5x65VrP
4,公众反馈/举报,"{'1': 0.0, '2': 0.2, '3': 0.1, '4': 0.7}",-0.9,QE6j0rmmv
1,政务发布,"{'1': 1.0, '2': 0.0, '3': 0.0, '4': 0.0}",0.8,QE5fE2EDs
3,民生服务,"{'1': 0.0, '2': 0.0, '3': 1.0, '4': 0.0}",1.0,QFFbvo1xK
1,政务发布,"{'1': 0.9, '2': 0.0, '3': 0.1, '4': 0.0}",0.6,QE56Ie7Sp
4,公众反馈/举报,"{'1': 0.0, '2': 0.0, '3': 0.0, '4': 1.0}",0.0,QFEgoezu4
3,民生服务,"{'1': 0.0, '2': 0.0, '3': 1.0, '4': 0.0}",0.0,QFnDRq9e8
4,公众反馈/举报,"{'1': 0.0, '2': 0.0, '3': 0.0, '4': 1.0}",0.3,QFlIpqGJR
1,政务发布,"{'1': 1.0, '2': 0.0, '3': 0.0, '4': 0.0}",0.2,QFknN5yMb
3,民生服务,"{'1': 0.0, '2': 0.0, '3': 1.0, '4': 0.0}",0.5,QFlnm2fRO
1,政务发布,"{'1': 1.0, '2': 0.0, '3': 0.0, '4': 0.0}",1.0,QFirbw15m
4,公众反馈/举报,"{'1': 0.0, '2': 0.0, '3': 0.0, '4': 1.0}",0.0,QFm22pIKn
4,公众反馈/举报,"{'1': 0.0, '2': 0.0, '3': 0.0, '4': 1.0}",-1.0,QFljBeDey
1,政务发布,"{'1': 1.0, '2': 0.0, '3': 0.0, '4': 0.0}",0.0,QFlg26mv7
4,公众反馈/举报,"{'1': 0.0, '2': 0.0, '3': 0.0, '4': 1.0}",0.3,R0De8fjlv
4,公众反馈/举报,"{'1': 0.0, '2': 0.5, '3': 0.0, '4': 1.0}",-0.8,QEehNrHXJ
3,民生服务,"{'1': 0.0, '2': 0.0, '3': 1.0, '4': 0.0}",0.5,QEdWmoLRz
1,政务发布,"{'1': 1.0, '2': 0.0, '3': 0.0, '4': 0.0}",0.9,QEeaCwysx
4,公众反馈/举报,"{'1': 0.0, '2': 0.0, '3': 0.0, '4': 1.0}",0.0,QEgsbsbQf
4,公众反馈/举报,"{'1': 0.0, '2': 0.0, '3': 0.0, '4': 1.0}",-0.9,QEix1g3ya
1,政务发布,"{'1': 1.0, '2': 0.0, '3': 0.0, '4': 0.0}",0.0,QEe3v2EFP
4,公众反馈/举报,"{'1': 0.0, '2': 0.0, '3': 0.0, '4': 1.0}",0.0,"法嵚居士的榜书，绝非寻常笔墨所能企及。其价值深植于三代名门的文化沃土，绽放于国际学术的广阔疆域，最终归于青灯古佛下的虔诚证悟。一笔一画皆有根脉，一字之中可见三世风华，堪称当代书坛\""以文化人、以艺载道\""的典范。"
4,公众反馈/举报,"{'1': 0.0, '2': 0.0, '3': 0.0, '4': 1.0}",0.0,一、世家风骨：笔底有根，墨中藏骨
-1,,"{'1': 0.0, '2': 0.0, '3': 0.0, '4': 0.0}",0.0,其父王范之先生执教中国社科院与内蒙古大学，深耕先秦诸子之学；其遗作《吕氏春秋研究》由原国家图书馆馆长任继愈先生亲题书名，经北京大学冯友兰教授、张岱年教授、周辅成教授，中国社科院贺麟教授、黄人道教授，中央民族大学牟钟鉴教授，中华书局王国轩资深编审，内蒙古大学任嘉禾教授、杜继文教授、胡钟达教授、特布信教授、包祥教授、王月珽教授、戴其芳教授、陈羽云教授、韩公陶教授、杨祖培教授等学界泰斗推重，法嵚居士整理出版，这部凝聚两代人心血的著作，恰是其血脉中文化基因的生动注脚。笔下有根，故能立千年而不摇；墨中藏骨，故能传百代而不朽——这便是其作品收藏价值的第一重底款。
1,政务发布,"{'1': 1.0, '2': 0.0, '3': 0.0, '4': 0.0}",0.0,"法嵚居士六岁染翰，家学渊源如源头活水浸润笔端。其祖父王春如先生（染香老人）乃佛门虔诚弟子\""染香居士\""，亦是巴蜀山水巨匠——巨幅丹青曾悬于峨眉山、青城山、新都宝光寺、五台山等梵宇名刹；更以中医济世，悬壶之手亦能挥毫，慈悲之心兼济苍生，笔下既有山水之苍润，亦含医者之仁心。"
1,政务发布,"{'1': 1.0, '2': 0.0, '3': 0.0, '4': 0.0}",0.0,二、国际视野：阅尽寰宇，归而有魂
4,公众反馈/举报,"{'1': 0.0, '2': 0.0, '3': 0.0, '4': 1.0}",0.0,"尤为难得者，法嵚居士兼具国际视野与本土情怀。其所撰写的高等教育研究领域英文论文屡获邀于美、芬、澳等国及北京国际学术会议宣读。在芬兰\""国际高等教育品质评估会议\""上，《人的发展是大学教育的目的》一文引发深度共鸣，会后，英国高等教育学会秘书长专函致谢；次年，该学会联合澳政府及高校为其申请专项经费，助其赴澳大利亚墨尔本、布里斯班参会，发表英文论文《如何寻找现代高技术传递通路与传统教学方式之间的平衡》《高等学校道德标准的品质评估是如何可能的》等演讲，展露贯通东西的思辨锋芒。"
1,政务发布,"{'1': 1.0, '2': 0.0, '3': 0.0, '4': 0.0}",0.0,"后于清华召开的国际高教会议上，荷兰莱顿大学校长亲索其论文。归国后，莱顿大学研究生处长致信称其\""已具博士学术水准\""，邀其撰写论文提要并允诺\""导师认可即发录取通知\""。唯因留学费用需自筹，此事终成未竟之缘。这段跨越文明边界的学术历练，使其书法在传统文脉之上更添一份开阔与通达——阅尽世界后的回归，让每寸墨痕浸染时代厚重；跨过东西后的沉思，让每个字承载思想分量。"
3,民生服务,"{'1': 0.0, '2': 0.0, '3': 1.0, '4': 0.0}",0.0,"2017年，法嵚居士于北京法源寺正式皈依，法号\""法嵚\""，自此青灯黄卷，日课不辍。他深谙弘一法师\""书为心画\""之真谛，坚守\""食荤酒则笔墨带浊气\""的修行准则：每日定时诵经抄卷，日中一食，临池不辍。当俗世书家醉后逞豪、饱食弄墨之际，居士却以清净身、恭敬心，将早晚课诵的定力注入笔端。"
1,政务发布,"{'1': 1.0, '2': 0.0, '3': 0.0, '4': 0.0}",0.0,三、禅心修为：墨中有禅，字外有境
4,公众反馈/举报,"{'1': 0.0, '2': 0.0, '3': 0.0, '4': 1.0}",0.0,"观其榜书，如见古德面壁：凝神静虑，调息入定。其大字透出清冽如高山雪水的纯净气场——那是戒律的庄严，是禅定的能量，是智慧的显现。这般以佛心熔铸的线条，早已超越技法层面，成为可瞻仰、可参悟、可修持的\""墨中禅\""。"
0,,"{'1': 0.0, '2': 0.0, '3': 0.0, '4': 0.0}",0.0,四、三昧真火：熔铸一炉，独步当代
4,公众反馈/举报,"{'1': 0.0, '2': 0.0, '3': 0.0, '4': 1.0}",0.0,"法嵚居士汲祖父染香老人山水之苍润，融父亲王范之先生与先秦诸子学之雄辩，更以佛门\""戒定慧\""三学为笔墨筋骨。其大字结构森然如唐楷法度，气韵流动有立体感。尤为难得者，其作品透出三重气场："
4,公众反馈/举报,"{'1': 0.0, '2': 0.0, '3': 0.0, '4': 1.0}",0.0,-纯，若童子初心，不染纤毫；
1,政务发布,"{'1': 1.0, '2': 0.0, '3': 0.0, '4': 0.0}",0.0,-清，如雨后松风，涤尘除垢；
1,政务发布,"{'1': 0.0, '2': 0.0, '3': 0.0, '4': 0.0}",0.0,-能量，似禅师棒喝，直指人心。
4,公众反馈/举报,"{'1': 0.0, '2': 0.0, '3': 0.0, '4': 1.0}",0.0,"这般由长期持戒修定生发之艺术感染力，令其榜书既具庙堂气象，复有山林清气，更兼东西交融的开阔视野，形成当代书坛罕见的\""禅意榜书\""独特风貌。"
4,公众反馈/举报,"{'1': 0.0, '2': 0.0, '3': 0.0, '4': 1.0}",0.0,五、收藏真义：一字千年，世代永宝
4,公众反馈/举报,"{'1': 0.0, '2': 0.0, '3': 0.0, '4': 1.0}",0.0,当笔墨褪尽浮华，喧嚣归于沉寂，法嵚居士以清净心写就的榜书大字，必将在时光淘洗中愈发澄澈光明——
1,政务发布,"{'1': 1.0, '2': 0.0, '3': 0.0, '4': 0.0}",0.0,藏家得其一字，不仅是获一件视觉艺术精品，更是将三代人的文化坚守、一位修行者的清净愿力、一种贯通东西的美学眼光，一同迎请入室。如此集家学、修行、学问于一身的翰墨孤品，在浮躁尘世中愈显珍贵。
2,城市问题,"{'1': 0.0, '2': 1.0, '3': 0.0, '4': 0.0}",0.0,法嵚居士以佛门弟子之至诚，将每日功课的定力、国际学术的睿思、东西教育的智慧，尽数凝于尺素之间。他的榜书，是祖父染香老人捐画名山的慈悲延续，是父亲王范之先生究天人之际的学术回响，更是一位现代知识分子阅尽繁华后回归传统的精神舍利。
2,城市问题,"{'1': 0.0, '2': 1.0, '3': 0.0, '4': 0.0}",0.0,"我在闲鱼发布了【无忧——两米九一，一念无挂】#退坑回血便宜出！#O网页链接"""
1,政务发布,"{'1': 0.0, '2': 0.0, '3': 0.0, '4': 0.0}",0.0,这，便是值得世代永藏的真正缘由。
2,城市问题,"{'1': 0.0, '2': 1.0, '3': 0.0, '4': 0.0}",-0.6,QEEd7cXaD
4,公众反馈/举报,"{'1': 0.0, '2': 0.0, '3': 0.0, '4': 1.0}",0.0,QFtUYELB7
4,公众反馈/举报,"{'1': 0.0, '2': 0.0, '3': 0.0, '4': 1.0}",0.0,R0wO19tmf
4,公众反馈/举报,"{'1': 0.0, '2': 0.1, '3': 0.0, '4': 0.9}",0.2,R0ylDqNlB
3,民生服务,"{'1': 0.0, '2': 0.0, '3': 1.0, '4': 0.0}",0.9,R07dm5eLX
3,民生服务,"{'1': 0.0, '2': 0.0, '3': 1.0, '4': 0.0}",0.8,R07IlnyZX
1,政务发布,"{'1': 1.0, '2': 0.0, '3': 0.0, '4': 0.0}",0.8,R065WwgeH
1,政务发布,"{'1': 1.0, '2': 0.0, '3': 0.0, '4': 0.0}",0.8,R0xMX4NTF
1,政务发布,"{'1': 1.0, '2': 0.0, '3': 0.0, '4': 0.0}",1.0,R05Dx5ER2
4,公众反馈/举报,"{'1': 0.0, '2': 0.0, '3': 0.0, '4': 1.0}",0.6,R06Fj7J5A
1,政务发布,"{'1': 1.0, '2': 0.0, '3': 0.0, '4': 0.0}",0.7,R07qLDbO7
4,公众反馈/举报,"{'1': 0.0, '2': 1.0, '3': 0.0, '4': 1.0}",-1.0,R07sn9OZX
2,城市问题,"{'1': 0.0, '2': 0.9, '3': 0.0, '4': 0.1}",-0.3,R07VtEtzA
1,政务发布,"{'1': 1.0, '2': 0.0, '3': 0.0, '4': 0.0}",0.8,QFVnP2kHs
3,民生服务,"{'1': 0.0, '2': 0.0, '3': 1.0, '4': 0.0}",0.6,R01ac84QZ
1,政务发布,"{'1': 1.0, '2': 0.0, '3': 0.0, '4': 0.0}",0.6,QFWmVwkrG
1,政务发布,"{'1': 1.0, '2': 0.0, '3': 0.0, '4': 0.0}",1.0,QFVEKhxuX
1,政务发布,"{'1': 1.0, '2': 0.0, '3': 0.0, '4': 0.0}",0.3,QFUo8adwl
1,政务发布,"{'1': 1.0, '2': 0.0, '3': 0.0, '4': 0.0}",0.8,QFWxYbMZm
4,公众反馈/举报,"{'1': 0.0, '2': 0.0, '3': 0.0, '4': 1.0}",-1.0,R01gs2AqH
1,政务发布,"{'1': 1.0, '2': 0.0, '3': 0.0, '4': 0.0}",0.8,QFVmD16cf
1,政务发布,"{'1': 1.0, '2': 0.0, '3': 0.0, '4': 0.0}",0.8,QFVws8fka
3,民生服务,"{'1': 0.0, '2': 0.0, '3': 1.0, '4': 0.0}",0.3,R006NqKtj
1,政务发布,"{'1': 1.0, '2': 0.0, '3': 0.0, '4': 0.0}",-0.5,QFVVszWQ5
4,公众反馈/举报,"{'1': 0.0, '2': 0.0, '3': 0.0, '4': 1.0}",-1.0,QFT73mZEI
4,公众反馈/举报,"{'1': 0.0, '2': 0.0, '3': 0.0, '4': 1.0}",0.8,QFVnP2kHs
1,政务发布,"{'1': 1.0, '2': 0.0, '3': 0.0, '4': 0.0}",0.8,R01JT07rx
1,政务发布,"{'1': 1.0, '2': 0.0, '3': 0.0, '4': 0.0}",0.5,QFUo8adwl
1,政务发布,"{'1': 1.0, '2': 0.0, '3': 0.0, '4': 0.0}",0.8,QFWmVwkrG
1,政务发布,"{'1': 1.0, '2': 0.0, '3': 0.0, '4': 0.0}",0.8,QFVEKhxuX
2,城市问题,"{'1': 0.0, '2': 1.0, '3': 0.0, '4': 0.0}",0.8,QFWxYbMZm
3,民生服务,"{'1': 0.0, '2': 0.0, '3': 1.0, '4': 0.0}",0.8,R01ac84QZ
3,民生服务,"{'1': 0.0, '2': 0.0, '3': 0.8, '4': 0.2}",0.3,R006NqKtj
4,公众反馈/举报,"{'4': 1.0, '3': 0.0, '2': 0.0, '1': 0.0}",-0.8,R01gs2AqH
1,政务发布,"{'1': 1.0, '2': 0.0, '3': 0.0, '4': 0.0}",0.9,QFVmD16cf
1,政务发布,"{'1': 1.0, '2': 0.0, '3': 0.0, '4': 0.0}",-0.5,QFVVszWQ5
1,政务发布,"{'1': 1.0, '2': 0.0, '3': 0.0, '4': 0.0}",0.9,QFVws8fka
4,公众反馈/举报,"{'1': 0.0, '2': 0.0, '3': 0.0, '4': 1.0}",-1.0,QFT73mZEI
1,政务发布,"{'1': 1.0, '2': 0.0, '3': 0.0, '4': 0.0}",0.9,R01JT07rx
4,公众反馈/举报,"{'1': 0.0, '2': 0.0, '3': 0.0, '4': 1.0}",0.0,QFqDiDCNd
4,公众反馈/举报,"{'1': 0.0, '2': 0.0, '3': 0.0, '4': 1.0}",-1.0,R1xN6oyTJ
1,政务发布,"{'1': 0.9, '2': 0.0, '3': 0.1, '4': 0.0}",0.8,R1vhTcOiD
2,城市问题,"{'1': 0.0, '2': 1.0, '3': 0.0, '4': 0.0}",-0.5,R1rII4uBR
1,政务发布,"{'1': 1.0, '2': 0.0, '3': 0.0, '4': 0.0}",0.0,R1t9jxPZm
1,政务发布,"{'1': 0.0, '2': 0.0, '3': 0.0, '4': 0.0}",0.0,R1xANvkwd
4,公众反馈/举报,"{'1': 0.0, '2': 0.0, '3': 0.0, '4': 1.0}",-0.8,R0T6cBbGQ
3,民生服务,"{'1': 0.0, '2': 0.0, '3': 1.0, '4': 0.0}",0.0,R0UyMakEc
1,政务发布,"{'1': 1.0, '2': 0.0, '3': 0.0, '4': 0.0}",-0.8,R0W4JmiWN
1,政务发布,"{'1': 1.0, '2': 0.0, '3': 0.0, '4': 0.0}",0.8,R0VILudzx
4,公众反馈/举报,"{'1': 0.0, '2': 0.0, '3': 0.0, '4': 1.0}",0.0,R0SpLdKkv
3,民生服务,"{'1': 0.0, '2': 0.0, '3': 1.0, '4': 0.0}",0.9,R0UrJ3Zce
1,政务发布,"{'1': 1.0, '2': 0.0, '3': 0.0, '4': 0.0}",0.8,R06shvESC
4,公众反馈/举报,"{'1': 0.0, '2': 0.0, '3': 0.0, '4': 1.0}",0.3,R06fV4N1w
4,公众反馈/举报,"{'1': 0.0, '2': 0.5, '3': 0.0, '4': 0.5}",-1.0,R05UCasxc
1,政务发布,"{'1': 1.0, '2': 0.0, '3': 0.0, '4': 0.0}",0.8,R0748z0qR
4,公众反馈/举报,"{'1': 0.0, '2': 0.1, '3': 0.1, '4': 0.8}",-0.9,R07sVuIvU
4,公众反馈/举报,"{'1': 0.0, '2': 0.0, '3': 0.0, '4': 1.0}",-1.0,QFSIvzQM2
4,公众反馈/举报,"{'1': 0.0, '2': 0.0, '3': 0.0, '4': 1.0}",0.3,R07QBeuc8
1,政务发布,"{'1': 1.0, '2': 0.0, '3': 0.0, '4': 0.0}",0.8,QFVz4ilVp
1,政务发布,"{'1': 1.0, '2': 0.0, '3': 0.0, '4': 0.0}",0.9,QFVZcxDHv
4,公众反馈/举报,"{'1': 0.0, '2': 0.2, '3': 0.1, '4': 0.7}",-0.8,QFWx3iNHl
1,政务发布,"{'1': 1.0, '2': 0.0, '3': 0.0, '4': 0.0}",0.5,QFVz4ilVp
4,公众反馈/举报,"{'1': 0.0, '2': 0.1, '3': 0.0, '4': 0.9}",-0.9,QFSIvzQM2
3,民生服务,"{'1': 0.0, '2': 0.0, '3': 1.0, '4': 0.0}",0.8,QFVZcxDHv
4,公众反馈/举报,"{'1': 0.0, '2': 0.0, '3': 0.0, '4': 1.0}",-0.1,R01usCebF
4,公众反馈/举报,"{'1': 0.0, '2': 0.0, '3': 0.0, '4': 1.0}",-0.8,QFWx3iNHl
1,政务发布,"{'1': 1.0, '2': 0.0, '3': 0.0, '4': 0.0}",0.8,R0eX61jYk
3,民生服务,"{'1': 0.0, '2': 0.0, '3': 1.0, '4': 0.0}",0.0,R01usCebF
4,公众反馈/举报,"{'1': 0.0, '2': 0.0, '3': 0.0, '4': 1.0}",-1.0,R0eUMBOMk
3,民生服务,"{'1': 0.0, '2': 0.0, '3': 1.0, '4': 0.0}",0.9,R0hETothi
1,政务发布,"{'1': 1.0, '2': 0.0, '3': 0.0, '4': 0.0}",0.8,R0f8ZwSnh
2,城市问题,"{'1': 0.0, '2': 1.0, '3': 0.0, '4': 0.0}",0.9,R0gTGfT1y
4,公众反馈/举报,"{'1': 0.0, '2': 0.0, '3': 0.1, '4': 0.9}",-0.5,R0i1LEwQ6
4,公众反馈/举报,"{'1': 0.0, '2': 0.0, '3': 0.0, '4': 1.0}",0.0,R0fzEBkpB
1,政务发布,"{'1': 1.0, '2': 0.0, '3': 0.0, '4': 0.0}",0.8,R0eX61jYk
3,民生服务,"{'1': 0.0, '2': 0.0, '3': 1.0, '4': 0.0}",0.8,R0hETothi
4,公众反馈/举报,"{'1': 0.0, '2': 0.0, '3': 0.0, '4': 1.0}",-0.8,R0eUMBOMk
1,政务发布,"{'1': 1.0, '2': 0.0, '3': 0.0, '4': 0.0}",0.8,R0gTGfT1y
2,城市问题,"{'1': 0.0, '2': 1.0, '3': 0.0, '4': 0.0}",-0.1,R0i1LEwQ6
1,政务发布,"{'1': 0.8, '2': 0.0, '3': 0.2, '4': 0.0}",0.8,R0f8ZwSnh
4,公众反馈/举报,"{'1': 0.0, '2': 0.0, '3': 0.0, '4': 1.0}",0.0,R0fzEBkpB
4,公众反馈/举报,"{'1': 0.0, '2': 0.0, '3': 0.0, '4': 1.0}",0.0,R05KKdHHt
0,,{},0.0,华润万象天地##海岸城购物中心##深圳湾万象城##益田假日广场##欢乐海岸##天利中央广场#华润城润府##深圳湾1号##卓越维港##三湘海尚##恒裕滨城二期##半岛城邦##宝能城#
4,公众反馈/举报,"{'1': 0.1, '2': 0.0, '3': 0.1, '4': 0.8}",0.6,QDZqeirQF
4,公众反馈/举报,"{'1': 0.0, '2': 0.0, '3': 0.0, '4': 1.0}",-1.0,QE0uPrrFi
4,公众反馈/举报,"{'1': 0.0, '2': 0.0, '3': 0.0, '4': 1.0}",0.0,创维大厦写字楼出租##创维大厦办公室招租##创维大厦办公楼租赁##创维大厦租金价格##创维大厦深南大道第一排##创维集团总部写字楼##高新园地铁站写字楼##科技园南区甲级写字楼##粤海街道核心地段写字楼##南山科技园地标写字楼#七、预约看房联系方式创维大厦目前在租面积段覆盖70㎡起的小精装单元→整层3
4,公众反馈/举报,"{'1': 0.0, '2': 0.0, '3': 0.0, '4': 1.0}",0.0,深圳湾体育中心春茧##深圳人才公园##深圳湾公园##大沙河生态长廊##深圳大学##腾讯滨海大厦##南头古城##万象天地剧场##保利剧院#腾讯滨海大厦##创维半导体设计大厦##科兴科学园##飞亚达科技大厦##TCL大厦##联想大厦##德赛科技大厦##金地威新软件园##深圳湾科技生态园##软件产业基地##留学生创业大厦##百度国际大厦##迈瑞科技大厦##中科纳能大厦##中兴通讯大厦#
1,政务发布,"{'1': 1.0, '2': 0.0, '3': 0.0, '4': 0.0}",0.8,R1DPdsW1G
4,公众反馈/举报,"{'1': 0.0, '2': 0.0, '3': 0.2, '4': 0.8}",0.0,R26AjyjJ4
4,公众反馈/举报,"{'1': 0.0, '2': 0.0, '3': 0.0, '4': 1.0}",0.0,QFneoBehR
3,民生服务,"{'1': 0.0, '2': 0.0, '3': 1.0, '4': 0.0}",0.9,QFnHKhZbP
1,政务发布,"{'1': 1.0, '2': 0.0, '3': 0.0, '4': 0.0}",0.8,QFkYhtfNN
1,政务发布,"{'1': 1.0, '2': 0.0, '3': 0.0, '4': 0.0}",1.0,QFkcPBobq
1,政务发布,"{'1': 1.0, '2': 0.0, '3': 0.0, '4': 0.0}",0.5,QFi40u2us
1,政务发布,"{'1': 1.0, '2': 0.0, '3': 0.0, '4': 0.0}",0.8,QFnp88KCQ
1,政务发布,"{'1': 1.0, '2': 0.0, '3': 0.0, '4': 0.0}",0.8,QFkPY6Vag
1,政务发布,"{'1': 1.0, '2': 0.0, '3': 0.0, '4': 0.0}",0.5,QFmUx1Wwm
4,公众反馈/举报,"{'1': 0.0, '2': 1.0, '3': 0.0, '4': 1.0}",-0.9,QFjoog1ST
3,民生服务,"{'1': 0.0, '2': 0.0, '3': 1.0, '4': 0.0}",0.5,QDUYMyWKF
2,城市问题,"{'1': 0.0, '2': 1.0, '3': 0.0, '4': 0.0}",-0.6,QFlZy3kBX
4,公众反馈/举报,"{'1': 0.0, '2': 0.0, '3': 0.0, '4': 1.0}",-0.3,QDXTV3rzV
4,公众反馈/举报,"{'1': 0.0, '2': 0.0, '3': 0.0, '4': 1.0}",-0.6,QDYUkh2F7
1,政务发布,"{'1': 1.0, '2': 0.0, '3': 0.0, '4': 0.0}",-0.8,QE0Myj8pc
4,公众反馈/举报,"{'1': 0.0, '2': 0.0, '3': 0.0, '4': 1.0}",0.3,QDVkDr5Ze
1,政务发布,"{'1': 1.0, '2': 0.0, '3': 0.0, '4': 0.0}",0.9,QDXZnanUw
1,政务发布,"{'1': 0.7, '2': 0.0, '3': 0.3, '4': 0.0}",1.0,QFTUqzdTg
1.0,政务发布,"{'1': 1.0, '2': 0.0, '3': 0.0, '4': 0.0}",0.0,QFWRKji1H,
1.0,政务发布,"{'1': 0.9, '2': 0.0, '3': 0.1, '4': 0.0}",0.6,QFWWiDGI7,
3.0,民生服务,"{'1': 0.0, '2': 0.0, '3': 1.0, '4': 0.0}",0.4,QFWuPF6M4,
1.0,政务发布,"{'1': 1.0, '2': 0.0, '3': 0.0, '4': 0.0}",0.8,QFUqGpobu,
1.0,政务发布,"{'1': 1.0, '2': 0.0, '3': 0.0, '4': 0.0}",1.0,QFWzZ84Bm,
4.0,公众反馈/举报,"{'1': 0.0, '2': 0.0, '3': 0.0, '4': 1.0}",-1.0,QFU8CurXT,
1.0,政务发布,"{'1': 1.0, '2': 0.0, '3': 0.0, '4': 0.0}",0.8,QFUt4wfRc,
1.0,政务发布,"{'1': 1.0, '2': 0.0, '3': 0.0, '4': 0.0}",1.0,QFTUqzdTg,
1.0,政务发布,"{'1': 1.0, '2': 0.0, '3': 0.0, '4': 0.0}",0.8,QFTUgzJGy,
1.0,政务发布,"{'1': 1.0, '2': 0.0, '3': 0.0, '4': 0.0}",0.0,QFWRKji1H,
1.0,政务发布,"{'1': 1.0, '2': 0.0, '3': 0.0, '4': 0.0}",0.85,QFWzZ84Bm,
3.0,民生服务,"{'1': 0.0, '2': 0.0, '3': 1.0, '4': 0.0}",0.0,QFWWiDGI7,
2.0,城市问题,"{'1': 0.0, '2': 0.8, '3': 0.1, '4': 0.1}",-0.3,QFWuPF6M4,
1.0,政务发布,"{'1': 1.0, '2': 0.0, '3': 0.0, '4': 0.0}",0.8,QFUqGpobu,
4.0,公众反馈/举报,"{'1': 0.0, '2': 0.0, '3': 0.0, '4': 1.0}",-0.9,QFU8CurXT,
1.0,政务发布,"{'1': 1.0, '2': 0.0, '3': 0.0, '4': 0.0}",0.9,QFUt4wfRc,
1.0,政务发布,"{'1': 1.0, '2': 0.0, '3': 0.0, '4': 0.0}",1.0,QFTUgzJGy,
1.0,政务发布,"{'1': 1.0, '2': 0.0, '3': 0.0, '4': 0.0}",0.8,QEh0Kq0Xi,
4.0,公众反馈/举报,"{'1': 0.0, '2': 0.0, '3': 0.0, '4': 1.0}",0.0,QEghrD3sN,
1.0,政务发布,"{'1': 1.0, '2': 0.0, '3': 0.0, '4': 0.0}",0.6,QEhi60zVD,
4.0,公众反馈/举报,"{'1': 0.0, '2': 0.0, '3': 0.0, '4': 1.0}",0.7,QEOVG7LTS,
1.0,政务发布,"{'1': 1.0, '2': 0.0, '3': 0.0, '4': 0.0}",0.5,QEPuauCDp,
1.0,政务发布,"{'1': 1.0, '2': 0.0, '3': 0.0, '4': 0.0}",0.5,QEQ8il5GH,
2.0,城市问题,"{'1': 0.0, '2': 1.0, '3': 0.0, '4': 0.0}",0.7,QFVuugY2Q,
4.0,公众反馈/举报,"{'1': 0.0, '2': 0.0, '3': 0.0, '4': 1.0}",0.0,"法嵚居士的榜书，绝非寻常笔墨所能企及。其价值深植于三代名门的文化沃土，绽放于国际学术的广阔疆域，最终归于青灯古佛下的虔诚证悟。一笔一画皆有根脉，一字之中可见三世风华，堪称当代书坛\""以文化人、以艺载道\""的典范。",
0.0,,"{'1': 0.0, '2': 0.0, '3': 0.0, '4': 0.0}",0.0,一、世家风骨：笔底有根，墨中藏骨,
4.0,公众反馈/举报,"{'1': 0.0, '2': 0.0, '3': 0.0, '4': 1.0}",0.0,"法嵚居士六岁染翰，家学渊源如源头活水浸润笔端。其祖父王春如先生（染香老人）乃佛门虔诚弟子\""染香居士\""，亦是巴蜀山水巨匠——巨幅丹青曾悬于峨眉山、青城山、新都宝光寺、五台山等梵宇名刹；更以中医济世，悬壶之手亦能挥毫，慈悲之心兼济苍生，笔下既有山水之苍润，亦含医者之仁心。",
0.0,,"{'1': 0.0, '2': 0.0, '3': 0.0, '4': 0.0}",0.0,其父王范之先生执教中国社科院与内蒙古大学，深耕先秦诸子之学；其遗作《吕氏春秋研究》由原国家图书馆馆长任继愈先生亲题书名，经北京大学冯友兰教授、张岱年教授、周辅成教授，中国社科院贺麟教授、黄人道教授，中央民族大学牟钟鉴教授，中华书局王国轩资深编审，内蒙古大学任嘉禾教授、杜继文教授、胡钟达教授、特布信教授、包祥教授、王月珽教授、戴其芳教授、陈羽云教授、韩公陶教授、杨祖培教授等学界泰斗推重，法嵚居士整理出版，这部凝聚两代人心血的著作，恰是其血脉中文化基因的生动注脚。笔下有根，故能立千年而不摇；墨中藏骨，故能传百代而不朽——这便是其作品收藏价值的第一重底款。,
0.0,,"{'1': 0.0, '2': 0.0, '3': 0.0, '4': 0.0}",0.0,二、国际视野：阅尽寰宇，归而有魂,
4.0,公众反馈/举报,"{'1': 0.0, '2': 0.0, '3': 0.0, '4': 1.0}",0.0,"尤为难得者，法嵚居士兼具国际视野与本土情怀。其所撰写的高等教育研究领域英文论文屡获邀于美、芬、澳等国及北京国际学术会议宣读。在芬兰\""国际高等教育品质评估会议\""上，《人的发展是大学教育的目的》一文引发深度共鸣，会后，英国高等教育学会秘书长专函致谢；次年，该学会联合澳政府及高校为其申请专项经费，助其赴澳大利亚墨尔本、布里斯班参会，发表英文论文《如何寻找现代高技术传递通路与传统教学方式之间的平衡》《高等学校道德标准的品质评估是如何可能的》等演讲，展露贯通东西的思辨锋芒。",
4.0,公众反馈/举报,"{'1': 0.0, '2': 0.0, '3': 0.0, '4': 1.0}",-1.0,"后于清华召开的国际高教会议上，荷兰莱顿大学校长亲索其论文。归国后，莱顿大学研究生处长致信称其\""已具博士学术水准\""，邀其在学校官网上自选博导，并撰写论文提要提交所选择的导师审核，如博导认可，即安排就读事宜。他在该校政治系、教育系和宗教系分别选了三个博导，并撰写了三篇博士论文提要发给这三位博导，这三位博导都认可他的博士论文提要并愿意指导他来校攻读博士学位；唯因留学费用需自筹，又未能申请到该校的博士奖学金，此事终成未竟之缘。这段跨越文明边界的学术历练，使其书法在传统文脉之上更添一份开阔与通达——阅尽世界后的回归，让每寸墨痕浸染时代厚重；跨过东西后的沉思，让每个字承载思想分量。",
1.0,政务发布,"{'1': 1.0, '2': 0.0, '3': 0.0, '4': 0.0}",0.0,"2017年，法嵚居士于北京法源寺正式皈依，法号\""法嵚\""，自此青灯黄卷，日课不辍。他深谙弘一法师\""书为心画\""之真谛，坚守\""食荤酒则笔墨带浊气\""的修行准则：每日定时诵经抄卷，日中一食，临池不辍。当俗世书家醉后逞豪、饱食弄墨之际，居士却以清净身、恭敬心，将早晚课诵的定力注入笔端。",
4.0,公众反馈/举报,"{'1': 0.0, '2': 0.0, '3': 0.0, '4': 1.0}",0.0,三、禅心修为：墨中有禅，字外有境,
0.0,,"{'1': 0.0, '2': 0.0, '3': 0.0, '4': 0.0}",0.0,四、三昧真火：熔铸一炉，独步当代,
4.0,公众反馈/举报,"{'1': 0.0, '2': 0.0, '3': 0.0, '4': 1.0}",0.0,"法嵚居士汲祖父染香老人山水之苍润，融父亲王范之先生与先秦诸子学之雄辩，更以佛门\""戒定慧\""三学为笔墨筋骨。其大字结构森然如唐楷法度，气韵流动有立体感。尤为难得者，其作品透出三重气场：",
4.0,公众反馈/举报,"{'1': 0.0, '2': 0.0, '3': 0.0, '4': 1.0}",0.0,"观其榜书，如见古德面壁：凝神静虑，调息入定。其大字透出清冽如高山雪水的纯净气场——那是戒律的庄严，是禅定的能量，是智慧的显现。这般以佛心熔铸的线条，早已超越技法层面，成为可瞻仰、可参悟、可修持的\""墨中禅\""。",
4,公众反馈/举报,"{'1': 0.0, '2': 0.3, '3': 0.2, '4': 0.5}",-0.9,R00xyh2bt
4,公众反馈/举报,"{'1': 0.0, '2': 0.0, '3': 0.0, '4': 1.0}",0.6,R07SojEJD
1,政务发布,"{'1': 1.0, '2': 0.0, '3': 0.0, '4': 0.0}",0.8,R06jCmLGX
1,政务发布,"{'1': 1.0, '2': 0.0, '3': 0.0, '4': 0.0}",0.8,R07RxmIVz
4,公众反馈/举报,"{'1': 0.0, '2': 0.0, '3': 0.0, '4': 1.0}",0.2,R071sa9au
3,民生服务,"{'1': 0.0, '2': 0.0, '3': 1.0, '4': 0.0}",0.9,R06Gtt5hA
4,公众反馈/举报,{'4': 1.0},-1.0,R0xxu0laZ
1,政务发布,"{'1': 1.0, '2': 0.0, '3': 0.0, '4': 0.0}",0.8,R07PKkRrK
4,公众反馈/举报,"{'1': 0.0, '2': 0.0, '3': 0.0, '4': 1.0}",0.5,R098wCpWJ
1,政务发布,"{'1': 1.0, '2': 0.0, '3': 0.0, '4': 0.0}",-0.5,QFX8071cf
1,政务发布,"{'1': 1.0, '2': 0.0, '3': 0.0, '4': 0.0}",1.0,QFW6UF3PH
1,政务发布,"{'1': 1.0, '2': 0.0, '3': 0.0, '4': 0.0}",0.9,R01FH3Djl
1,政务发布,"{'1': 1.0, '2': 0.0, '3': 0.0, '4': 0.0}",0.9,QFWlnkluU
1,政务发布,"{'1': 1.0, '2': 0.0, '3': 0.0, '4': 0.0}",0.9,QFWg62Pj8
1,政务发布,"{'1': 1.0, '2': 0.0, '3': 0.0, '4': 0.0}",0.9,QFVuqqpbD
4,公众反馈/举报,"{'1': 0.0, '2': 0.0, '3': 0.0, '4': 1.0}",0.0,QF1DQ07ll
4,公众反馈/举报,"{'1': 0.1, '2': 0.0, '3': 0.0, '4': 0.9}",0.8,R0tnhpwdM
4,公众反馈/举报,"{'1': 0.0, '2': 0.0, '3': 0.0, '4': 1.0}",-1.0,QF3KatdF3
3,民生服务,"{'1': 0.0, '2': 0.0, '3': 1.0, '4': 0.0}",0.9,R1MgnhICg
3,民生服务,"{'1': 0.0, '2': 0.0, '3': 1.0, '4': 0.0}",0.7,R1LH1xiht
4,公众反馈/举报,"{'1': 0.0, '2': 0.0, '3': 0.0, '4': 1.0}",-1.0,R0WiX6e04
4,公众反馈/举报,"{'1': 0.0, '2': 0.0, '3': 0.0, '4': 1.0}",0.8,R1Or0pEH8
4,公众反馈/举报,"{'1': 0.0, '2': 0.0, '3': 0.0, '4': 1.0}",-0.2,R0VsFjY43
4,公众反馈/举报,"{'1': 0.0, '2': 0.0, '3': 0.0, '4': 1.0}",-0.4,R0VBdnnZP
4,公众反馈/举报,"{'1': 0.0, '2': 0.2, '3': 0.0, '4': 0.8}",-0.9,R0WnEstez
1,政务发布,"{'1': 1.0, '2': 0.0, '3': 0.0, '4': 0.0}",0.9,R0Vivgddr
4,公众反馈/举报,"{'1': 0.0, '2': 0.0, '3': 0.0, '4': 1.0}",-1.0,R0TUDEWiP
1,政务发布,"{'1': 1.0, '2': 0.0, '3': 0.0, '4': 0.0}",0.8,QEpahgBlU
3,民生服务,"{'1': 0.1, '2': 0.0, '3': 0.8, '4': 0.1}",0.5,QEsNbbOzY
1,政务发布,"{'1': 1.0, '2': 0.0, '3': 0.0, '4': 0.0}",0.0,QErltdodi
4,公众反馈/举报,"{'1': 0.0, '2': 0.0, '3': 0.0, '4': 1.0}",-0.8,R13smylPB
4,公众反馈/举报,"{'1': 0.0, '2': 0.0, '3': 0.0, '4': 1.0}",-0.9,R0YUdv2vf
2,城市问题,"{'1': 0.0, '2': 0.9, '3': 0.0, '4': 0.1}",0.0,QE9SiE46s
4,公众反馈/举报,"{'1': 0.0, '2': 0.0, '3': 0.0, '4': 1.0}",-0.5,QE59efi2S
1,政务发布,"{'1': 1.0, '2': 0.0, '3': 0.0, '4': 0.0}",0.8,QE42L0T7z
1,政务发布,"{'1': 1.0, '2': 0.0, '3': 0.0, '4': 0.0}",0.8,QE5B8zUCV
4,公众反馈/举报,"{'1': 0.0, '2': 0.0, '3': 0.0, '4': 1.0}",0.8,QE4Ipv9u8
1,政务发布,"{'1': 1.0, '2': 0.0, '3': 0.0, '4': 0.0}",0.9,QFPaerh53
1,政务发布,"{'1': 1.0, '2': 0.0, '3': 0.0, '4': 0.0}",0.8,QFMOMopUl
3,民生服务,"{'1': 0.0, '2': 0.0, '3': 1.0, '4': 0.0}",0.0,QFMNgn6Zi
1,政务发布,"{'1': 1.0, '2': 0.0, '3': 0.0, '4': 0.0}",0.0,R14garUsi
4,公众反馈/举报,"{'1': 0.0, '2': 0.0, '3': 0.0, '4': 1.0}",-0.9,QFM29csgm
2,城市问题,"{'1': 0.0, '2': 1.0, '3': 0.0, '4': 0.0}",0.0,R11VjDYls
1,政务发布,"{'1': 1.0, '2': 0.0, '3': 0.0, '4': 0.0}",1.0,R13tM821u
3,民生服务,"{'1': 0.0, '2': 0.0, '3': 1.0, '4': 0.0}",0.0,R13sjnQke
2,城市问题,"{'1': 0.0, '2': 1.0, '3': 0.0, '4': 0.0}",-0.2,R13QtasCk
3,民生服务,"{'1': 0.0, '2': 0.0, '3': 1.0, '4': 0.0}",0.0,QFNcV0cs2
4,公众反馈/举报,"{'1': 0.0, '2': 0.0, '3': 0.0, '4': 1.0}",-1.0,QFLE13vAm
4,公众反馈/举报,"{'1': 0.0, '2': 0.0, '3': 0.0, '4': 1.0}",0.6,R1vOytJjw
1,政务发布,"{'1': 1.0, '2': 0.0, '3': 0.0, '4': 0.0}",1.0,R1xNZdtQ6
4,公众反馈/举报,"{'1': 0.0, '2': 0.0, '3': 0.0, '4': 1.0}",-0.9,R2jdmmSSR
4,公众反馈/举报,"{'1': 0.0, '2': 0.0, '3': 0.0, '4': 1.0}",0.0,R2hhys4g8
4,公众反馈/举报,"{'1': 0.0, '2': 0.0, '3': 0.0, '4': 1.0}",-1.0,R2gB0EXJw
3,民生服务,"{'1': 0.0, '2': 0.0, '3': 1.0, '4': 0.0}",1.0,R2jaTBJ8c
1,政务发布,"{'1': 1.0, '2': 0.0, '3': 0.0, '4': 0.0}",0.6,R2gDug3Xe
3,民生服务,"{'1': 0.0, '2': 0.0, '3': 1.0, '4': 0.0}",0.0,R2iZkq2xl
1,政务发布,"{'1': 1.0, '2': 0.0, '3': 0.0, '4': 0.0}",0.8,R2jiXe5eU
1,政务发布,"{'1': 1.0, '2': 0.0, '3': 0.0, '4': 0.0}",0.8,R2gL2Bc7J
1,政务发布,"{'1': 1.0, '2': 0.0, '3': 0.0, '4': 0.0}",0.5,R2fV2kwxL
3,民生服务,"{'1': 0.0, '2': 0.0, '3': 0.8, '4': 0.2}",0.6,R2e2ZFW6V
4,公众反馈/举报,"{'1': 0.0, '2': 0.5, '3': 0.0, '4': 1.0}",-1.0,R2bmO2CgF
3,民生服务,"{'1': 0.0, '2': 0.0, '3': 1.0, '4': 0.0}",0.5,R1C9p4E9c
1,政务发布,"{'1': 1.0, '2': 0.0, '3': 0.0, '4': 0.0}",1.0,R2dmFmRZ3
1,政务发布,"{'1': 1.0, '2': 0.0, '3': 0.0, '4': 0.0}",0.8,R1DJ3CZn7
4,公众反馈/举报,"{'1': 0.0, '2': 0.2, '3': 0.3, '4': 0.5}",-0.8,R1ud37nSa
3,民生服务,"{'1': 0.0, '2': 0.0, '3': 1.0, '4': 0.0}",0.9,R1uvPsbRg
4,公众反馈/举报,"{'1': 0.0, '2': 0.0, '3': 0.0, '4': 1.0}",0.8,R1uH4fCaf
1,政务发布,"{'1': 1.0, '2': 0.0, '3': 0.0, '4': 0.0}",0.8,QFbwj5CqX
3,民生服务,"{'1': 0.0, '2': 0.0, '3': 1.0, '4': 0.0}",0.0,QFbwL9TKg
1,政务发布,"{'1': 1.0, '2': 0.0, '3': 0.0, '4': 0.0}",1.0,QFcbp7iaS
1,政务发布,"{'1': 1.0, '2': 0.0, '3': 0.0, '4': 0.0}",0.6,QFkY3xIoC
4,公众反馈/举报,"{'1': 0.0, '2': 0.0, '3': 0.0, '4': 1.0}",0.6,R0yaI23M5
1,政务发布,"{'1': 1.0, '2': 0.0, '3': 0.0, '4': 0.0}",0.5,QFkrewIWq
1,政务发布,"{'1': 1.0, '2': 0.0, '3': 0.0, '4': 0.0}",0.3,QFk57CLpR
1,政务发布,"{'1': 1.0, '2': 0.0, '3': 0.0, '4': 0.0}",0.8,QFke6u71o
4,公众反馈/举报,"{'1': 0.0, '2': 0.0, '3': 0.0, '4': 1.0}",0.6,QFnoUtHWQ
2,城市问题,"{'1': 0.0, '2': 0.0, '3': 0.0, '4': 0.0}",0.0,QFiHkc55j
4,公众反馈/举报,"{'1': 0.0, '2': 0.0, '3': 0.0, '4': 1.0}",-0.5,QFkVM2CgE
4,公众反馈/举报,"{'1': 0.0, '2': 0.0, '3': 0.0, '4': 1.0}",-0.5,QFmrLpgmP
1,政务发布,"{'1': 1.0, '2': 0.0, '3': 0.0, '4': 0.0}",0.3,QFmrUhcMp
1,政务发布,"{'1': 1.0, '2': 0.0, '3': 0.0, '4': 0.0}",0.5,R1xT6tlPr
4,公众反馈/举报,"{'1': 0.0, '2': 0.0, '3': 0.2, '4': 0.8}",-0.3,QFitr0ANw
4,公众反馈/举报,"{'1': 0.0, '2': 0.0, '3': 0.0, '4': 1.0}",-0.9,R1vOcxidK
4,公众反馈/举报,"{'1': 0.0, '2': 0.0, '3': 0.0, '4': 1.0}",-0.8,R1vh1ktaU
1,政务发布,"{'1': 1.0, '2': 0.0, '3': 0.0, '4': 0.0}",0.9,R1tf9temA
3,民生服务,"{'1': 0.0, '2': 0.0, '3': 1.0, '4': 0.0}",0.9,R1waR6lg8
1,政务发布,"{'1': 1.0, '2': 0.0, '3': 0.0, '4': 0.0}",0.8,R1wIZkF6h
4,公众反馈/举报,"{'1': 0.0, '2': 0.0, '3': 0.0, '4': 1.0}",-1.0,R1v7enZvA
4,公众反馈/举报,"{'1': 0.0, '2': 0.0, '3': 0.0, '4': 1.0}",-1.0,R0bf3yC96
1,政务发布,"{'1': 1.0, '2': 0.0, '3': 0.0, '4': 0.0}",0.9,QE6YNx5en
1,政务发布,"{'1': 1.0, '2': 0.0, '3': 0.0, '4': 0.0}",0.8,QE6wr8c17
3,民生服务,"{'1': 0.0, '2': 0.0, '3': 1.0, '4': 0.0}",0.9,QE7xg15iW
1,政务发布,"{'1': 1.0, '2': 0.0, '3': 0.0, '4': 0.0}",0.0,QE7sF7yTr
4,公众反馈/举报,"{'1': 0.0, '2': 0.0, '3': 0.0, '4': 1.0}",0.0,QEqMV6A8P
3,民生服务,"{'1': 0.0, '2': 0.0, '3': 1.0, '4': 0.0}",0.0,QE7tWiZ4a
4,公众反馈/举报,"{'1': 0.0, '2': 0.0, '3': 0.0, '4': 1.0}",0.5,QErvHsAip
3,民生服务,"{'1': 0.0, '2': 0.0, '3': 1.0, '4': 0.0}",0.0,QEsTqhqIi
4,公众反馈/举报,"{'1': 0.0, '2': 0.0, '3': 0.0, '4': 1.0}",0.6,QEnIf8gcq
4,公众反馈/举报,"{'1': 0.0, '2': 0.0, '3': 0.0, '4': 1.0}",-0.9,R0UUpgQXX
3,民生服务,"{'1': 0.0, '2': 0.0, '3': 1.0, '4': 0.0}",0.3,R0VQSvnqL
3,民生服务,"{'1': 0.0, '2': 0.0, '3': 1.0, '4': 0.0}",0.0,R0VK54RFO
1,政务发布,"{'1': 1.0, '2': 0.0, '3': 0.0, '4': 0.0}",-0.5,R0W4XorMO
3,民生服务,"{'1': 0.0, '2': 0.0, '3': 1.0, '4': 0.0}",0.0,R1j8WwKLv
2,城市问题,"{'1': 0.0, '2': 1.0, '3': 0.0, '4': 0.0}",-0.9,R14nSuWR6
1,政务发布,"{'1': 1.0, '2': 0.0, '3': 0.0, '4': 0.0}",0.9,R1wSr8pmq
4,公众反馈/举报,"{'1': 0.0, '2': 0.0, '3': 0.0, '4': 1.0}",-1.0,R13AepS8P
4,公众反馈/举报,"{'1': 0.0, '2': 0.1, '3': 0.1, '4': 0.8}",-0.8,R1wNBEpBT
4,公众反馈/举报,"{'1': 0.0, '2': 0.0, '3': 0.0, '4': 1.0}",-0.8,R1wGQu2VH
4,公众反馈/举报,"{'1': 0.0, '2': 0.0, '3': 0.0, '4': 1.0}",-1.0,R1wijBfwJ
1,政务发布,"{'1': 1.0, '2': 0.0, '3': 0.0, '4': 0.0}",0.0,R0wIVjRRx
4,公众反馈/举报,"{'1': 0.0, '2': 0.0, '3': 0.0, '4': 1.0}",0.7,R1uhVwg4f
4,公众反馈/举报,"{'1': 0.0, '2': 0.0, '3': 0.0, '4': 1.0}",-0.2,R1msAlRYn
3,民生服务,"{'1': 0.0, '2': 0.0, '3': 1.0, '4': 0.0}",0.9,R1mXW7SaM
1,政务发布,"{'1': 1.0, '2': 0.0, '3': 0.0, '4': 0.0}",0.8,R1je6f7af
1,政务发布,"{'1': 1.0, '2': 0.0, '3': 0.0, '4': 0.0}",0.5,R1mBTen4I
3,民生服务,"{'1': 0.0, '2': 0.0, '3': 1.0, '4': 0.0}",0.8,R2j3s2fyh
4,公众反馈/举报,"{'1': 0.0, '2': 0.0, '3': 0.0, '4': 1.0}",-0.8,R2jd1FFUn
1,政务发布,"{'1': 1.0, '2': 0.0, '3': 0.0, '4': 0.0}",0.8,R2hnIkcNL
1,政务发布,"{'1': 1.0, '2': 0.0, '3': 0.0, '4': 0.0}",0.9,R2gCNpd8l
1,政务发布,"{'1': 1.0, '2': 0.0, '3': 0.0, '4': 0.0}",0.8,R2geQjZcq
1,政务发布,"{'1': 1.0, '2': 0.0, '3': 0.0, '4': 0.0}",0.8,QFX8s6Tc6
1,政务发布,"{'1': 1.0, '2': 0.0, '3': 0.0, '4': 0.0}",0.6,QFWi2tDoy
4,公众反馈/举报,"{'1': 0.0, '2': 0.0, '3': 0.0, '4': 1.0}",-1.0,R2f2Di23t
4,公众反馈/举报,"{'1': 0.0, '2': 0.0, '3': 0.0, '4': 1.0}",0.5,QFWeijP0H
4,公众反馈/举报,"{'1': 0.0, '2': 0.0, '3': 0.0, '4': 1.0}",-0.5,R015VmjZJ
1,政务发布,"{'1': 1.0, '2': 0.0, '3': 0.0, '4': 0.0}",0.9,R01KFuQiK
1,政务发布,"{'1': 1.0, '2': 0.0, '3': 0.0, '4': 0.0}",0.9,R01IcauLM
1,政务发布,"{'1': 1.0, '2': 0.0, '3': 0.0, '4': 0.0}",0.8,QFUsBC2fC
3,民生服务,"{'1': 0.0, '2': 0.0, '3': 1.0, '4': 0.0}",0.8,QFWG51Ysu
1,政务发布,"{'1': 1.0, '2': 0.0, '3': 0.0, '4': 0.0}",0.6,QFWi2tDoy
4,公众反馈/举报,"{'1': 0.0, '2': 0.0, '3': 0.0, '4': 1.0}",0.5,QFWeijP0H
3,民生服务,"{'1': 0.0, '2': 0.0, '3': 1.0, '4': 0.0}",0.9,QFVbP8duu
1,政务发布,"{'1': 1.0, '2': 0.0, '3': 0.0, '4': 0.0}",0.8,QFX8s6Tc6
4,公众反馈/举报,"{'1': 0.0, '2': 0.0, '3': 0.0, '4': 1.0}",0.0,R015VmjZJ
1,政务发布,"{'1': 1.0, '2': 0.0, '3': 0.0, '4': 0.0}",0.8,R01KFuQiK
1,政务发布,"{'1': 1.0, '2': 0.0, '3': 0.0, '4': 0.0}",0.0,QFUsBC2fC
1,政务发布,"{'1': 1.0, '2': 0.0, '3': 0.0, '4': 0.0}",0.8,R01IcauLM
1,政务发布,"{'1': 1.0, '2': 0.0, '3': 0.0, '4': 0.0}",1.0,QFWG51Ysu
1,政务发布,"{'1': 1.0, '2': 0.0, '3': 0.0, '4': 0.0}",0.9,QFVbP8duu
1,政务发布,"{'1': 1.0, '2': 0.0, '3': 0.0, '4': 0.0}",0.0,R0W85EoW6
4,公众反馈/举报,"{'1': 0.0, '2': 0.0, '3': 0.0, '4': 1.0}",0.9,R0ReFeX8S
1,政务发布,"{'1': 1.0, '2': 0.0, '3': 0.0, '4': 0.0}",-0.2,R0W2Ao1OH
1,政务发布,"{'1': 1.0, '2': 0.0, '3': 0.0, '4': 0.0}",0.8,R0UlD4Cj5
4,公众反馈/举报,"{'1': 0.0, '2': 0.0, '3': 0.2, '4': 0.8}",0.0,R0VlY5EAp
1,政务发布,"{'1': 1.0, '2': 0.0, '3': 0.0, '4': 0.0}",0.6,QErmrlhtQ
2,城市问题,"{'1': 0.2, '2': 0.5, '3': 0.2, '4': 0.1}",0.3,QEqSI3xls
4,公众反馈/举报,"{'1': 0.0, '2': 0.0, '3': 0.0, '4': 1.0}",-1.0,QEoPV682I
2,城市问题,"{'1': 0.0, '2': 0.8, '3': 0.1, '4': 0.1}",0.2,R0bnudT5y
4,公众反馈/举报,"{'1': 0.0, '2': 0.0, '3': 0.3, '4': 0.7}",0.5,R0aAFvmho
3,民生服务,"{'1': 0.0, '2': 0.0, '3': 1.0, '4': 0.0}",0.8,R0bdtAa3r
4,公众反馈/举报,"{'1': 0.0, '2': 0.2, '3': 0.1, '4': 0.7}",-0.8,R07PH5WOD
1,政务发布,"{'1': 1.0, '2': 0.0, '3': 0.0, '4': 0.0}",1.0,R05Gx1ZIK
3,民生服务,"{'1': 0.0, '2': 0.0, '3': 1.0, '4': 0.0}",0.8,R05ivqb4l
4,公众反馈/举报,"{'1': 0.0, '2': 0.0, '3': 0.0, '4': 1.0}",-1.0,R082q0uFK
1,政务发布,"{'1': 1.0, '2': 0.0, '3': 0.0, '4': 0.0}",1.0,R07Us7L4I
3,民生服务,"{'1': 0.0, '2': 0.0, '3': 1.0, '4': 0.0}",0.0,QE9Zufh3V
4,公众反馈/举报,"{'1': 0.0, '2': 0.1, '3': 0.3, '4': 0.6}",-0.6,QE4ugqDZX
1,政务发布,"{'1': 1.0, '2': 0.0, '3': 0.0, '4': 0.0}",1.0,QE94vprmF
1,政务发布,"{'1': 1.0, '2': 0.0, '3': 0.0, '4': 0.0}",0.8,QE4H4pSLy
1,政务发布,"{'1': 1.0, '2': 0.0, '3': 0.0, '4': 0.0}",0.8,R0SklsrCl
3,民生服务,"{'1': 0.0, '2': 0.0, '3': 1.0, '4': 0.0}",0.0,R0U06rVo6
3,民生服务,"{'1': 0.0, '2': 0.0, '3': 1.0, '4': 0.0}",0.8,R0T1Z7Se7
1,政务发布,"{'1': 1.0, '2': 0.0, '3': 0.0, '4': 0.0}",-0.5,R0W4unDUA
1,政务发布,"{'1': 1.0, '2': 0.0, '3': 0.0, '4': 0.0}",1.0,R0UVkhxs5
3,民生服务,"{'1': 0.0, '2': 0.2, '3': 0.6, '4': 0.2}",-0.3,R0UHGAAtK
3,民生服务,"{'1': 0.0, '2': 0.0, '3': 1.0, '4': 0.0}",0.9,R0hkdkxvI
1,政务发布,"{'1': 1.0, '2': 0.0, '3': 0.0, '4': 0.0}",0.8,R0fDEE8Ah
1,政务发布,"{'1': 1.0, '2': 0.0, '3': 0.0, '4': 0.0}",0.8,R0hLKEtIx
1,政务发布,"{'1': 1.0, '2': 0.0, '3': 0.0, '4': 0.0}",0.8,R0gwjqQBu
3,民生服务,"{'1': 0.0, '2': 0.0, '3': 1.0, '4': 0.0}",0.9,R0fW0osFH
4,公众反馈/举报,"{'1': 0.0, '2': 0.0, '3': 0.0, '4': 1.0}",-1.0,R0fy2lBty
1,政务发布,"{'1': 1.0, '2': 0.0, '3': 0.0, '4': 0.0}",1.0,R0hkdkxvI
3,民生服务,"{'1': 0.0, '2': 0.0, '3': 1.0, '4': 0.0}",0.9,R0hLKEtIx
3,民生服务,"{'1': 0.3, '2': 0.0, '3': 0.7, '4': 0.0}",0.8,R0gwjqQBu
2,城市问题,"{'1': 0.0, '2': 1.0, '3': 0.0, '4': 0.0}",0.9,R0fDEE8Ah
4,公众反馈/举报,"{'1': 0.0, '2': 0.0, '3': 0.0, '4': 1.0}",-0.9,R0fy2lBty
1,政务发布,"{'1': 1.0, '2': 0.0, '3': 0.0, '4': 0.0}",0.8,QFny1aY9E
3,民生服务,"{'1': 0.0, '2': 0.0, '3': 1.0, '4': 0.0}",1.0,R0fW0osFH
3,民生服务,"{'1': 0.0, '2': 0.0, '3': 1.0, '4': 0.0}",0.9,QFmxvbIG0
1,政务发布,"{'1': 1.0, '2': 0.0, '3': 0.0, '4': 0.0}",1.0,QFis9DUWu
3,民生服务,"{'1': 0.0, '2': 0.0, '3': 1.0, '4': 0.0}",0.9,QFnD9aayk
1,政务发布,"{'1': 1.0, '2': 0.0, '3': 0.0, '4': 0.0}",0.9,QFnjL8Gww
1,政务发布,"{'1': 0.8, '2': 0.0, '3': 0.1, '4': 0.1}",0.7,QFhCvxZpe
3,民生服务,"{'1': 0.0, '2': 0.0, '3': 1.0, '4': 0.0}",0.9,QFirteO8m
4,公众反馈/举报,"{'1': 0.0, '2': 0.0, '3': 0.2, '4': 0.8}",0.5,QFi3Q49Pv
4,公众反馈/举报,"{'1': 0.0, '2': 0.0, '3': 0.0, '4': 1.0}",0.8,R0wXe1RRW
1,政务发布,"{'1': 1.0, '2': 0.0, '3': 0.0, '4': 0.0}",0.8,QF8M4AJT3
4,公众反馈/举报,"{'1': 0.0, '2': 0.0, '3': 0.0, '4': 1.0}",0.0,QF97JjP8g
4,公众反馈/举报,"{'1': 0.0, '2': 0.0, '3': 0.0, '4': 1.0}",0.0,R1GKYhGq4
1,政务发布,"{'1': 1.0, '2': 0.0, '3': 0.0, '4': 0.0}",0.8,R1Gp7fDiN
3,民生服务,"{'1': 0.0, '2': 0.0, '3': 1.0, '4': 0.0}",0.8,R08lmwSGi
2,城市问题,"{'1': 0.0, '2': 1.0, '3': 0.0, '4': 0.0}",0.5,R02aIB2AI
1,政务发布,"{'1': 1.0, '2': 0.0, '3': 0.0, '4': 0.0}",0.8,QE619s8fH
1,政务发布,"{'1': 1.0, '2': 0.0, '3': 0.0, '4': 0.0}",0.0,QE40W2E45
1,政务发布,"{'1': 1.0, '2': 0.0, '3': 0.0, '4': 0.0}",0.8,QE74XwUXx
1,政务发布,"{'1': 1.0, '2': 0.0, '3': 0.0, '4': 0.0}",0.8,QE6RxzqHw
3,民生服务,"{'1': 0.0, '2': 0.0, '3': 1.0, '4': 0.0}",0.0,QE3qAmKpm
1,政务发布,"{'1': 1.0, '2': 0.0, '3': 0.0, '4': 0.0}",0.8,QFlIg51AK
1,政务发布,"{'1': 1.0, '2': 0.0, '3': 0.0, '4': 0.0}",0.6,QFmeEqUAU
1,政务发布,"{'1': 1.0, '2': 0.0, '3': 0.0, '4': 0.0}",0.8,QFlbMlxas
3,民生服务,"{'1': 0.0, '2': 0.0, '3': 1.0, '4': 0.0}",0.9,QFkgk8UpM
3,民生服务,"{'1': 0.0, '2': 0.0, '3': 1.0, '4': 0.0}",0.8,QFktexz2T
4,公众反馈/举报,"{'1': 0.0, '2': 0.0, '3': 0.0, '4': 1.0}",0.8,QFnnNptw7
4,公众反馈/举报,"{'1': 0.0, '2': 0.2, '3': 0.1, '4': 0.7}",-0.9,QFngJoNdN
1,政务发布,"{'1': 1.0, '2': 0.0, '3': 0.0, '4': 0.0}",0.0,QFmux8rPl
4,公众反馈/举报,"{'1': 0.0, '2': 0.2, '3': 0.0, '4': 0.8}",-1.0,QFne7vaOi
4,公众反馈/举报,"{'1': 0.0, '2': 0.0, '3': 0.0, '4': 1.0}",0.0,QFk6p9lro
1,政务发布,"{'1': 1.0, '2': 0.0, '3': 0.0, '4': 0.0}",0.9,QFi6Dkb1Q
4,公众反馈/举报,"{'1': 0.0, '2': 0.0, '3': 0.0, '4': 1.0}",-0.5,QFkkR8A4L
2,城市问题,"{'1': 0.0, '2': 1.0, '3': 0.0, '4': 0.0}",0.0,QDZYHimNh
3,民生服务,"{'1': 0.2, '2': 0.1, '3': 0.6, '4': 0.1}",0.6,QDZXxld6U
4,公众反馈/举报,"{'1': 0.0, '2': 0.0, '3': 0.0, '4': 1.0}",0.5,QE0nH6uHE
4,公众反馈/举报,"{'1': 0.0, '2': 0.0, '3': 0.0, '4': 1.0}",1.0,R0Nj4zwsG
4,公众反馈/举报,"{'1': 0.0, '2': 0.1, '3': 0.1, '4': 0.8}",0.6,R0PyOy0oB
1,政务发布,"{'1': 1.0, '2': 0.0, '3': 0.0, '4': 0.0}",0.0,R0Oa40mIl
1,政务发布,"{'1': 0.05, '2': 0.0, '3': 0.95, '4': 0.0}",0.0,R0OvhFRVX
3,民生服务,"{'1': 0.0, '2': 0.0, '3': 1.0, '4': 0.0}",0.0,R0Ufped6V
4,公众反馈/举报,"{'1': 0.0, '2': 0.0, '3': 0.0, '4': 1.0}",0.7,R0TMnjdke
1,政务发布,"{'1': 1.0, '2': 0.0, '3': 0.0, '4': 0.0}",0.8,R1tn28sxm
1,政务发布,"{'1': 1.0, '2': 0.0, '3': 0.0, '4': 0.0}",0.2,R1sgS0Skx
4,公众反馈/举报,"{'1': 0.0, '2': 0.0, '3': 0.0, '4': 1.0}",-0.8,R1s5V696T
1,政务发布,"{'1': 1.0, '2': 0.0, '3': 0.0, '4': 0.0}",0.0,R1sYgxuqO
1,政务发布,"{'1': 1.0, '2': 0.0, '3': 0.0, '4': 0.0}",0.5,R1sItzyzv
3,民生服务,"{'1': 0.0, '2': 0.0, '3': 1.0, '4': 0.0}",0.0,R1xTx9zam
4,公众反馈/举报,"{'1': 0.0, '2': 0.0, '3': 0.0, '4': 1.0}",-0.9,QFWVvbiYd
4,公众反馈/举报,"{'1': 0.0, '2': 0.0, '3': 0.0, '4': 1.0}",0.2,QFTnv2bJH
2,城市问题,"{'1': 0.0, '2': 1.0, '3': 0.0, '4': 0.0}",-0.2,QEJ5E9Uyu
4,公众反馈/举报,"{'1': 0.0, '2': 0.0, '3': 0.0, '4': 1.0}",0.5,R006hn7nv
4,公众反馈/举报,"{'1': 0.0, '2': 0.0, '3': 0.0, '4': 1.0}",0.3,QEGr9eibY
4,公众反馈/举报,"{'1': 0.0, '2': 0.0, '3': 0.0, '4': 1.0}",0.0,QEii7xrDK
3,民生服务,"{'1': 0.0, '2': 0.0, '3': 1.0, '4': 0.0}",1.0,QEgAImY6b
1,政务发布,"{'1': 1.0, '2': 0.0, '3': 0.0, '4': 0.0}",0.9,QEgBkgP1S
3,民生服务,"{'1': 0.0, '2': 0.0, '3': 1.0, '4': 0.0}",0.6,QEhcs6xNp
1,政务发布,"{'1': 1.0, '2': 0.0, '3': 0.0, '4': 0.0}",0.9,QEdMZ6vG9
2,城市问题,"{'1': 0.0, '2': 1.0, '3': 0.0, '4': 0.0}",-0.5,QEg5RAkgj
2,城市问题,"{'1': 0.0, '2': 1.0, '3': 0.0, '4': 0.0}",1.0,QEdwEvFUY
1,政务发布,"{'1': 1.0, '2': 0.0, '3': 0.0, '4': 0.0}",0.9,QEgODuPIT
3,民生服务,"{'1': 0.0, '2': 0.0, '3': 1.0, '4': 0.0}",0.0,QEe0sevwg
4,公众反馈/举报,"{'1': 0.0, '2': 0.0, '3': 0.0, '4': 1.0}",0.6,R24zbcxGX
1,政务发布,"{'1': 1.0, '2': 0.0, '3': 0.0, '4': 0.0}",0.9,R26FMxnXF
1,政务发布,"{'1': 1.0, '2': 0.0, '3': 0.0, '4': 0.0}",0.8,R26eUv2kK
1,政务发布,"{'1': 1.0, '2': 0.0, '3': 0.0, '4': 0.0}",0.8,R24IPyEcp
1,政务发布,"{'1': 1.0, '2': 0.0, '3': 0.0, '4': 0.0}",0.0,R26Z3e0tL
4,公众反馈/举报,"{'1': 0.0, '2': 0.0, '3': 0.0, '4': 1.0}",0.0,R0GuE4WKu
4,公众反馈/举报,"{'1': 0.0, '2': 0.0, '3': 0.0, '4': 1.0}",0.0,R0GML764X
4,公众反馈/举报,"{'1': 0.0, '2': 0.0, '3': 0.0, '4': 1.0}",-1.0,R0exDpB3V
4,公众反馈/举报,"{'1': 0.0, '2': 0.0, '3': 0.0, '4': 1.0}",-0.8,R0Gwr2ppl
3,民生服务,"{'1': 0.0, '2': 0.0, '3': 1.0, '4': 0.0}",0.8,R0i2osJ5J
1,政务发布,"{'1': 1.0, '2': 0.0, '3': 0.0, '4': 0.0}",0.8,R0hgv8dcC
4,公众反馈/举报,"{'1': 0.0, '2': 0.1, '3': 0.0, '4': 0.9}",-0.8,R0hdnzbUY
4,公众反馈/举报,"{'1': 0.0, '2': 0.0, '3': 0.0, '4': 1.0}",-0.9,R0exDpB3V
3,民生服务,"{'1': 0.0, '2': 0.0, '3': 0.6, '4': 0.4}",0.3,R0i2osJ5J
1,政务发布,"{'1': 1.0, '2': 0.0, '3': 0.0, '4': 0.0}",0.6,R0hgv8dcC
4,公众反馈/举报,"{'1': 0.0, '2': 0.0, '3': 0.0, '4': 1.0}",-1.0,R0hdnzbUY
4,公众反馈/举报,"{'4': 1.0, '1': 0.0, '2': 0.0, '3': 0.0}",-0.6,R1bx0iUM4
4,公众反馈/举报,"{'1': 0.0, '2': 0.0, '3': 0.0, '4': 1.0}",0.0,R1apyftFF
1,政务发布,"{'1': 1.0, '2': 0.0, '3': 0.0, '4': 0.0}",0.8,R1aiV1D8b
1,政务发布,"{'1': 1.0, '2': 0.0, '3': 0.0, '4': 0.0}",0.9,R1ahPE6ll
4,公众反馈/举报,"{'1': 0.0, '2': 0.0, '3': 0.0, '4': 1.0}",-0.8,QEC7nBqFx
4,公众反馈/举报,"{'1': 0.0, '2': 0.0, '3': 0.0, '4': 1.0}",-0.6,QECw5rm69
4,公众反馈/举报,"{'1': 0.0, '2': 0.0, '3': 0.0, '4': 1.0}",-0.8,QEClgeQGD
4,公众反馈/举报,"{'1': 0.0, '2': 0.0, '3': 0.0, '4': 1.0}",0.0,R27NG7195
4,公众反馈/举报,"{'1': 0.0, '2': 0.0, '3': 0.0, '4': 1.0}",0.2,R29Gh10Dm
4,公众反馈/举报,"{'1': 0.0, '2': 0.0, '3': 0.0, '4': 1.0}",0.8,R27UEuGhh
1,政务发布,"{'1': 1.0, '2': 0.0, '3': 0.0, '4': 0.0}",0.0,R26Jxl1BS
3,民生服务,"{'1': 0.0, '2': 0.0, '3': 1.0, '4': 0.0}",0.0,R27QV216s
4,公众反馈/举报,"{'1': 0.0, '2': 0.0, '3': 0.0, '4': 1.0}",-0.9,R278ncXfI
1,政务发布,"{'1': 1.0, '2': 0.0, '3': 0.0, '4': 0.0}",0.8,R27rqxetn
4,公众反馈/举报,"{'1': 0.0, '2': 0.0, '3': 0.0, '4': 1.0}",0.2,R26QQeU0H
1,政务发布,"{'1': 1.0, '2': 0.0, '3': 0.0, '4': 0.0}",0.2,QE7ROrdMo
4,公众反馈/举报,"{'1': 0.0, '2': 0.0, '3': 0.0, '4': 1.0}",-0.7,QE9uGpWbD
1,政务发布,"{'1': 1.0, '2': 0.0, '3': 0.0, '4': 0.0}",1.0,QE7F789Xn
1,政务发布,"{'1': 1.0, '2': 0.0, '3': 0.0, '4': 0.0}",1.0,QE6F05WF9
4,公众反馈/举报,"{'1': 0.0, '2': 0.0, '3': 0.0, '4': 1.0}",0.0,QE5q8Ez4p
1,政务发布,"{'1': 1.0, '2': 0.0, '3': 0.0, '4': 0.0}",0.9,QE6F85KPp
3,民生服务,"{'1': 0.0, '2': 0.0, '3': 1.0, '4': 0.0}",0.9,QE6EDfaC8
1,政务发布,"{'1': 1.0, '2': 0.0, '3': 0.0, '4': 0.0}",0.8,QE6OBgrU6
4,公众反馈/举报,"{'1': 0.0, '2': 0.0, '3': 0.0, '4': 1.0}",-0.3,QE5vZ0zC7
1,政务发布,"{'1': 1.0, '2': 0.0, '3': 0.0, '4': 0.0}",0.0,QE4GpcHp2
1,政务发布,"{'1': 1.0, '2': 0.0, '3': 0.0, '4': 0.0}",0.3,R1mVik5r1
3,民生服务,"{'1': 0.0, '2': 0.0, '3': 1.0, '4': 0.0}",0.0,R1oNV4WSI
1,政务发布,"{'1': 1.0, '2': 0.0, '3': 0.0, '4': 0.0}",0.3,R1mI0t0VI
1,政务发布,"{'1': 1.0, '2': 0.0, '3': 0.0, '4': 0.0}",0.9,R1mXqd3Hl
3,民生服务,"{'1': 0.0, '2': 0.0, '3': 1.0, '4': 0.0}",0.5,R1wY2C8gn
1,政务发布,"{'1': 1.0, '2': 0.0, '3': 0.0, '4': 0.0}",0.9,R1vrTuhtZ
3,民生服务,"{'1': 0.0, '2': 0.0, '3': 1.0, '4': 0.0}",0.5,R1xUX499Q
1,政务发布,"{'1': 1.0, '2': 0.0, '3': 0.0, '4': 0.0}",0.8,R1vVo9Ata
2,城市问题,"{'1': 0.0, '2': 1.0, '3': 0.0, '4': 0.0}",-0.9,R1wdxnvLp
3,民生服务,"{'1': 0.0, '2': 0.0, '3': 1.0, '4': 0.0}",0.8,R1xUXe1L9
1,政务发布,"{'1': 1.0, '2': 0.0, '3': 0.0, '4': 0.0}",0.3,R1jDK8RlJ
4,公众反馈/举报,"{'1': 0.0, '2': 0.0, '3': 0.0, '4': 1.0}",0.7,R1xVb7mFZ
4,公众反馈/举报,"{'1': 0.0, '2': 0.0, '3': 0.0, '4': 1.0}",-0.5,R1lQb1Zz6
3,民生服务,"{'1': 0.0, '2': 0.0, '3': 1.0, '4': 0.0}",0.9,R1voj7Skt
1,政务发布,"{'1': 1.0, '2': 0.0, '3': 0.0, '4': 0.0}",0.8,R1vgRhETo
1,政务发布,"{'1': 1.0, '2': 0.0, '3': 0.0, '4': 0.0}",1.0,R1vRgntzI
4,公众反馈/举报,"{'1': 0.0, '2': 0.0, '3': 0.0, '4': 1.0}",0.5,R1vDwD7cq
1,政务发布,"{'1': 1.0, '2': 0.0, '3': 0.0, '4': 0.0}",0.8,R1v5QfSCR
1,政务发布,"{'1': 1.0, '2': 0.0, '3': 0.0, '4': 0.0}",1.0,R1xTd56J3
3,民生服务,"{'1': 0.0, '2': 0.0, '3': 1.0, '4': 0.0}",0.9,QERwvcLxx
4,公众反馈/举报,"{'1': 0.0, '2': 0.0, '3': 0.0, '4': 1.0}",0.2,QERnk3z51
1,政务发布,"{'1': 1.0, '2': 0.0, '3': 0.0, '4': 0.0}",0.8,QDUGkCp3S
4,公众反馈/举报,"{'1': 0.0, '2': 0.0, '3': 0.0, '4': 1.0}",0.0,QERotCgJP
4,公众反馈/举报,"{'1': 0.1, '2': 0.2, '3': 0.3, '4': 0.4}",0.0,QDWoZ9S6v
4,公众反馈/举报,"{'1': 0.0, '2': 0.0, '3': 0.0, '4': 1.0}",-0.8,QExD2lgEz
2,城市问题,"{'1': 0.0, '2': 1.0, '3': 0.0, '4': 0.0}",-0.3,QFV1UkKKo
1,政务发布,"{'1': 1.0, '2': 0.0, '3': 0.0, '4': 0.0}",0.0,QExALpmPk
2,城市问题,"{'1': 0.0, '2': 1.0, '3': 0.0, '4': 0.0}",-0.3,R00kpDTW2
4,公众反馈/举报,"{'1': 0.0, '2': 0.0, '3': 0.0, '4': 1.0}",0.0,R00kWnz4m
4,公众反馈/举报,"{'1': 0.0, '2': 0.4, '3': 0.0, '4': 0.6}",-0.8,R00JCmC8W
3,民生服务,"{'1': 0.0, '2': 0.0, '3': 1.0, '4': 0.0}",1.0,R1EeAAqX2
1,政务发布,"{'1': 1.0, '2': 0.0, '3': 0.0, '4': 0.0}",0.2,R1EcP3s5S
1,政务发布,"{'1': 1.0, '2': 0.0, '3': 0.0, '4': 0.0}",0.9,QEe10v0wF
1,政务发布,"{'1': 1.0, '2': 0.0, '3': 0.0, '4': 0.0}",0.8,R1EmgygPr
4,公众反馈/举报,"{'1': 0.0, '2': 0.0, '3': 0.0, '4': 1.0}",0.8,QEeVsbRYY
4,公众反馈/举报,"{'1': 0.0, '2': 0.0, '3': 0.0, '4': 1.0}",-1.0,QFPcic5NM
1,政务发布,"{'1': 0.9, '2': 0.0, '3': 0.1, '4': 0.0}",0.8,QFKmQyRcx
1,政务发布,"{'1': 1.0, '2': 0.0, '3': 0.0, '4': 0.0}",0.5,R14F9cTH9
3,民生服务,"{'1': 0.0, '2': 0.0, '3': 1.0, '4': 0.0}",0.8,R15WcrYJW
4,公众反馈/举报,"{'1': 0.0, '2': 0.0, '3': 0.0, '4': 1.0}",-1.0,R13uT6MGR
3,民生服务,"{'1': 0.0, '2': 0.0, '3': 1.0, '4': 0.0}",0.0,R13Rq0UvK
1,政务发布,"{'1': 1.0, '2': 0.0, '3': 0.0, '4': 0.0}",0.5,R25xcfY4N
1,政务发布,"{'1': 1.0, '2': 0.0, '3': 0.0, '4': 0.0}",0.8,R05EN2XEr
1,政务发布,"{'1': 1.0, '2': 0.0, '3': 0.0, '4': 0.0}",0.8,R152Ozk4d
1,政务发布,"{'1': 1.0, '2': 0.0, '3': 0.0, '4': 0.0}",0.8,R05NGf4FT
4,公众反馈/举报,"{'1': 0.1, '2': 0.3, '3': 0.2, '4': 0.6}",0.2,R091UCHfJ
1,政务发布,"{'1': 1.0, '2': 0.0, '3': 0.0, '4': 0.0}",0.0,R07RsoDdl
4,公众反馈/举报,"{'1': 0.0, '2': 0.0, '3': 0.0, '4': 1.0}",-0.9,R0dmEmm8R
4,公众反馈/举报,"{'1': 0.0, '2': 1.0, '3': 0.0, '4': 0.0}",0.0,R07UAo3rd
3,民生服务,"{'1': 0.0, '2': 0.0, '3': 1.0, '4': 0.0}",0.9,R0fR8nMqb
1,政务发布,"{'1': 1.0, '2': 0.0, '3': 0.0, '4': 0.0}",0.8,R0hHb9d1J
1,政务发布,"{'1': 1.0, '2': 0.0, '3': 0.0, '4': 0.0}",0.0,R0eP4rWd8
3,民生服务,"{'1': 0.0, '2': 0.0, '3': 1.0, '4': 0.0}",0.6,R0dX1xZ7C
4,公众反馈/举报,"{'1': 0.0, '2': 0.0, '3': 0.0, '4': 1.0}",-0.9,R0dmEmm8R
3,民生服务,"{'1': 0.0, '2': 0.0, '3': 1.0, '4': 0.0}",0.9,R0fR8nMqb
1,政务发布,"{'1': 1.0, '2': 0.0, '3': 0.0, '4': 0.0}",0.5,R0hHb9d1J
3,民生服务,"{'1': 0.0, '2': 0.0, '3': 1.0, '4': 0.0}",0.6,R0dX1xZ7C
1,政务发布,"{'1': 1.0, '2': 0.0, '3': 0.0, '4': 0.0}",0.3,R0eP4rWd8
4,公众反馈/举报,"{'1': 0.0, '2': 0.0, '3': 0.0, '4': 1.0}",0.6,QFVvbydk7
4,公众反馈/举报,"{'1': 0.0, '2': 0.0, '3': 0.0, '4': 1.0}",-0.8,QFWJjakAv
1,政务发布,"{'1': 1.0, '2': 0.0, '3': 0.0, '4': 0.0}",0.9,QFUmqvLL4
1,政务发布,"{'1': 1.0, '2': 0.0, '3': 0.0, '4': 0.0}",1.0,QFTUc8SyH
4,公众反馈/举报,"{'1': 0.0, '2': 0.3, '3': 0.1, '4': 0.6}",-0.95,R017T9bYz
4,公众反馈/举报,"{'1': 0.0, '2': 0.0, '3': 0.0, '4': 1.0}",-0.8,QFWJjakAv
3,民生服务,"{'1': 0.0, '2': 0.0, '3': 0.9, '4': 0.1}",-0.2,QFVvbydk7
1,政务发布,"{'1': 1.0, '2': 0.0, '3': 0.0, '4': 0.0}",0.9,QFTUc8SyH
4,公众反馈/举报,"{'1': 0.0, '2': 0.2, '3': 0.1, '4': 0.7}",-1.0,R017T9bYz
1,政务发布,"{'1': 1.0, '2': 0.0, '3': 0.0, '4': 0.0}",0.8,QFUmqvLL4
1,政务发布,"{'1': 1.0, '2': 0.0, '3': 0.0, '4': 0.0}",0.5,R2htIlFWU
4,公众反馈/举报,"{'1': 0.0, '2': 0.0, '3': 0.0, '4': 1.0}",0.5,R022yx2Ml
3,民生服务,"{'1': 0.0, '2': 0.0, '3': 1.0, '4': 0.0}",1.0,R2gm9jmcR
4,公众反馈/举报,"{'1': 0.0, '2': 0.0, '3': 0.6, '4': 0.4}",0.0,R048juprx
4,公众反馈/举报,"{'1': 0.0, '2': 0.1, '3': 0.0, '4': 0.9}",-0.9,R2gqZBWRo
3,民生服务,"{'1': 0.0, '2': 0.0, '3': 1.0, '4': 0.0}",0.8,R2emV1CsI
1,政务发布,"{'1': 1.0, '2': 0.0, '3': 0.0, '4': 0.0}",0.8,R2e15bvT1
1,政务发布,"{'1': 1.0, '2': 0.0, '3': 0.0, '4': 0.0}",-0.5,R2jjCEs4j
1,政务发布,"{'1': 1.0, '2': 0.0, '3': 0.0, '4': 0.0}",0.5,R1KLDevGk
4,公众反馈/举报,"{'1': 0.0, '2': 0.0, '3': 0.0, '4': 1.0}",-0.1,R2fiugq50
4,公众反馈/举报,"{'1': 0.0, '2': 0.0, '3': 0.0, '4': 1.0}",-0.3,R1K56lJau
1,政务发布,"{'1': 1.0, '2': 0.0, '3': 0.0, '4': 0.0}",0.8,R1PrbwIoW
4,公众反馈/举报,"{'1': 0.0, '2': 0.6, '3': 0.2, '4': 0.2}",-0.7,R1P0CbSkw
3,民生服务,"{'1': 0.0, '2': 0.0, '3': 1.0, '4': 0.0}",1.0,R06mXmiEg
1,政务发布,"{'1': 1.0, '2': 0.0, '3': 0.0, '4': 0.0}",0.5,R07UJD5Zc
3,民生服务,"{'1': 0.0, '2': 0.0, '3': 1.0, '4': 0.0}",0.7,R07AhBiOA
1,政务发布,"{'1': 1.0, '2': 0.0, '3': 0.0, '4': 0.0}",0.8,R06XxjKI5
1,政务发布,"{'1': 1.0, '2': 0.0, '3': 0.0, '4': 0.0}",0.8,R06bmy2PR
4,公众反馈/举报,"{'1': 0.0, '2': 0.0, '3': 0.0, '4': 1.0}",-0.3,R07Ofg5E6
1,政务发布,"{'1': 1.0, '2': 0.0, '3': 0.0, '4': 0.0}",0.5,R096ujc7d
1,政务发布,"{'1': 1.0, '2': 0.0, '3': 0.0, '4': 0.0}",0.9,R08uka6An
1,政务发布,"{'1': 1.0, '2': 0.0, '3': 0.0, '4': 0.0}",0.8,R08hM4YOf
1,政务发布,"{'1': 1.0, '2': 0.0, '3': 0.0, '4': 0.0}",0.9,QEIeF0Uht
4,公众反馈/举报,"{'1': 0.0, '2': 0.0, '3': 0.0, '4': 1.0}",-1.0,QF3q2kSrr
4,公众反馈/举报,"{'1': 0.0, '2': 0.1, '3': 0.0, '4': 0.9}",-0.8,QEFeGeUD5
3,民生服务,"{'1': 0.0, '2': 0.0, '3': 1.0, '4': 0.0}",0.8,QF1aXzyYr
4,公众反馈/举报,"{'1': 0.0, '2': 0.0, '3': 0.0, '4': 1.0}",-0.8,R156FjMY4
3,民生服务,"{'1': 0.0, '2': 0.0, '3': 1.0, '4': 0.0}",0.8,R14FakrpE
1,政务发布,"{'1': 1.0, '2': 0.0, '3': 0.0, '4': 0.0}",0.9,QF1bTDo4g
2,城市问题,"{'1': 0.0, '2': 1.0, '3': 0.0, '4': 0.0}",-0.6,R14jP7J9c
4,公众反馈/举报,"{'1': 0.0, '2': 0.0, '3': 0.0, '4': 1.0}",0.0,R13UwmFJx
4,公众反馈/举报,"{'1': 0.0, '2': 0.0, '3': 0.0, '4': 1.0}",-1.0,QECk9wAOc
1,政务发布,"{'1': 1.0, '2': 0.0, '3': 0.0, '4': 0.0}",0.5,QECuPfLYT
1,政务发布,"{'1': 1.0, '2': 0.0, '3': 0.0, '4': 0.0}",1.0,QEBI2gpqv
2,城市问题,"{'1': 0.0, '2': 1.0, '3': 0.0, '4': 0.0}",0.0,QEBfr0zI1
1,政务发布,"{'1': 1.0, '2': 0.0, '3': 0.0, '4': 0.0}",1.0,QEApbhgiM
4,公众反馈/举报,"{'1': 0.0, '2': 0.0, '3': 0.0, '4': 1.0}",-1.0,QEx7X9qTg
3,民生服务,"{'1': 0.0, '2': 0.0, '3': 1.0, '4': 0.0}",0.5,QFmvWkNMa
4,公众反馈/举报,"{'1': 0.0, '2': 0.1, '3': 0.0, '4': 0.9}",-1.0,QFmMFvlHK
4,公众反馈/举报,"{'1': 0.0, '2': 0.0, '3': 0.0, '4': 1.0}",-0.8,QFjxrgDbW
1,政务发布,"{'1': 1.0, '2': 0.0, '3': 0.0, '4': 0.0}",0.8,QFmp0ycZX
2,城市问题,"{'1': 0.0, '2': 1.0, '3': 0.0, '4': 0.0}",-0.3,QFi0e44ze
1,政务发布,"{'1': 1.0, '2': 0.0, '3': 0.0, '4': 0.0}",0.8,QFkYttviY
1,政务发布,"{'1': 1.0, '2': 0.0, '3': 0.0, '4': 0.0}",0.8,QFi6nnRLh
1,政务发布,"{'1': 1.0, '2': 0.0, '3': 0.0, '4': 0.0}",1.0,QFkY5moSj
4,公众反馈/举报,"{'1': 0.0, '2': 0.0, '3': 0.0, '4': 1.0}",-0.5,QFlDN6UIg
1,政务发布,"{'1': 0.8, '2': 0.0, '3': 0.2, '4': 0.0}",0.5,QFkU5rhmm
1,政务发布,"{'1': 1.0, '2': 0.0, '3': 0.0, '4': 0.0}",0.5,QFjKr2Vtk
1,政务发布,"{'1': 1.0, '2': 0.0, '3': 0.0, '4': 0.0}",0.5,QFhQthbxu
1,政务发布,"{'1': 1.0, '2': 0.0, '3': 0.0, '4': 0.0}",0.0,QFWuXzqbx
3,民生服务,"{'1': 0.0, '2': 0.0, '3': 1.0, '4': 0.0}",0.95,QFWseCxhh
1,政务发布,"{'1': 1.0, '2': 0.0, '3': 0.0, '4': 0.0}",0.8,QFWvWrKRs
1,政务发布,"{'1': 1.0, '2': 0.0, '3': 0.0, '4': 0.0}",0.5,QFWNI2vEX
1,政务发布,"{'1': 1.0, '2': 0.0, '3': 0.0, '4': 0.0}",0.5,R012A9Asm
1,政务发布,"{'1': 1.0, '2': 0.0, '3': 0.0, '4': 0.0}",0.9,R01encoPR
1,政务发布,"{'1': 1.0, '2': 0.0, '3': 0.0, '4': 0.0}",0.0,R01px1KVx
4,公众反馈/举报,"{'1': 0.0, '2': 0.0, '3': 0.0, '4': 1.0}",-1.0,R01FcBfdq
1,政务发布,"{'1': 1.0, '2': 0.0, '3': 0.0, '4': 0.0}",0.0,QFWuXzqbx
4,公众反馈/举报,"{'1': 0.0, '2': 0.0, '3': 0.0, '4': 1.0}",0.9,QFWseCxhh
1,政务发布,"{'1': 1.0, '2': 0.0, '3': 0.0, '4': 0.0}",0.0,QFWNI2vEX
1,政务发布,"{'1': 1.0, '2': 0.0, '3': 0.0, '4': 0.0}",0.7,QFWvWrKRs
1,政务发布,"{'1': 1.0, '2': 0.0, '3': 0.0, '4': 0.0}",0.5,R012A9Asm
1,政务发布,"{'1': 1.0, '2': 0.0, '3': 0.0, '4': 0.0}",1.0,R01encoPR
1,政务发布,"{'1': 1.0, '2': 0.0, '3': 0.0, '4': 0.0}",0.5,R01px1KVx
4,公众反馈/举报,"{'1': 0.0, '2': 0.0, '3': 0.0, '4': 1.0}",-0.8,R1wKf998z
4,公众反馈/举报,"{'1': 0.0, '2': 0.0, '3': 0.0, '4': 1.0}",-0.9,R01FcBfdq
1,政务发布,"{'1': 1.0, '2': 0.0, '3': 0.0, '4': 0.0}",0.7,R1vYWpIaC
1,政务发布,"{'1': 1.0, '2': 0.0, '3': 0.0, '4': 0.0}",0.6,R1wXzFHb7
1,政务发布,"{'1': 0.8, '2': 0.0, '3': 0.2, '4': 0.0}",1.0,R1wkMmqPF
3,民生服务,"{'1': 0.0, '2': 0.0, '3': 1.0, '4': 0.0}",0.9,QE5gPB3IA
4,公众反馈/举报,"{'1': 0.1, '2': 0.2, '3': 0.1, '4': 0.6}",-0.9,QE4qktMcZ
3,民生服务,"{'1': 0.0, '2': 0.0, '3': 1.0, '4': 0.0}",-0.3,R1xgjbaov
3,民生服务,"{'1': 0.0, '2': 0.0, '3': 1.0, '4': 0.0}",0.9,QE9YNcibr
1,政务发布,"{'1': 1.0, '2': 0.0, '3': 0.0, '4': 0.0}",0.8,QE4J1kCfH
4,公众反馈/举报,"{'1': 0.0, '2': 0.0, '3': 0.0, '4': 1.0}",-0.4,QE7b82TOA
3,民生服务,"{'1': 0.0, '2': 0.0, '3': 1.0, '4': 0.0}",0.8,R1tBGymfi
1,政务发布,"{'1': 1.0, '2': 0.0, '3': 0.0, '4': 0.0}",0.0,R1sFwgJVT
1,政务发布,"{'1': 1.0, '2': 0.0, '3': 0.0, '4': 0.0}",0.0,QEs1Q4tr3
4,公众反馈/举报,"{'1': 0.0, '2': 0.0, '3': 0.5, '4': 1.0}",-0.9,R1snXovqv
3,民生服务,"{'1': 0.0, '2': 0.0, '3': 1.0, '4': 0.0}",1.0,QEqZDsNch
1,政务发布,"{'1': 1.0, '2': 0.0, '3': 0.0, '4': 0.0}",0.8,QFW6AgNrr
4,公众反馈/举报,"{'1': 0.0, '2': 0.3, '3': 0.2, '4': 0.5}",-0.9,QFryLgTRd
4,公众反馈/举报,"{'1': 0.0, '2': 0.9, '3': 0.1, '4': 0.0}",-0.8,QFTJhpWtX
2,城市问题,"{'1': 0.0, '2': 1.0, '3': 0.0, '4': 0.0}",-0.5,QFSBxcc9e
4,公众反馈/举报,"{'1': 0.0, '2': 0.0, '3': 0.0, '4': 1.0}",-0.9,QFU8XxErJ
4,公众反馈/举报,"{'1': 0.0, '2': 0.0, '3': 0.0, '4': 1.0}",-0.3,QFTJhpWtX
1,政务发布,"{'1': 1.0, '2': 0.0, '3': 0.0, '4': 0.0}",0.7,QFW6AgNrr
1,政务发布,"{'1': 1.0, '2': 0.0, '3': 0.0, '4': 0.0}",1.0,QFUcQ1idP
2,城市问题,"{'1': 0.0, '2': 0.8, '3': 0.1, '4': 0.1}",-0.6,QFSBxcc9e
4,公众反馈/举报,"{'1': 0.0, '2': 0.0, '3': 0.0, '4': 1.0}",-0.8,R1GMspTIG
4,公众反馈/举报,"{'1': 0.0, '2': 0.0, '3': 0.0, '4': 1.0}",-0.8,R1EVdf2BF
1,政务发布,"{'1': 1.0, '2': 0.0, '3': 0.0, '4': 0.0}",0.9,QFUcQ1idP
4,公众反馈/举报,"{'1': 0.0, '2': 0.3, '3': 0.2, '4': 1.0}",-0.8,QFU8XxErJ
4,公众反馈/举报,"{'1': 0.0, '2': 0.0, '3': 0.0, '4': 1.0}",0.0,R1Grz6t7J
2,城市问题,"{'1': 0.0, '2': 1.0, '3': 0.0, '4': 0.0}",1.0,R016BArEr
3,民生服务,"{'1': 0.0, '2': 0.0, '3': 0.9, '4': 0.1}",0.9,QFWXeh6xl
1,政务发布,"{'1': 1.0, '2': 0.0, '3': 0.0, '4': 0.0}",0.0,QFTJF19Eb
4,公众反馈/举报,"{'1': 0.0, '2': 0.0, '3': 0.0, '4': 1.0}",-0.6,QFW8waB8D
1,政务发布,"{'1': 1.0, '2': 0.0, '3': 0.0, '4': 0.0}",0.5,QFUcgjcQl
4,公众反馈/举报,"{'1': 0.0, '2': 0.0, '3': 0.0, '4': 1.0}",-0.6,R0138bMMP
4,公众反馈/举报,"{'1': 0.0, '2': 0.0, '3': 0.0, '4': 1.0}",0.9,QFWXeh6xl
1,政务发布,"{'1': 1.0, '2': 0.0, '3': 0.0, '4': 0.0}",0.9,QFUjW63fF
1,政务发布,"{'1': 1.0, '2': 0.0, '3': 0.0, '4': 0.0}",0.8,R016BArEr
1,政务发布,"{'1': 1.0, '2': 0.0, '3': 0.0, '4': 0.0}",0.0,QFTJF19Eb
1,政务发布,"{'1': 1.0, '2': 0.0, '3': 0.0, '4': 0.0}",0.3,QFUcgjcQl
4,公众反馈/举报,"{'1': 0.0, '2': 0.0, '3': 0.0, '4': 1.0}",-0.8,QFW8waB8D
2,城市问题,"{'1': 0.0, '2': 1.0, '3': 0.0, '4': 0.0}",-0.8,R0JWcoRdu
1,政务发布,"{'1': 1.0, '2': 0.0, '3': 0.0, '4': 0.0}",0.8,R0138bMMP
1,政务发布,"{'1': 1.0, '2': 0.0, '3': 0.0, '4': 0.0}",0.9,QFUjW63fF
4,公众反馈/举报,"{'1': 0.0, '2': 0.0, '3': 0.0, '4': 1.0}",0.0,R29okxywS
4,公众反馈/举报,"{'1': 0.0, '2': 0.0, '3': 0.0, '4': 1.0}",0.0,R27N8vdiJ
1,政务发布,"{'1': 1.0, '2': 0.0, '3': 0.0, '4': 0.0}",0.8,R1jOCej9Z
3,民生服务,"{'1': 0.0, '2': 0.0, '3': 1.0, '4': 0.0}",0.9,R1mYvfqWb
4,公众反馈/举报,"{'1': 0.0, '2': 0.0, '3': 0.0, '4': 1.0}",0.0,R1jwFoQ3t
1,政务发布,"{'1': 1.0, '2': 0.0, '3': 0.0, '4': 0.0}",0.9,R1ift1l8u
1,政务发布,"{'1': 1.0, '2': 0.0, '3': 0.0, '4': 0.0}",0.8,QE4wImXtT
4,公众反馈/举报,"{'1': 0.0, '2': 0.0, '3': 0.0, '4': 1.0}",0.0,QE4sro06p
4,公众反馈/举报,"{'1': 0.0, '2': 0.1, '3': 0.1, '4': 0.8}",-0.7,QEUZK7YV1
4,公众反馈/举报,"{'1': 0.0, '2': 0.2, '3': 0.0, '4': 0.8}",-0.9,QESo3wCr1
1,政务发布,"{'1': 1.0, '2': 0.0, '3': 0.0, '4': 0.0}",0.0,QE8dYmU1W
1,政务发布,"{'1': 1.0, '2': 0.0, '3': 0.0, '4': 0.0}",0.0,QE4NDmNgH
4,公众反馈/举报,"{'1': 0.0, '2': 0.0, '3': 0.0, '4': 1.0}",0.0,R1mHz848q
3,民生服务,"{'1': 0.0, '2': 0.0, '3': 1.0, '4': 0.0}",0.8,R1nDeeepM
4,公众反馈/举报,"{'1': 0.0, '2': 0.0, '3': 0.0, '4': 1.0}",-0.6,R1mszuOGp
1,政务发布,"{'1': 1.0, '2': 0.0, '3': 0.0, '4': 0.0}",0.5,R1mEKqsSn
4,公众反馈/举报,"{'1': 0.0, '2': 0.0, '3': 0.0, '4': 1.0}",0.2,QEs77ocVf
1,政务发布,"{'1': 1.0, '2': 0.0, '3': 0.0, '4': 0.0}",0.7,QEpOy3pmn
3,民生服务,"{'1': 0.0, '2': 0.0, '3': 1.0, '4': 0.0}",0.0,QEsZy157g
4,公众反馈/举报,"{'1': 0.0, '2': 0.0, '3': 0.0, '4': 1.0}",-0.6,QEpPCi2YG
4,公众反馈/举报,"{'4': 0.8, '1': 0.1, '2': 0.1, '3': 0.0}",0.2,QEroD3HJV
4,公众反馈/举报,"{'1': 0.0, '2': 0.0, '3': 0.0, '4': 1.0}",-0.8,R0hpYyjLj
1,政务发布,"{'1': 1.0, '2': 0.0, '3': 0.0, '4': 0.0}",0.8,R0fjW4uTN
4,公众反馈/举报,"{'1': 0.0, '2': 0.0, '3': 0.0, '4': 1.0}",-0.8,R0grK9TgX
4,公众反馈/举报,"{'1': 0.0, '2': 0.2, '3': 0.1, '4': 0.7}",-0.9,R0dmvFp99
4,公众反馈/举报,"{'1': 0.0, '2': 0.2, '3': 0.3, '4': 0.5}",-0.8,R0hpYyjLj
4,公众反馈/举报,"{'1': 0.0, '2': 0.0, '3': 0.1, '4': 0.9}",-0.9,R0dmvFp99
1,政务发布,"{'1': 1.0, '2': 0.0, '3': 0.0, '4': 0.0}",1.0,R0ht051Ff
4,公众反馈/举报,"{'1': 0.0, '2': 0.3, '3': 0.0, '4': 0.7}",-0.8,R0grK9TgX
1,政务发布,"{'1': 1.0, '2': 0.0, '3': 0.0, '4': 0.0}",1.0,R0fjW4uTN
1,政务发布,"{'1': 1.0, '2': 0.0, '3': 0.0, '4': 0.0}",0.7,R0ht051Ff
3,民生服务,"{'1': 0.2, '2': 0.0, '3': 0.8, '4': 0.0}",0.9,QFmbp2bLy
1,政务发布,"{'1': 1.0, '2': 0.0, '3': 0.0, '4': 0.0}",1.0,QFknAvRc6
4,公众反馈/举报,"{'1': 0.0, '2': 0.0, '3': 0.0, '4': 1.0}",0.6,QEhTguGL7
1,政务发布,"{'1': 1.0, '2': 0.0, '3': 0.0, '4': 0.0}",0.8,QFiBXz7HF
3,民生服务,"{'1': 0.0, '2': 0.0, '3': 1.0, '4': 0.0}",0.0,QFm80x0ZV
4,公众反馈/举报,"{'1': 0.0, '2': 0.0, '3': 0.0, '4': 1.0}",0.0,QFjmwunkI
4,公众反馈/举报,"{'1': 0.0, '2': 0.0, '3': 0.0, '4': 1.0}",0.0,QERBK9InF
4,公众反馈/举报,"{'1': 0.0, '2': 0.0, '3': 0.0, '4': 1.0}",-0.9,QFhBw6rsp
2,城市问题,"{'1': 0.0, '2': 1.0, '3': 0.0, '4': 0.0}",0.5,QEPyXa6Ll
4,公众反馈/举报,"{'1': 0.0, '2': 0.3, '3': 0.2, '4': 0.5}",-1.0,QEUZkpnwV
4,公众反馈/举报,"{'1': 0.0, '2': 0.2, '3': 0.1, '4': 0.7}",-0.9,R26JmkBtt
3,民生服务,"{'1': 0.0, '2': 0.0, '3': 1.0, '4': 0.0}",0.5,QETt9xh7o
3,民生服务,"{'1': 0.0, '2': 0.0, '3': 1.0, '4': 0.0}",1.0,R23TWv262
1,政务发布,"{'1': 1.0, '2': 0.0, '3': 0.0, '4': 0.0}",0.8,QEPE8qp9z
1,政务发布,"{'1': 1.0, '2': 0.0, '3': 0.0, '4': 0.0}",0.8,R27mIDJ01
1,政务发布,"{'1': 1.0, '2': 0.0, '3': 0.0, '4': 0.0}",0.0,R003jELKq
1,政务发布,"{'1': 1.0, '2': 0.0, '3': 0.0, '4': 0.0}",0.9,R00cDEOFe
1,政务发布,"{'1': 0.9, '2': 0.0, '3': 0.1, '4': 0.0}",0.8,R00rx0lSL
3,民生服务,"{'1': 0.0, '2': 0.0, '3': 1.0, '4': 0.0}",1.0,QFU4A2FBQ
3,民生服务,"{'1': 0.0, '2': 0.0, '3': 1.0, '4': 0.0}",0.8,QFWvOwlFi
3,民生服务,"{'1': 0.0, '2': 0.0, '3': 1.0, '4': 0.0}",0.6,R0164qnb6
1,政务发布,"{'1': 0.9, '2': 0.0, '3': 0.1, '4': 0.0}",0.8,QFTpmccnk
4,公众反馈/举报,"{'1': 0.1, '2': 0.2, '3': 0.3, '4': 0.4}",-0.3,QFUCkqlxo
3,民生服务,"{'1': 0.0, '2': 0.0, '3': 1.0, '4': 0.0}",0.8,QFVeMs7Sl
1,政务发布,"{'1': 1.0, '2': 0.0, '3': 0.0, '4': 0.0}",0.8,R00rx0lSL
1,政务发布,"{'1': 1.0, '2': 0.0, '3': 0.0, '4': 0.0}",0.6,R003jELKq
2,城市问题,"{'1': 0.0, '2': 1.0, '3': 0.0, '4': 0.0}",0.8,R00cDEOFe
3,民生服务,"{'1': 0.0, '2': 0.0, '3': 1.0, '4': 0.0}",0.9,QFU4A2FBQ
1,政务发布,"{'1': 1.0, '2': 0.0, '3': 0.0, '4': 0.0}",0.8,QFTpmccnk
1,政务发布,"{'1': 1.0, '2': 0.0, '3': 0.0, '4': 0.0}",0.0,R0164qnb6
4,公众反馈/举报,"{'1': 0.0, '2': 0.0, '3': 0.2, '4': 0.8}",-0.3,QFUCkqlxo
1,政务发布,"{'1': 0.8, '2': 0.0, '3': 0.2, '4': 0.0}",0.6,QFWvOwlFi
1,政务发布,"{'1': 1.0, '2': 0.0, '3': 0.0, '4': 0.0}",0.8,QFVeMs7Sl
1,政务发布,"{'1': 0.9, '2': 0.0, '3': 0.1, '4': 0.0}",0.8,R1QVdhJoC
4,公众反馈/举报,"{'1': 0.0, '2': 0.0, '3': 0.0, '4': 1.0}",-0.8,R1PZQaT8k
1,政务发布,"{'1': 1.0, '2': 0.0, '3': 0.0, '4': 0.0}",0.9,R1L3a2Gsf
1,政务发布,"{'1': 1.0, '2': 0.0, '3': 0.0, '4': 0.0}",0.8,R1LwugLdw
4,公众反馈/举报,"{'1': 0.0, '2': 0.0, '3': 0.0, '4': 1.0}",-0.8,R1MRewckM
1,政务发布,"{'1': 1.0, '2': 0.0, '3': 0.0, '4': 0.0}",1.0,R1lPg2qjh
1,政务发布,"{'1': 1.0, '2': 0.0, '3': 0.0, '4': 0.0}",0.8,R1lAKaq8t
1,政务发布,"{'1': 1.0, '2': 0.0, '3': 0.0, '4': 0.0}",0.0,R1lsDAJus
4,公众反馈/举报,"{'1': 0.0, '2': 0.0, '3': 0.0, '4': 1.0}",0.8,R1iXl1AT5
1,政务发布,"{'1': 1.0, '2': 0.0, '3': 0.0, '4': 0.0}",0.8,QEqjofuRt
3,民生服务,"{'1': 0.0, '2': 0.0, '3': 1.0, '4': 0.0}",0.6,QEo2waICo
1,政务发布,"{'1': 1.0, '2': 0.0, '3': 0.0, '4': 0.0}",0.0,QElZIrLtH
1,政务发布,"{'1': 1.0, '2': 0.0, '3': 0.0, '4': 0.0}",0.5,QEqpTixBg
3,民生服务,"{'1': 0.0, '2': 0.0, '3': 1.0, '4': 0.0}",0.0,R0UFj9MgR
4,公众反馈/举报,"{'1': 0.0, '2': 0.0, '3': 0.0, '4': 1.0}",0.0,R0VM361tR
1,政务发布,"{'1': 1.0, '2': 0.0, '3': 0.0, '4': 0.0}",0.8,R249VmBON
4,公众反馈/举报,"{'1': 0.0, '2': 0.0, '3': 0.0, '4': 1.0}",0.2,R28lvCGHy
1,政务发布,"{'1': 1.0, '2': 0.0, '3': 0.0, '4': 0.0}",0.9,R299KlhTd
1,政务发布,"{'1': 1.0, '2': 0.0, '3': 0.0, '4': 0.0}",0.8,R24vd1HY2
3,民生服务,"{'1': 0.0, '2': 0.0, '3': 1.0, '4': 0.0}",0.5,R29vErggD
1,政务发布,"{'1': 1.0, '2': 0.0, '3': 0.0, '4': 0.0}",0.8,QEBeL7mue
1,政务发布,"{'1': 1.0, '2': 0.0, '3': 0.0, '4': 0.0}",0.9,R25YW0MT9
4,公众反馈/举报,"{'1': 0.0, '2': 0.0, '3': 0.0, '4': 1.0}",0.6,QEAC4iZs0
4,公众反馈/举报,"{'1': 0.0, '2': 0.0, '3': 0.0, '4': 1.0}",-0.3,QEAwpvJPg
1,政务发布,"{'1': 1.0, '2': 0.0, '3': 0.0, '4': 0.0}",0.8,R1lgOl2dg
1,政务发布,"{'1': 1.0, '2': 0.0, '3': 0.0, '4': 0.0}",0.8,R1iVg1xVp
4,公众反馈/举报,"{'1': 0.0, '2': 0.0, '3': 0.0, '4': 1.0}",0.3,R1kXo5BcO
4,公众反馈/举报,"{'1': 0.0, '2': 0.0, '3': 0.0, '4': 1.0}",-1.0,R04fvfvf3
3,民生服务,"{'1': 0.0, '2': 0.0, '3': 1.0, '4': 0.0}",0.0,R03rhDlfK
4,公众反馈/举报,"{'1': 0.0, '2': 0.2, '3': 0.2, '4': 0.6}",0.3,R049Lt3Hf
3,民生服务,"{'1': 0.0, '2': 0.0, '3': 1.0, '4': 0.0}",0.8,R2iVvFfCQ
1,政务发布,"{'1': 1.0, '2': 0.0, '3': 0.0, '4': 0.0}",0.0,R2iqPiKwU
3,民生服务,"{'1': 0.1, '2': 0.0, '3': 0.9, '4': 0.0}",0.9,R2hjT1lpt
1,政务发布,"{'1': 1.0, '2': 0.0, '3': 0.0, '4': 0.0}",0.8,R2hfgBPDL
3,民生服务,"{'1': 0.0, '2': 0.0, '3': 1.0, '4': 0.0}",0.7,R2hstgwQq
1,政务发布,"{'1': 1.0, '2': 0.0, '3': 0.0, '4': 0.0}",0.2,R2dMz5dmY
1,政务发布,"{'1': 1.0, '2': 0.0, '3': 0.0, '4': 0.0}",0.8,R2hf31qHF
4,公众反馈/举报,"{'1': 0.0, '2': 0.0, '3': 0.0, '4': 1.0}",0.0,R2fQfdxfJ
1,政务发布,"{'1': 1.0, '2': 0.0, '3': 0.0, '4': 0.0}",0.0,QErOayU76
1,政务发布,"{'1': 1.0, '2': 0.0, '3': 0.0, '4': 0.0}",0.9,QEmZNATGp
3,民生服务,"{'1': 0.0, '2': 0.0, '3': 1.0, '4': 0.0}",0.8,QEsNM6Ttu
4,公众反馈/举报,"{'1': 0.0, '2': 0.0, '3': 0.0, '4': 1.0}",-0.2,QEqp6vYt0
4,公众反馈/举报,"{'1': 0.0, '2': 0.0, '3': 0.0, '4': 1.0}",-0.8,R105Sy5GD
4,公众反馈/举报,"{'1': 0.0, '2': 0.0, '3': 0.0, '4': 1.0}",0.0,QEmO5CM8x
1,政务发布,"{'1': 1.0, '2': 0.0, '3': 0.0, '4': 0.0}",1.0,R12XpEZSe
3,民生服务,"{'1': 0.0, '2': 0.0, '3': 1.0, '4': 0.0}",0.9,R10ZUnyKi
3,民生服务,"{'1': 0.0, '2': 0.0, '3': 1.0, '4': 0.0}",1.0,R11752cJr
3,民生服务,"{'1': 0.2, '2': 0.0, '3': 0.8, '4': 0.0}",0.5,R0wmGDiTv
1,政务发布,"{'1': 1.0, '2': 0.0, '3': 0.0, '4': 0.0}",0.85,R100HESOi
4,公众反馈/举报,"{'1': 0.0, '2': 0.0, '3': 0.0, '4': 1.0}",0.4,R0uX02Wuj
4,公众反馈/举报,"{'1': 0.2, '2': 0.0, '3': 0.1, '4': 0.7}",0.3,R0xKhvDw0
4,公众反馈/举报,"{'1': 0.0, '2': 0.2, '3': 0.0, '4': 0.8}",-1.0,R2eXxCju9
4,公众反馈/举报,"{'1': 0.0, '2': 0.1, '3': 0.0, '4': 0.9}",-0.9,R2eo5FFyK
4,公众反馈/举报,"{'1': 0.0, '2': 0.0, '3': 0.0, '4': 1.0}",0.0,R2gM85iWJ
3,民生服务,"{'1': 0.2, '2': 0.0, '3': 0.8, '4': 0.0}",0.3,R2dCd3oYh
1,政务发布,"{'1': 1.0, '2': 0.0, '3': 0.0, '4': 0.0}",0.5,R2giH8QtG
4,公众反馈/举报,"{'1': 0.0, '2': 0.0, '3': 0.0, '4': 1.0}",0.0,R1GszaJCH
2,城市问题,"{'1': 0.0, '2': 1.0, '3': 0.0, '4': 0.0}",-0.8,R1FDfjaHo
4,公众反馈/举报,"{'1': 0.0, '2': 0.0, '3': 0.0, '4': 1.0}",0.3,QETnA9QwP
3,民生服务,"{'1': 0.0, '2': 0.0, '3': 1.0, '4': 0.0}",0.8,QEdZV198E
1,政务发布,"{'1': 1.0, '2': 0.0, '3': 0.0, '4': 0.0}",0.3,QEegE2TG0
4,公众反馈/举报,"{'1': 0.0, '2': 0.0, '3': 0.0, '4': 1.0}",0.0,R0VldvXje
3,民生服务,"{'1': 0.0, '2': 0.0, '3': 1.0, '4': 0.0}",0.8,QEe1Sab6g
1,政务发布,"{'1': 1.0, '2': 0.0, '3': 0.0, '4': 0.0}",0.9,R0UF9boem
2,城市问题,"{'1': 0.0, '2': 1.0, '3': 0.0, '4': 0.0}",0.0,R0WdZlVQU
3,民生服务,"{'1': 0.0, '2': 0.0, '3': 1.0, '4': 0.0}",0.2,R0VFCyeR6
4,公众反馈/举报,"{'1': 0.0, '2': 0.1, '3': 0.0, '4': 0.9}",-0.9,R0QT6rzgO
4,公众反馈/举报,"{'1': 0.0, '2': 0.0, '3': 0.0, '4': 1.0}",-1.0,R1uEp2Gnd
3,民生服务,"{'1': 0.0, '2': 0.0, '3': 1.0, '4': 0.0}",0.8,R1oRZ4Vnb
4,公众反馈/举报,"{'1': 0.0, '2': 0.0, '3': 0.0, '4': 1.0}",-0.9,R1rC0iWIY
1,政务发布,"{'1': 1.0, '2': 0.0, '3': 0.0, '4': 0.0}",0.5,R1uUsw7vN
4,公众反馈/举报,"{'1': 0.0, '2': 0.0, '3': 0.0, '4': 1.0}",-1.0,R1uemfbod
4,公众反馈/举报,"{'1': 0.0, '2': 0.0, '3': 0.0, '4': 1.0}",-1.0,R1uCT7YSz
4,公众反馈/举报,"{'1': 0.0, '2': 0.0, '3': 0.0, '4': 1.0}",-1.0,R0vjHjFJb
1,政务发布,"{'1': 1.0, '2': 0.0, '3': 0.0, '4': 0.0}",0.8,R0ykIp18Z
1,政务发布,"{'1': 1.0, '2': 0.0, '3': 0.0, '4': 0.0}",0.96,R0ykBCfRJ
1,政务发布,"{'1': 1.0, '2': 0.0, '3': 0.0, '4': 0.0}",0.6,R0yaKukXs
4,公众反馈/举报,"{'1': 0.0, '2': 0.0, '3': 0.0, '4': 1.0}",0.8,QE8kmayJo
4,公众反馈/举报,"{'1': 0.0, '2': 0.0, '3': 0.0, '4': 1.0}",0.2,QE579bXGO
3.0,民生服务,"{'1': 0.0, '2': 0.0, '3': 1.0, '4': 0.0}",0.9,QE4C4ybhC
4.0,公众反馈/举报,"{'1': 0.0, '2': 0.0, '3': 0.0, '4': 1.0}",-0.8,QE0TqbRTr
3.0,民生服务,"{'1': 0.0, '2': 0.0, '3': 1.0, '4': 0.0}",0.0,R12oLc3r1
4.0,公众反馈/举报,"{'1': 0.0, '2': 0.0, '3': 0.0, '4': 1.0}",-0.8,R120MpRpD
1.0,政务发布,"{'1': 1.0, '2': 0.0, '3': 0.0, '4': 0.0}",0.0,R158YkRER
1.0,政务发布,"{'1': 1.0, '2': 0.0, '3': 0.0, '4': 0.0}",0.0,QEoWY85vs
3.0,民生服务,"{'1': 0.0, '2': 0.0, '3': 1.0, '4': 0.0}",0.9,QEonBlCtn
3.0,民生服务,"{'1': 0.0, '2': 0.0, '3': 1.0, '4': 0.0}",0.95,QEndwoIXx
2.0,城市问题,"{'1': 0.0, '2': 1.0, '3': 0.0, '4': 0.0}",-0.6,R1fxpEkHv
1.0,政务发布,"{'1': 1.0, '2': 0.0, '3': 0.0, '4': 0.0}",1.0,R1lHD6ho7
1.0,政务发布,"{'1': 1.0, '2': 0.0, '3': 0.0, '4': 0.0}",0.0,R1Po1oOhI
1.0,政务发布,"{'1': 1.0, '2': 0.0, '3': 0.0, '4': 0.0}",0.8,R1QH1mv94
4.0,公众反馈/举报,"{'1': 0.0, '2': 0.0, '3': 0.0, '4': 1.0}",0.0,R1Klqb1bb
1.0,政务发布,"{'1': 1.0, '2': 0.0, '3': 0.0, '4': 0.0}",0.5,R0hLluclA
1.0,政务发布,"{'1': 1.0, '2': 0.0, '3': 0.0, '4': 0.0}",0.8,R0fZFo3zc
1.0,政务发布,"{'1': 1.0, '2': 0.0, '3': 0.0, '4': 0.0}",0.8,R0hrxpekl
4.0,公众反馈/举报,"{'1': 0.0, '2': 0.0, '3': 0.0, '4': 1.0}",0.8,R0hEZnvJE
1.0,政务发布,"{'1': 1.0, '2': 0.0, '3': 0.0, '4': 0.0}",0.8,R0hg10Yfy
1.0,政务发布,"{'1': 1.0, '2': 0.0, '3': 0.0, '4': 0.0}",0.8,R0hglo8e7
3.0,民生服务,"{'1': 0.0, '2': 0.0, '3': 1.0, '4': 0.0}",0.5,R0fblvgxW
1.0,政务发布,"{'1': 1.0, '2': 0.0, '3': 0.0, '4': 0.0}",0.5,R0hM9pr3z
1.0,政务发布,"{'1': 1.0, '2': 0.0, '3': 0.0, '4': 0.0}",1.0,R0henxX4u
4.0,公众反馈/举报,"{'1': 0.0, '2': 0.0, '3': 0.0, '4': 1.0}",-0.8,R0fAzh8dq
1.0,政务发布,"{'1': 1.0, '2': 0.0, '3': 0.0, '4': 0.0}",0.0,R0hLluclA
3.0,民生服务,"{'1': 0.0, '2': 0.0, '3': 1.0, '4': 0.0}",1.0,R0fUNnnzc
1.0,政务发布,"{'1': 1.0, '2': 0.0, '3': 0.0, '4': 0.0}",0.9,R0fZFo3zc
1.0,政务发布,"{'1': 1.0, '2': 0.0, '3': 0.0, '4': 0.0}",0.8,R0hrxpekl
3.0,民生服务,"{'1': 0.0, '2': 0.0, '3': 1.0, '4': 0.0}",0.7,R0hEZnvJE
3.0,民生服务,"{'1': 0.0, '2': 0.0, '3': 1.0, '4': 0.0}",0.5,R0fblvgxW
1.0,政务发布,"{'1': 1.0, '2': 0.0, '3': 0.0, '4': 0.0}",0.3,R0hM9pr3z
1.0,政务发布,"{'1': 1.0, '2': 0.0, '3': 0.0, '4': 0.0}",0.8,R0hg10Yfy
1.0,政务发布,"{'1': 1.0, '2': 0.0, '3': 0.0, '4': 0.0}",0.8,R0hglo8e7
4.0,公众反馈/举报,"{'1': 0.0, '2': 0.0, '3': 0.0, '4': 1.0}",-0.8,R0fAzh8dq
3.0,民生服务,"{'1': 0.0, '2': 0.0, '3': 1.0, '4': 0.0}",0.8,R0fUNnnzc
1.0,政务发布,"{'1': 1.0, '2': 0.0, '3': 0.0, '4': 0.0}",0.9,R0henxX4u
1.0,政务发布,"{'1': 1.0, '2': 0.0, '3': 0.0, '4': 0.0}",1.0,R1vppsLRB
4,公众反馈/举报,"{'1': 0.0, '2': 0.2, '3': 0.1, '4': 0.7}",-0.8,R1wddnrez
1,政务发布,"{'1': 1.0, '2': 0.0, '3': 0.0, '4': 0.0}",0.8,R1twX6WeD
1,政务发布,"{'1': 0.9, '2': 0.0, '3': 0.1, '4': 0.0}",0.8,R1uEieOYl
1,政务发布,"{'1': 1.0, '2': 0.0, '3': 0.0, '4': 0.0}",0.8,R1soGr81M
4,公众反馈/举报,"{'1': 0.0, '2': 0.1, '3': 0.1, '4': 0.8}",-0.6,R1w6Ex8N2
1,政务发布,"{'1': 1.0, '2': 0.0, '3': 0.0, '4': 0.0}",0.5,R1Cq9lCzr
1,政务发布,"{'1': 1.0, '2': 0.0, '3': 0.0, '4': 0.0}",0.9,R1Cr0jEDl
4,公众反馈/举报,"{'1': 0.0, '2': 0.0, '3': 0.0, '4': 1.0}",-1.0,R1BXItrTp
4,公众反馈/举报,"{'1': 0.0, '2': 0.0, '3': 0.0, '4': 1.0}",0.0,R1FqrjW7D
1,政务发布,"{'1': 1.0, '2': 0.0, '3': 0.0, '4': 0.0}",0.5,R152Y6duD
4,公众反馈/举报,"{'1': 0.0, '2': 0.0, '3': 0.0, '4': 1.0}",-0.8,R15Gw1os2
1,政务发布,"{'1': 1.0, '2': 0.0, '3': 0.0, '4': 0.0}",0.7,R152SqXLL
4,公众反馈/举报,"{'1': 0.0, '2': 0.0, '3': 0.0, '4': 1.0}",-0.7,R14LPqgHO
1,政务发布,"{'1': 1.0, '2': 0.0, '3': 0.0, '4': 0.0}",0.8,R00UStEKR
3,民生服务,"{'1': 0.0, '2': 0.0, '3': 1.0, '4': 0.0}",0.0,R0VvB87Fp
4,公众反馈/举报,"{'1': 0.0, '2': 0.0, '3': 0.0, '4': 1.0}",0.6,R0UKe6F1K
3,民生服务,"{'1': 0.0, '2': 0.4, '3': 0.6, '4': 0.0}",-0.3,QFV6FarNv
1,政务发布,"{'1': 1.0, '2': 0.0, '3': 0.0, '4': 0.0}",0.9,R00UStEKR
1,政务发布,"{'1': 1.0, '2': 0.0, '3': 0.0, '4': 0.0}",-0.5,QFWAu7sXG
4,公众反馈/举报,"{'1': 0.0, '2': 0.0, '3': 0.0, '4': 1.0}",-0.2,QFV6FarNv
1,政务发布,"{'1': 1.0, '2': 0.0, '3': 0.0, '4': 0.0}",-0.5,QFWAu7sXG
1,政务发布,"{'1': 1.0, '2': 0.0, '3': 0.0, '4': 0.0}",0.8,QEfRReXoV
3,民生服务,"{'1': 0.0, '2': 0.0, '3': 1.0, '4': 0.0}",0.8,QEhQLikFu
4,公众反馈/举报,"{'1': 0.0, '2': 0.0, '3': 0.0, '4': 1.0}",-1.0,QEidUtsaa
3,民生服务,"{'1': 0.0, '2': 0.0, '3': 1.0, '4': 0.0}",-0.3,QEgP1s3Oq
4,公众反馈/举报,"{'1': 0.0, '2': 0.0, '3': 0.0, '4': 1.0}",-0.9,QEdfjfanU
1,政务发布,"{'1': 1.0, '2': 0.0, '3': 0.0, '4': 0.0}",0.2,QEe6RvIUk
1,政务发布,"{'1': 1.0, '2': 0.0, '3': 0.0, '4': 0.0}",0.8,QFW7CCmik
3,民生服务,"{'1': 0.0, '2': 0.1, '3': 0.9, '4': 0.0}",0.6,QFUdVdyMX
1,政务发布,"{'1': 1.0, '2': 0.0, '3': 0.0, '4': 0.0}",0.8,QFUpXcR6h
1,政务发布,"{'1': 1.0, '2': 0.0, '3': 0.0, '4': 0.0}",0.8,QFWw50ZT8
4,公众反馈/举报,"{'1': 0.0, '2': 0.0, '3': 0.0, '4': 1.0}",0.0,R00Re6OfE
3,民生服务,"{'1': 0.0, '2': 0.0, '3': 1.0, '4': 0.0}",1.0,QFWWGh6V5
1,政务发布,"{'1': 1.0, '2': 0.0, '3': 0.0, '4': 0.0}",0.8,QFVfIFQP8
1,政务发布,"{'1': 1.0, '2': 0.0, '3': 0.0, '4': 0.0}",1.0,QFUcYhBZN
1,政务发布,"{'1': 1.0, '2': 0.0, '3': 0.0, '4': 0.0}",0.8,R00Cc0aVX
1,政务发布,"{'1': 1.0, '2': 0.0, '3': 0.0, '4': 0.0}",0.8,QFVd1nKom
1,政务发布,"{'1': 1.0, '2': 0.0, '3': 0.0, '4': 0.0}",0.0,QFUpXcR6h
1,政务发布,"{'1': 1.0, '2': 0.0, '3': 0.0, '4': 0.0}",1.0,QFW7CCmik
3,民生服务,"{'1': 0.0, '2': 0.0, '3': 1.0, '4': 0.0}",0.5,QFUdVdyMX
1,政务发布,"{'1': 1.0, '2': 0.0, '3': 0.0, '4': 0.0}",0.8,QFWw50ZT8
3,民生服务,"{'1': 0.0, '2': 0.0, '3': 1.0, '4': 0.0}",0.0,R00Re6OfE
3,民生服务,"{'1': 0.0, '2': 0.0, '3': 1.0, '4': 0.0}",0.8,QFWWGh6V5
1,政务发布,"{'1': 1.0, '2': 0.0, '3': 0.0, '4': 0.0}",0.8,QFVfIFQP8
3,民生服务,"{'1': 0.3, '2': 0.0, '3': 0.5, '4': 0.2}",0.8,R00Cc0aVX
1,政务发布,"{'1': 1.0, '2': 0.0, '3': 0.0, '4': 0.0}",0.5,QFVd1nKom
1,政务发布,"{'1': 1.0, '2': 0.0, '3': 0.0, '4': 0.0}",0.8,QFUcYhBZN
3,民生服务,"{'1': 0.0, '2': 0.0, '3': 1.0, '4': 0.0}",0.5,R1dCUfVS4
2,城市问题,"{'1': 0.0, '2': 1.0, '3': 0.0, '4': 0.0}",-0.5,QE7RJmwnz
1,政务发布,"{'1': 1.0, '2': 0.0, '3': 0.0, '4': 0.0}",0.8,QE59yEEsS
4,公众反馈/举报,"{'1': 0.0, '2': 0.2, '3': 0.0, '4': 0.8}",-0.8,R1et6qg48
1,政务发布,"{'1': 1.0, '2': 0.0, '3': 0.0, '4': 0.0}",0.5,QE7Q87Ja2
3,民生服务,"{'1': 0.0, '2': 0.2, '3': 0.8, '4': 0.0}",-0.6,QE5iZ3iFQ
3,民生服务,"{'1': 0.0, '2': 0.0, '3': 1.0, '4': 0.0}",1.0,R1d0ksDvB
1,政务发布,"{'1': 1.0, '2': 0.0, '3': 0.0, '4': 0.0}",0.0,QE7vplSgj
1,政务发布,"{'1': 1.0, '2': 0.0, '3': 0.0, '4': 0.0}",0.0,QE9qMetBm
4,公众反馈/举报,"{'1': 0.0, '2': 0.0, '3': 0.0, '4': 1.0}",-0.9,R1et5uPbi
1,政务发布,"{'1': 1.0, '2': 0.0, '3': 0.0, '4': 0.0}",0.5,QErugiMzs
1,政务发布,"{'1': 1.0, '2': 0.0, '3': 0.0, '4': 0.0}",0.8,QErap15hK
3,民生服务,"{'1': 0.0, '2': 0.0, '3': 1.0, '4': 0.0}",0.7,QEnTeoE5a
4,公众反馈/举报,"{'1': 0.0, '2': 0.0, '3': 0.0, '4': 1.0}",0.8,R0UMCfIXf
4,公众反馈/举报,"{'1': 0.0, '2': 0.0, '3': 0.0, '4': 1.0}",-0.6,R0VZGv6M9
4,公众反馈/举报,"{'1': 0.0, '2': 0.0, '3': 0.0, '4': 1.0}",0.0,R0UnXkVdV
3,民生服务,"{'1': 0.15, '2': 0.0, '3': 0.85, '4': 0.0}",0.9,R0WhqjnOz
1,政务发布,"{'1': 1.0, '2': 0.0, '3': 0.0, '4': 0.0}",0.8,R0TS0mbhU
4,公众反馈/举报,"{'1': 0.0, '2': 0.0, '3': 0.0, '4': 1.0}",0.0,QE0sW4wSq
3,民生服务,"{'1': 0.2, '2': 0.0, '3': 0.8, '4': 0.0}",0.8,QDV567SfE
4,公众反馈/举报,"{'1': 0.0, '2': 0.0, '3': 0.0, '4': 1.0}",0.6,QE0nH9MjJ
1,政务发布,"{'1': 1.0, '2': 0.0, '3': 0.0, '4': 0.0}",0.0,QDVRbn8Pd
3,民生服务,"{'1': 0.2, '2': 0.0, '3': 0.8, '4': 0.0}",0.8,R0hd4Es5d
1,政务发布,"{'1': 1.0, '2': 0.0, '3': 0.0, '4': 0.0}",0.7,R0hDCtyoM
3,民生服务,"{'1': 0.0, '2': 0.0, '3': 1.0, '4': 0.0}",0.0,R0eMFwdSP
4,公众反馈/举报,"{'1': 0.0, '2': 0.2, '3': 0.1, '4': 0.7}",-0.8,QDTTN8XFz
4,公众反馈/举报,"{'1': 0.0, '2': 0.3, '3': 0.1, '4': 0.6}",-0.9,R0hlVBuAG
3,民生服务,"{'1': 0.0, '2': 0.0, '3': 1.0, '4': 0.0}",0.8,R0hd4Es5d
1,政务发布,"{'1': 1.0, '2': 0.0, '3': 0.0, '4': 0.0}",0.0,R0fcpq62A
1,政务发布,"{'1': 1.0, '2': 0.0, '3': 0.0, '4': 0.0}",1.0,R0fmN5BO6
3,民生服务,"{'1': 0.0, '2': 0.0, '3': 1.0, '4': 0.0}",0.2,R0eUwmNEv
1,政务发布,"{'1': 1.0, '2': 0.0, '3': 0.0, '4': 0.0}",0.5,R0hDCtyoM
1,政务发布,"{'1': 0.0, '2': 0.0, '3': 1.0, '4': 0.0}",0.0,R0eMFwdSP
4,公众反馈/举报,"{'1': 0.0, '2': 0.1, '3': 0.0, '4': 0.9}",-0.9,R0hlVBuAG
1,政务发布,"{'1': 1.0, '2': 0.0, '3': 0.0, '4': 0.0}",0.9,R0fmN5BO6
1,政务发布,"{'1': 1.0, '2': 0.0, '3': 0.0, '4': 0.0}",0.0,R0fcpq62A
4,公众反馈/举报,"{'1': 0.0, '2': 0.0, '3': 0.0, '4': 1.0}",0.0,R0eUwmNEv
1,政务发布,"{'1': 1.0, '2': 0.0, '3': 0.0, '4': 0.0}",0.8,R23UCgwQa
4,公众反馈/举报,"{'1': 0.0, '2': 0.0, '3': 0.0, '4': 1.0}",-0.2,R19ZF13on
1,政务发布,"{'1': 1.0, '2': 0.0, '3': 0.0, '4': 0.0}",0.0,R1bYXwrej
3,民生服务,"{'1': 0.0, '2': 0.2, '3': 0.8, '4': 0.0}",-0.1,R1enc42VR
4,公众反馈/举报,"{'1': 0.0, '2': 0.0, '3': 0.0, '4': 1.0}",0.0,R24TVqOVm
1,政务发布,"{'1': 1.0, '2': 0.0, '3': 0.0, '4': 0.0}",0.3,R26ZFm9Qy
1,政务发布,"{'1': 1.0, '2': 0.0, '3': 0.0, '4': 0.0}",0.8,QEZZzjRMU
1,政务发布,"{'1': 1.0, '2': 0.0, '3': 0.0, '4': 0.0}",0.6,QF1SqbfYA
1,政务发布,"{'1': 1.0, '2': 0.0, '3': 0.0, '4': 0.0}",0.8,QF0kNmHnc
1,政务发布,"{'1': 1.0, '2': 0.0, '3': 0.0, '4': 0.0}",0.0,QF1zF7SGr
1,政务发布,"{'1': 1.0, '2': 0.0, '3': 0.0, '4': 0.0}",0.8,QF1iHBa6L
1,政务发布,"{'1': 1.0, '2': 0.0, '3': 0.0, '4': 0.0}",0.0,QEnbT1soE
4,公众反馈/举报,"{'1': 0.0, '2': 0.0, '3': 0.0, '4': 1.0}",0.2,QEq8bsSdm
4,公众反馈/举报,"{'1': 0.0, '2': 0.0, '3': 0.0, '4': 1.0}",0.0,QEEk9lFiP
1,政务发布,"{'1': 1.0, '2': 0.0, '3': 0.0, '4': 0.0}",0.8,QEFqEdKZj
4,公众反馈/举报,"{'1': 0.0, '2': 0.0, '3': 0.0, '4': 1.0}",-0.5,QEJQFbETf
4,公众反馈/举报,"{'1': 0.0, '2': 0.0, '3': 0.2, '4': 0.8}",-0.6,QFlflDHuq
1,政务发布,"{'1': 1.0, '2': 0.0, '3': 0.0, '4': 0.0}",0.2,QFnGno1pC
1,政务发布,"{'1': 1.0, '2': 0.0, '3': 0.0, '4': 0.0}",0.5,QFlxGiGKl
4,公众反馈/举报,"{'1': 0.0, '2': 0.0, '3': 0.0, '4': 1.0}",-0.5,QFlPpdIAK
4,公众反馈/举报,"{'1': 0.0, '2': 0.0, '3': 0.0, '4': 1.0}",-0.8,QFnwX43gs
1,政务发布,"{'1': 0.8, '2': 0.0, '3': 0.2, '4': 0.0}",0.0,QFh071QT6
3,民生服务,"{'1': 0.0, '2': 0.0, '3': 1.0, '4': 0.0}",0.7,QFj7h0yZG
1,政务发布,"{'1': 1.0, '2': 0.0, '3': 0.0, '4': 0.0}",0.8,QFicygWDK
4,公众反馈/举报,"{'1': 0.0, '2': 0.2, '3': 0.0, '4': 0.8}",-0.6,QFkNd5XOb
3,民生服务,"{'1': 0.0, '2': 0.0, '3': 1.0, '4': 0.0}",0.0,QFkaqfhg0
3,民生服务,"{'1': 0.0, '2': 0.0, '3': 1.0, '4': 0.0}",0.9,QEZ0uhcEl
3,民生服务,"{'1': 0.0, '2': 0.0, '3': 1.0, '4': 0.0}",1.0,QF0DLp4K8
1,政务发布,"{'1': 1.0, '2': 0.0, '3': 0.0, '4': 0.0}",0.8,QF2HLuaoN
4,公众反馈/举报,"{'1': 0.0, '2': 0.0, '3': 0.0, '4': 1.0}",1.0,R1CyHaKtA
1,政务发布,"{'1': 1.0, '2': 0.0, '3': 0.0, '4': 0.0}",0.5,R1CaJsMpO
4,公众反馈/举报,"{'1': 0.0, '2': 0.0, '3': 0.0, '4': 1.0}",-0.9,R1C3j8y0R
1,政务发布,"{'1': 1.0, '2': 0.0, '3': 0.0, '4': 0.0}",0.8,R1slSDRrR
1,政务发布,"{'1': 1.0, '2': 0.0, '3': 0.0, '4': 0.0}",1.0,R1vjsoDc9
1,政务发布,"{'1': 1.0, '2': 0.0, '3': 0.0, '4': 0.0}",0.8,R1vSmDYmF
2,城市问题,"{'1': 0.0, '2': 1.0, '3': 0.0, '4': 0.0}",-0.2,R1sXbv6W5
4,公众反馈/举报,"{'1': 0.0, '2': 0.0, '3': 0.0, '4': 1.0}",0.0,R1tCX3ZwO
4,公众反馈/举报,"{'1': 0.0, '2': 0.0, '3': 0.0, '4': 1.0}",-1.0,R1p3Ty6e1
4,公众反馈/举报,"{'1': 0.0, '2': 0.2, '3': 0.2, '4': 0.6}",-0.3,R1w5F4v5c
2,城市问题,"{'1': 0.0, '2': 1.0, '3': 0.0, '4': 0.0}",-0.8,R19RP87tm
1,政务发布,"{'1': 1.0, '2': 0.0, '3': 0.0, '4': 0.0}",0.8,R1cqECEhX
4,公众反馈/举报,"{'1': 0.0, '2': 0.1, '3': 0.0, '4': 0.9}",-0.8,R1bJwzmAH
4,公众反馈/举报,"{'1': 0.0, '2': 0.0, '3': 0.0, '4': 1.0}",0.3,R184koDqj
3,民生服务,"{'1': 0.1, '2': 0.0, '3': 0.8, '4': 0.1}",0.9,R1cr8kB2i
3,民生服务,"{'1': 0.0, '2': 0.0, '3': 1.0, '4': 0.0}",1.0,R1c7pvk3G
3,民生服务,"{'1': 0.0, '2': 0.0, '3': 1.0, '4': 0.0}",0.8,QEqjYcZ9E
4,公众反馈/举报,"{'1': 0.0, '2': 0.0, '3': 0.0, '4': 1.0}",0.8,QEqGgkykP
2,城市问题,"{'1': 0.0, '2': 1.0, '3': 0.0, '4': 0.0}",-1.0,R1dzGDtpF
3,民生服务,"{'1': 0.0, '2': 0.0, '3': 1.0, '4': 0.0}",0.0,QEsPNFG76
1,政务发布,"{'1': 1.0, '2': 0.0, '3': 0.0, '4': 0.0}",0.7,QEqiKDyLH
3,民生服务,"{'1': 0.0, '2': 0.2, '3': 0.8, '4': 0.0}",-0.3,QEny23Sgl
3,民生服务,"{'1': 0.0, '2': 0.0, '3': 1.0, '4': 0.0}",0.6,QEooEzj3S
3,民生服务,"{'1': 0.0, '2': 0.0, '3': 1.0, '4': 0.0}",0.9,QEThCeF9R
4,公众反馈/举报,"{'1': 0.0, '2': 0.0, '3': 0.0, '4': 1.0}",-0.6,QETsMg5JZ
3,民生服务,"{'1': 0.0, '2': 0.0, '3': 1.0, '4': 0.0}",0.0,QESVbjxId
1,政务发布,"{'1': 0.9, '2': 0.0, '3': 0.1, '4': 0.0}",-0.2,QFWqf8VZj
1,政务发布,"{'1': 1.0, '2': 0.0, '3': 0.0, '4': 0.0}",0.7,QFWx94DBu
1,政务发布,"{'1': 1.0, '2': 0.0, '3': 0.0, '4': 0.0}",0.8,QFTOmmj4D
3,民生服务,"{'1': 0.0, '2': 0.1, '3': 0.9, '4': 0.0}",0.5,R00eRCjXh
4,公众反馈/举报,"{'1': 0.0, '2': 0.2, '3': 0.1, '4': 0.7}",-0.9,QFUxTfO9S
1,政务发布,"{'1': 1.0, '2': 0.0, '3': 0.0, '4': 0.0}",0.8,QFW9Wshxo
1,政务发布,"{'1': 1.0, '2': 0.0, '3': 0.0, '4': 0.0}",0.8,R00u63evz
4,公众反馈/举报,"{'1': 0.0, '2': 0.0, '3': 0.0, '4': 1.0}",-1.0,QFQflAzzN
1,政务发布,"{'1': 1.0, '2': 0.0, '3': 0.0, '4': 0.0}",0.8,QFWx94DBu
1,政务发布,"{'1': 0.9, '2': 0.05, '3': 0.05, '4': 0.0}",0.2,QFWqf8VZj
2,城市问题,"{'1': 0.0, '2': 1.0, '3': 0.0, '4': 0.0}",0.3,R00eRCjXh
1,政务发布,"{'1': 1.0, '2': 0.0, '3': 0.0, '4': 0.0}",0.8,QFTOmmj4D
4,公众反馈/举报,"{'1': 0.0, '2': 0.2, '3': 0.1, '4': 0.7}",-0.9,QFUxTfO9S
1,政务发布,"{'1': 1.0, '2': 0.0, '3': 0.0, '4': 0.0}",0.8,QFW9Wshxo
1,政务发布,"{'1': 1.0, '2': 0.0, '3': 0.0, '4': 0.0}",1.0,R00u63evz
4,公众反馈/举报,"{'1': 0.0, '2': 0.0, '3': 0.0, '4': 1.0}",-1.0,QFQflAzzN
3,民生服务,"{'1': 0.0, '2': 0.0, '3': 1.0, '4': 0.0}",0.9,R1w2X9GaP
1,政务发布,"{'1': 1.0, '2': 0.0, '3': 0.0, '4': 0.0}",1.0,R1scEBJkU
1,政务发布,"{'1': 1.0, '2': 0.0, '3': 0.0, '4': 0.0}",0.3,R1tkLzEGF
2,城市问题,"{'1': 0.0, '2': 1.0, '3': 0.0, '4': 0.0}",-0.8,R1uDItqBp
3,民生服务,"{'1': 0.0, '2': 0.0, '3': 1.0, '4': 0.0}",0.9,R1sWE0cti
1,政务发布,"{'1': 1.0, '2': 0.0, '3': 0.0, '4': 0.0}",0.9,R1CoyrKeX
1,政务发布,"{'1': 1.0, '2': 0.0, '3': 0.0, '4': 0.0}",0.8,R1F017yE3
1,政务发布,"{'1': 1.0, '2': 0.0, '3': 0.0, '4': 0.0}",0.8,R1CqYbbJi
1,政务发布,"{'1': 0.9, '2': 0.0, '3': 0.1, '4': 0.0}",0.8,R1Df15Cyr
1,政务发布,"{'1': 1.0, '2': 0.0, '3': 0.0, '4': 0.0}",0.8,R1Bo1y7HM
4,公众反馈/举报,"{'1': 0.0, '2': 0.0, '3': 0.0, '4': 1.0}",0.9,QF0zpyD4D
4,公众反馈/举报,"{'1': 0.0, '2': 0.0, '3': 0.0, '4': 1.0}",-0.6,QEWJ8dYFK
4,公众反馈/举报,"{'1': 0.0, '2': 0.3, '3': 0.0, '4': 0.7}",-0.8,R1HnpuDoP
1,政务发布,"{'1': 1.0, '2': 0.0, '3': 0.0, '4': 0.0}",0.0,R2jiI9VPy
3,民生服务,"{'1': 0.0, '2': 0.0, '3': 1.0, '4': 0.0}",1.0,R2iFL5rE6
1,政务发布,"{'1': 1.0, '2': 0.0, '3': 0.0, '4': 0.0}",0.5,R2fle9PfW
3,民生服务,"{'1': 0.0, '2': 0.0, '3': 1.0, '4': 0.0}",0.8,R2icCcHfE
2,城市问题,"{'1': 0.1, '2': 0.6, '3': 0.2, '4': 0.1}",0.8,R2hedswZy
1,政务发布,"{'1': 1.0, '2': 0.0, '3': 0.0, '4': 0.0}",0.0,QEUJk9KK1
4,公众反馈/举报,"{'1': 0.0, '2': 0.0, '3': 0.0, '4': 1.0}",-1.0,R2cOUkeKW
1,政务发布,"{'1': 0.8, '2': 0.0, '3': 0.2, '4': 0.0}",0.8,QEUgPeVvH
4,公众反馈/举报,"{'1': 0.0, '2': 0.0, '3': 0.0, '4': 1.0}",-0.8,QESeap1GR
1,政务发布,"{'1': 1.0, '2': 0.0, '3': 0.0, '4': 0.0}",0.7,QFWEOu8Or
4,公众反馈/举报,"{'1': 0.0, '2': 0.2, '3': 0.0, '4': 0.8}",-0.9,R01m7e0Ii
1,政务发布,"{'1': 1.0, '2': 0.0, '3': 0.0, '4': 0.0}",0.3,QFWnadp6D
1,政务发布,"{'1': 0.9, '2': 0.0, '3': 0.1, '4': 0.0}",0.8,QFVusDicR
1,政务发布,"{'1': 1.0, '2': 0.0, '3': 0.0, '4': 0.0}",0.8,QFWttdZMI
4,公众反馈/举报,"{'1': 0.0, '2': 0.0, '3': 0.0, '4': 1.0}",-0.5,QFQ3HkbSp
1,政务发布,"{'1': 1.0, '2': 0.0, '3': 0.0, '4': 0.0}",0.9,R00ZgtHYP
1,政务发布,"{'1': 1.0, '2': 0.0, '3': 0.0, '4': 0.0}",0.3,QFUidrL23
4,公众反馈/举报,"{'1': 0.0, '2': 0.5, '3': 0.0, '4': 0.5}",-0.8,R019luYpQ
4,公众反馈/举报,"{'1': 0.0, '2': 0.0, '3': 0.0, '4': 1.0}",-1.0,R01m7e0Ii
1,政务发布,"{'1': 1.0, '2': 0.0, '3': 0.0, '4': 0.0}",0.5,QFVusDicR
1,政务发布,"{'1': 1.0, '2': 0.0, '3': 0.0, '4': 0.0}",0.8,QFWEOu8Or
1,政务发布,"{'1': 1.0, '2': 0.0, '3': 0.0, '4': 0.0}",0.0,QFWnadp6D
1,政务发布,"{'1': 1.0, '2': 0.0, '3': 0.0, '4': 0.0}",0.8,QFWttdZMI
4,公众反馈/举报,"{'1': 0.0, '2': 0.0, '3': 0.0, '4': 1.0}",-0.3,QFQ3HkbSp
1,政务发布,"{'1': 1.0, '2': 0.0, '3': 0.0, '4': 0.0}",0.9,R00ZgtHYP
1,政务发布,"{'1': 1.0, '2': 0.0, '3': 0.0, '4': 0.0}",0.5,QFUidrL23
4,公众反馈/举报,"{'1': 0.0, '2': 0.2, '3': 0.0, '4': 0.8}",-0.7,R019luYpQ
4,公众反馈/举报,"{'1': 0.0, '2': 0.0, '3': 0.0, '4': 1.0}",-0.8,QE7U1vtEm
4,公众反馈/举报,"{'1': 0.0, '2': 0.0, '3': 0.0, '4': 1.0}",-0.5,QE3ScsFDY
4,公众反馈/举报,"{'1': 0.0, '2': 0.0, '3': 0.0, '4': 1.0}",0.0,QE961DWx3
1,政务发布,"{'1': 1.0, '2': 0.0, '3': 0.0, '4': 0.0}",0.0,QE8HA2asG
4,公众反馈/举报,"{'1': 0.0, '2': 0.0, '3': 0.0, '4': 1.0}",0.0,R27tF33un
1,政务发布,"{'1': 1.0, '2': 0.0, '3': 0.0, '4': 0.0}",0.9,R26vHdr7c
3,民生服务,"{'1': 0.0, '2': 0.0, '3': 1.0, '4': 0.0}",1.0,R27AaavGy
4,公众反馈/举报,"{'1': 0.0, '2': 0.0, '3': 0.0, '4': 1.0}",-0.8,R259OkuiQ
1,政务发布,"{'1': 1.0, '2': 0.0, '3': 0.0, '4': 0.0}",0.0,R235Hc7xN
4,公众反馈/举报,"{'1': 0.0, '2': 0.0, '3': 0.0, '4': 1.0}",0.0,R1oLVDisF
1,政务发布,"{'1': 1.0, '2': 0.0, '3': 0.0, '4': 0.0}",0.8,R1nI8hR0e
1,政务发布,"{'1': 1.0, '2': 0.0, '3': 0.0, '4': 0.0}",0.0,R0fikcYe3
1,政务发布,"{'1': 1.0, '2': 0.0, '3': 0.0, '4': 0.0}",1.0,R0hpbrWvl
3,民生服务,"{'1': 0.0, '2': 0.0, '3': 1.0, '4': 0.0}",0.3,R1mGMBZxU
4,公众反馈/举报,"{'1': 0.0, '2': 0.2, '3': 0.0, '4': 0.8}",-0.6,R0hWvaJwY
3,民生服务,"{'1': 0.3, '2': 0.1, '3': 0.6, '4': 0.0}",0.8,R0i7tvHm9
1,政务发布,"{'1': 1.0, '2': 0.0, '3': 0.0, '4': 0.0}",0.0,R0fikcYe3
4,公众反馈/举报,"{'1': 0.0, '2': 0.0, '3': 0.0, '4': 1.0}",-0.8,R0hWvaJwY
3,民生服务,"{'1': 0.1, '2': 0.0, '3': 0.9, '4': 0.0}",0.9,R0hpbrWvl
2,城市问题,"{'1': 0.0, '2': 1.0, '3': 0.0, '4': 0.0}",0.8,R0i7tvHm9
1,政务发布,"{'1': 1.0, '2': 0.0, '3': 0.0, '4': 0.0}",0.8,QFTIZorL7
4,公众反馈/举报,"{'1': 0.0, '2': 0.0, '3': 0.0, '4': 1.0}",-1.0,QFXkXeHxb
4,公众反馈/举报,"{'1': 0.0, '2': 0.0, '3': 0.0, '4': 1.0}",-1.0,QFVpJ9EHd
1,政务发布,"{'1': 1.0, '2': 0.0, '3': 0.0, '4': 0.0}",1.0,QFSLO4Ulg
4,公众反馈/举报,"{'1': 0.0, '2': 0.2, '3': 0.1, '4': 0.7}",-0.8,R00nmu8eP
1,政务发布,"{'1': 1.0, '2': 0.0, '3': 0.0, '4': 0.0}",0.8,QFTIZorL7
4,公众反馈/举报,"{'1': 0.0, '2': 0.0, '3': 0.0, '4': 1.0}",-0.8,R00nmu8eP
4,公众反馈/举报,"{'1': 0.0, '2': 0.0, '3': 0.0, '4': 1.0}",-1.0,QFXkXeHxb
1,政务发布,"{'1': 1.0, '2': 0.0, '3': 0.0, '4': 0.0}",0.8,QFSLO4Ulg
4,公众反馈/举报,"{'1': 0.0, '2': 0.0, '3': 0.0, '4': 1.0}",-1.0,QFVpJ9EHd
2,城市问题,"{'1': 0.0, '2': 1.0, '3': 0.0, '4': 0.0}",0.0,QFMsFCaOo
1,政务发布,"{'1': 1.0, '2': 0.0, '3': 0.0, '4': 0.0}",0.4,QEJqYjuah
4,公众反馈/举报,"{'1': 0.0, '2': 0.0, '3': 0.0, '4': 1.0}",-0.8,QFL8u1FSX
4,公众反馈/举报,"{'1': 0.0, '2': 0.0, '3': 0.0, '4': 1.0}",0.5,QEIlPnIz1
1,政务发布,"{'1': 1.0, '2': 0.0, '3': 0.0, '4': 0.0}",0.8,QEGvCu0jP
4,公众反馈/举报,"{'1': 0.0, '2': 0.0, '3': 0.0, '4': 1.0}",-0.8,QEJE11ZCh
3,民生服务,"{'1': 0.0, '2': 0.0, '3': 1.0, '4': 0.0}",0.8,R1Ennx12q
1,政务发布,"{'1': 1.0, '2': 0.0, '3': 0.0, '4': 0.0}",0.8,R1CBawe0n
4,公众反馈/举报,"{'1': 0.0, '2': 0.0, '3': 0.0, '4': 1.0}",0.9,QEGmni9cp
1,政务发布,"{'1': 1.0, '2': 0.0, '3': 0.0, '4': 0.0}",1.0,R2cqb8t71
4,公众反馈/举报,"{'1': 0.0, '2': 0.0, '3': 0.0, '4': 1.0}",0.0,R1F3RizJW
1,政务发布,"{'1': 1.0, '2': 0.0, '3': 0.0, '4': 0.0}",0.0,QEqxMCuwi
1,政务发布,"{'1': 1.0, '2': 0.0, '3': 0.0, '4': 0.0}",0.2,QEn0Wer0M
1,政务发布,"{'1': 1.0, '2': 0.0, '3': 0.0, '4': 0.0}",0.9,QEoOtlMLd
4,公众反馈/举报,"{'1': 0.0, '2': 0.0, '3': 0.0, '4': 1.0}",0.5,R2j3vjmuw
3,民生服务,"{'1': 0.0, '2': 0.0, '3': 1.0, '4': 0.0}",0.9,QEnN9qebK
1,政务发布,"{'1': 1.0, '2': 0.0, '3': 0.0, '4': 0.0}",0.5,R2hXbETDU
2,城市问题,"{'1': 0.0, '2': 1.0, '3': 0.0, '4': 0.0}",-0.8,R2iAPz7aW
4,公众反馈/举报,"{'1': 0.0, '2': 0.0, '3': 0.0, '4': 1.0}",0.0,R2gIXwLkV
4,公众反馈/举报,"{'1': 0.0, '2': 0.0, '3': 0.0, '4': 1.0}",-1.0,R2epjlGMA
4,公众反馈/举报,"{'1': 0.0, '2': 0.0, '3': 0.0, '4': 1.0}",0.8,R2h38Adxc
1,政务发布,"{'1': 1.0, '2': 0.0, '3': 0.0, '4': 0.0}",1.0,R2dSfkVbK
3,民生服务,"{'1': 0.0, '2': 0.0, '3': 1.0, '4': 0.0}",1.0,QFkXbh8D3
4,公众反馈/举报,"{'1': 0.0, '2': 0.0, '3': 0.0, '4': 1.0}",-0.8,QFlOqlo1z
1,政务发布,"{'1': 1.0, '2': 0.0, '3': 0.0, '4': 0.0}",0.0,QFkCADVFs
1,政务发布,"{'1': 1.0, '2': 0.0, '3': 0.0, '4': 0.0}",0.8,QFibEr6QQ
1,政务发布,"{'1': 1.0, '2': 0.0, '3': 0.0, '4': 0.0}",0.8,QFiaGE6fI
1,政务发布,"{'1': 1.0, '2': 0.0, '3': 0.0, '4': 0.0}",0.8,QFjJmzLfn
3,民生服务,"{'1': 0.0, '2': 0.0, '3': 1.0, '4': 0.0}",0.0,QFni0Cpkv
3,民生服务,"{'1': 0.0, '2': 0.0, '3': 1.0, '4': 0.0}",1.0,QFkB8by0V
1,政务发布,"{'1': 1.0, '2': 0.0, '3': 0.0, '4': 0.0}",0.9,QFiKE1Slx
4,公众反馈/举报,"{'1': 0.0, '2': 0.2, '3': 0.0, '4': 0.8}",-0.9,QFkyC1z1P
4,公众反馈/举报,"{'1': 0.2, '2': 0.0, '3': 0.8, '4': 0.0}",0.8,R2dGqxOJ3
3,民生服务,"{'1': 0.0, '2': 0.0, '3': 1.0, '4': 0.0}",0.8,R2epkC18b
4,公众反馈/举报,"{'1': 0.0, '2': 0.0, '3': 0.0, '4': 1.0}",0.6,QEpyFssiy
1,政务发布,"{'1': 1.0, '2': 0.0, '3': 0.0, '4': 0.0}",0.8,QEsTS8uus
1,政务发布,"{'1': 1.0, '2': 0.0, '3': 0.0, '4': 0.0}",0.9,QEqG32QOD
4,公众反馈/举报,"{'1': 0.0, '2': 0.0, '3': 0.0, '4': 1.0}",-1.0,R1vXfbTeD
4,公众反馈/举报,"{'1': 0.0, '2': 0.1, '3': 0.0, '4': 0.9}",-0.9,QDX3uwW0Y
1,政务发布,"{'1': 1.0, '2': 0.0, '3': 0.0, '4': 0.0}",0.8,QEqwdsRMv
1,政务发布,"{'1': 0.8, '2': 0.0, '3': 0.0, '4': 0.2}",0.5,QE0r4l4Ph
4,公众反馈/举报,"{'1': 0.0, '2': 0.5, '3': 0.0, '4': 0.5}",-0.8,QDZoN5leV
4,公众反馈/举报,"{'1': 0.0, '2': 0.0, '3': 0.0, '4': 1.0}",0.5,QDXHy0Wt6
2,城市问题,"{'1': 0.0, '2': 1.0, '3': 0.0, '4': 0.0}",-0.2,QDYEpBZMo
3,民生服务,"{'1': 0.0, '2': 0.0, '3': 1.0, '4': 0.0}",1.0,QFkVh4jNt
2,城市问题,"{'1': 0.0, '2': 1.0, '3': 0.0, '4': 0.0}",0.0,QE00BpGMo
4,公众反馈/举报,"{'1': 0.0, '2': 0.0, '3': 0.0, '4': 1.0}",0.3,QFkQfsnvz
2,城市问题,"{'1': 0.0, '2': 0.0, '3': 0.0, '4': 0.0}",0.0,QFhk01Cw2
4,公众反馈/举报,"{'1': 0.0, '2': 0.0, '3': 0.0, '4': 1.0}",-0.9,QFkFuwOxZ
3,民生服务,{'3': 1.0},0.9,QFhNv6et6
3,民生服务,"{'1': 0.0, '2': 0.0, '3': 1.0, '4': 0.0}",0.8,QFkOxvbXk
3,民生服务,"{'1': 0.0, '2': 0.0, '3': 1.0, '4': 0.0}",0.9,R2gBt6zBp
4,公众反馈/举报,"{'1': 0.0, '2': 0.2, '3': 0.3, '4': 0.5}",-1.0,R2fXz69uc
1,政务发布,"{'1': 1.0, '2': 0.0, '3': 0.0, '4': 0.0}",-0.3,QFlJx29GR
4,公众反馈/举报,"{'1': 0.0, '2': 0.0, '3': 0.0, '4': 1.0}",0.0,QFiCgsK6U
1,政务发布,"{'1': 1.0, '2': 0.0, '3': 0.0, '4': 0.0}",1.0,R2fmGnSt4
4,公众反馈/举报,"{'1': 0.0, '2': 0.0, '3': 0.0, '4': 1.0}",0.0,R2hmnteFp
1,政务发布,"{'1': 1.0, '2': 0.0, '3': 0.0, '4': 0.0}",0.8,R2fAS2C5m
1,政务发布,"{'1': 1.0, '2': 0.0, '3': 0.0, '4': 0.0}",0.5,R0EmEmm6E
4,公众反馈/举报,"{'1': 0.0, '2': 0.0, '3': 0.0, '4': 1.0}",-0.9,R2erOkPph
1,政务发布,"{'1': 1.0, '2': 0.0, '3': 0.0, '4': 0.0}",0.8,R0GXepmMZ
3,民生服务,"{'1': 0.0, '2': 0.0, '3': 1.0, '4': 0.0}",0.3,R0GQL7HB8
3,民生服务,"{'1': 0.0, '2': 0.0, '3': 1.0, '4': 0.0}",0.0,QETeZowqw
3,民生服务,"{'1': 0.2, '2': 0.0, '3': 0.8, '4': 0.0}",0.9,QEQch3apk
4,公众反馈/举报,"{'1': 0.0, '2': 0.0, '3': 0.0, '4': 1.0}",-0.8,QET3QfewR
1,政务发布,"{'1': 0.9, '2': 0.0, '3': 0.1, '4': 0.0}",0.9,QEP1HCLzC
4,公众反馈/举报,"{'1': 0.0, '2': 0.0, '3': 0.0, '4': 1.0}",-0.5,QEIinddib
1,政务发布,"{'1': 1.0, '2': 0.0, '3': 0.0, '4': 0.0}",0.0,QEGrz3tP7
1,政务发布,"{'1': 1.0, '2': 0.0, '3': 0.0, '4': 0.0}",0.8,QEH9axZFa
3,民生服务,"{'1': 0.0, '2': 0.0, '3': 1.0, '4': 0.0}",0.5,QEGSE4QCH
2,城市问题,"{'1': 0.0, '2': 1.0, '3': 0.0, '4': 0.0}",-0.2,QEFGVEVsN
1,政务发布,"{'1': 1.0, '2': 0.0, '3': 0.0, '4': 0.0}",0.8,QFWNggVyc
4,公众反馈/举报,"{'1': 0.0, '2': 0.0, '3': 0.0, '4': 1.0}",0.8,QFT3M5cVT
4,公众反馈/举报,"{'1': 0.0, '2': 0.0, '3': 0.0, '4': 1.0}",0.0,R1KUp4EDP
4,公众反馈/举报,"{'1': 0.0, '2': 0.0, '3': 0.0, '4': 1.0}",-0.5,QFU9Raikk
3,民生服务,"{'1': 0.0, '2': 0.0, '3': 1.0, '4': 0.0}",0.8,QFWuF21Lz
3,民生服务,"{'1': 0.0, '2': 0.0, '3': 1.0, '4': 0.0}",0.5,QFVNKaVFg
1,政务发布,"{'1': 1.0, '2': 0.0, '3': 0.0, '4': 0.0}",0.0,QFT9plo3R
4,公众反馈/举报,"{'1': 0.0, '2': 0.3, '3': 0.0, '4': 0.7}",-0.8,R01fmdyda
3,民生服务,"{'1': 0.0, '2': 0.0, '3': 1.0, '4': 0.0}",0.8,QFT3M5cVT
1,政务发布,"{'1': 1.0, '2': 0.0, '3': 0.0, '4': 0.0}",0.5,QFWNggVyc
3,民生服务,"{'1': 0.0, '2': 0.0, '3': 1.0, '4': 0.0}",0.8,QFVNKaVFg
1,政务发布,"{'1': 1.0, '2': 0.0, '3': 0.0, '4': 0.0}",-0.3,QFT9plo3R
4,公众反馈/举报,"{'1': 0.0, '2': 0.0, '3': 0.0, '4': 1.0}",-0.3,QFU9Raikk
1,政务发布,"{'1': 1.0, '2': 0.0, '3': 0.0, '4': 0.0}",0.7,QFWuF21Lz
4,公众反馈/举报,"{'1': 0.0, '2': 0.5, '3': 0.0, '4': 1.0}",-0.8,R01fmdyda
1,政务发布,"{'1': 1.0, '2': 0.0, '3': 0.0, '4': 0.0}",0.8,QEwW060IY
3,民生服务,"{'1': 0.0, '2': 0.0, '3': 0.9, '4': 0.1}",1.0,QExz79Xdt
1,政务发布,"{'1': 1.0, '2': 0.0, '3': 0.0, '4': 0.0}",1.0,QEzy4DfZ8
1,政务发布,"{'1': 1.0, '2': 0.0, '3': 0.0, '4': 0.0}",0.9,QEzzfsAOF
2,城市问题,"{'1': 0.2, '2': 0.8, '3': 0.0, '4': 0.0}",-0.5,QE07v3N6r
1,政务发布,"{'1': 1.0, '2': 0.0, '3': 0.0, '4': 0.0}",0.4,QE05DuePM
4,公众反馈/举报,"{'1': 0.0, '2': 0.0, '3': 0.0, '4': 1.0}",0.0,QE05oCbAo
4,公众反馈/举报,"{'1': 0.0, '2': 0.0, '3': 0.0, '4': 1.0}",-0.8,QE9Tl4eLS
4,公众反馈/举报,"{'1': 0.0, '2': 0.0, '3': 0.2, '4': 0.8}",-0.6,QDYX3vvlF
1,政务发布,"{'1': 1.0, '2': 0.0, '3': 0.0, '4': 0.0}",0.0,QE8kP4NuH
1,政务发布,"{'1': 1.0, '2': 0.0, '3': 0.0, '4': 0.0}",0.0,QE8IqnrDs
4,公众反馈/举报,"{'1': 0.0, '2': 0.0, '3': 0.0, '4': 1.0}",-0.9,QE6zwrVFY
1,政务发布,"{'1': 1.0, '2': 0.0, '3': 0.0, '4': 0.0}",0.8,QE4wovH7V
2,城市问题,"{'1': 0.0, '2': 1.0, '3': 0.0, '4': 0.0}",-0.8,R1xUJjBcZ
4,公众反馈/举报,"{'1': 0.0, '2': 0.0, '3': 0.0, '4': 1.0}",-1.0,R1wbbvIea
4,公众反馈/举报,"{'1': 0.1, '2': 0.2, '3': 0.1, '4': 0.6}",-0.8,R1xdeewwt
4,公众反馈/举报,"{'1': 0.0, '2': 0.0, '3': 0.0, '4': 1.0}",-0.8,R1vN2vJ2W
4,公众反馈/举报,"{'1': 0.0, '2': 0.2, '3': 0.0, '4': 0.8}",-0.9,R1wnu44z5
3,民生服务,"{'1': 0.0, '2': 0.0, '3': 1.0, '4': 0.0}",-0.2,R1wXBjo4J
4,公众反馈/举报,"{'1': 0.0, '2': 0.0, '3': 0.0, '4': 1.0}",-1.0,QEJbXdO60
3,民生服务,"{'1': 0.0, '2': 0.0, '3': 1.0, '4': 0.0}",0.0,QEJAqr30m
4,公众反馈/举报,"{'1': 0.0, '2': 0.0, '3': 0.0, '4': 1.0}",-0.8,QEEt7rtLt
4,公众反馈/举报,"{'1': 0.0, '2': 0.2, '3': 0.0, '4': 0.8}",-1.0,R0Uomaiah
4,公众反馈/举报,"{'1': 0.0, '2': 0.0, '3': 0.0, '4': 1.0}",-0.8,R0VIn4oLj
3,民生服务,"{'1': 0.0, '2': 0.0, '3': 1.0, '4': 0.0}",0.0,R0VkC2JS6
1,政务发布,"{'1': 1.0, '2': 0.0, '3': 0.0, '4': 0.0}",0.9,R0VEegeYO
4,公众反馈/举报,"{'1': 0.0, '2': 0.0, '3': 0.0, '4': 1.0}",0.9,R0UVAxE08
4,公众反馈/举报,"{'1': 0.0, '2': 0.0, '3': 0.0, '4': 1.0}",0.0,R0RgLBTIX
4,公众反馈/举报,"{'1': 0.0, '2': 0.0, '3': 0.0, '4': 1.0}",-1.0,R1bgrl3OO
4,公众反馈/举报,"{'1': 0.0, '2': 0.0, '3': 0.0, '4': 1.0}",0.2,R1cTAoJ25
4,公众反馈/举报,"{'1': 0.0, '2': 0.0, '3': 0.0, '4': 1.0}",0.5,R1bMKCe15
4,公众反馈/举报,"{'1': 0.0, '2': 0.0, '3': 0.0, '4': 1.0}",-0.5,QFGjCz8wT
3,民生服务,"{'1': 0.0, '2': 0.0, '3': 1.0, '4': 0.0}",0.0,QFCwYohNh
1,政务发布,"{'1': 1.0, '2': 0.0, '3': 0.0, '4': 0.0}",0.8,R1Clx6g3Q
1,政务发布,"{'1': 1.0, '2': 0.0, '3': 0.0, '4': 0.0}",0.9,R1CgJeQpF
4,公众反馈/举报,"{'1': 0.0, '2': 0.1, '3': 0.0, '4': 0.9}",-0.8,R1BCvelfa
4,公众反馈/举报,"{'1': 0.0, '2': 0.0, '3': 0.0, '4': 1.0}",-0.9,R1EKAeTnx
1,政务发布,"{'1': 1.0, '2': 0.0, '3': 0.0, '4': 0.0}",0.0,R1Cdh9QnP
1,政务发布,"{'1': 1.0, '2': 0.0, '3': 0.0, '4': 0.0}",0.9,QEa9o3YZP
3,民生服务,"{'1': 0.0, '2': 0.0, '3': 1.0, '4': 0.0}",1.0,QE7thdvUj
3,民生服务,"{'1': 0.0, '2': 0.0, '3': 1.0, '4': 0.0}",0.8,QE6w6qZ2M
1,政务发布,"{'1': 0.8, '2': 0.0, '3': 0.2, '4': 0.0}",0.8,QE7uafDss
3,民生服务,"{'1': 0.0, '2': 0.0, '3': 1.0, '4': 0.0}",0.0,R0Vk66NTb
4,公众反馈/举报,"{'1': 0.1, '2': 0.3, '3': 0.1, '4': 0.5}",-0.9,R0U3slNmA
1,政务发布,"{'1': 1.0, '2': 0.0, '3': 0.0, '4': 0.0}",0.0,R0T3fyRIu
4,公众反馈/举报,"{'1': 0.0, '2': 0.0, '3': 0.0, '4': 1.0}",0.0,R0Wn8wyam
1,政务发布,"{'1': 1.0, '2': 0.0, '3': 0.0, '4': 0.0}",0.2,R0WiPbVgq
3,民生服务,"{'1': 0.0, '2': 0.0, '3': 1.0, '4': 0.0}",0.7,R0Tl9dONU
3,民生服务,"{'1': 0.0, '2': 0.0, '3': 1.0, '4': 0.0}",0.9,R0UTVuuYL
3,民生服务,"{'1': 0.0, '2': 0.0, '3': 1.0, '4': 0.0}",0.9,R0S6UgP5V
4,公众反馈/举报,"{'1': 0.0, '2': 0.0, '3': 0.0, '4': 1.0}",0.0,R0W4S5sgv
3,民生服务,"{'1': 0.0, '2': 0.0, '3': 1.0, '4': 0.0}",0.0,R0Sz0nozr
1,政务发布,"{'1': 1.0, '2': 0.0, '3': 0.0, '4': 0.0}",0.8,R06t6F0s2
1,政务发布,"{'1': 1.0, '2': 0.0, '3': 0.0, '4': 0.0}",1.0,R078OcjPn
1,政务发布,"{'1': 1.0, '2': 0.0, '3': 0.0, '4': 0.0}",0.8,R07BJhfNN
2,城市问题,"{'1': 0.0, '2': 0.6, '3': 0.2, '4': 0.2}",0.2,R063b9iWE
1,政务发布,"{'1': 1.0, '2': 0.0, '3': 0.0, '4': 0.0}",0.0,R05zJ0Vg5
1,政务发布,"{'1': 1.0, '2': 0.0, '3': 0.0, '4': 0.0}",0.9,R05Nu8dgF
4,公众反馈/举报,"{'1': 0.0, '2': 0.0, '3': 0.0, '4': 1.0}",-0.9,R08cbvmYo
1,政务发布,"{'1': 1.0, '2': 0.0, '3': 0.0, '4': 0.0}",0.0,R08UPzY4Q
1,政务发布,"{'1': 1.0, '2': 0.0, '3': 0.0, '4': 0.0}",-0.5,R07UkAxCl
4,公众反馈/举报,"{'1': 0.0, '2': 0.0, '3': 0.1, '4': 0.9}",0.2,QEsPfCokg
3,民生服务,"{'1': 0.2, '2': 0.0, '3': 0.6, '4': 0.2}",0.0,QEpBvm13J
1,政务发布,"{'1': 1.0, '2': 0.0, '3': 0.0, '4': 0.0}",0.7,QEnDd6Z7l
1,政务发布,"{'1': 1.0, '2': 0.0, '3': 0.0, '4': 0.0}",0.5,R1vxIfUEG
1,政务发布,"{'1': 1.0, '2': 0.0, '3': 0.0, '4': 0.0}",0.8,R1sE9hhDP
1,政务发布,"{'1': 1.0, '2': 0.0, '3': 0.0, '4': 0.0}",0.5,R1qWIi7pF
4,公众反馈/举报,"{'1': 0.0, '2': 0.0, '3': 0.0, '4': 1.0}",-0.6,QFl9MFAT9
1,政务发布,"{'1': 1.0, '2': 0.0, '3': 0.0, '4': 0.0}",1.0,QFlXNqrEg
4,公众反馈/举报,"{'1': 0.0, '2': 0.2, '3': 0.0, '4': 0.8}",-0.9,QFlqsjCsy
1,政务发布,"{'1': 1.0, '2': 0.0, '3': 0.0, '4': 0.0}",0.5,R1sLIp3S7
2,城市问题,"{'1': 0.0, '2': 1.0, '3': 0.0, '4': 0.0}",-0.3,QFlBAamzO
1,政务发布,"{'1': 1.0, '2': 0.0, '3': 0.0, '4': 0.0}",0.7,QFi7Lftvm
3,民生服务,"{'1': 0.0, '2': 0.0, '3': 1.0, '4': 0.0}",-0.3,QFjKXpfCc
1,政务发布,"{'1': 1.0, '2': 0.0, '3': 0.0, '4': 0.0}",0.9,QFiaJCwRG
1,政务发布,"{'1': 1.0, '2': 0.0, '3': 0.0, '4': 0.0}",1.0,QFiV6bwzw
4,公众反馈/举报,"{'1': 0.0, '2': 0.2, '3': 0.0, '4': 0.8}",-0.3,QFhuuFKfQ
2,城市问题,"{'1': 0.0, '2': 1.0, '3': 0.0, '4': 0.0}",0.5,QFnd4bYCV
1,政务发布,"{'1': 1.0, '2': 0.0, '3': 0.0, '4': 0.0}",0.6,R2719sbgj
1,政务发布,"{'1': 1.0, '2': 0.0, '3': 0.0, '4': 0.0}",0.0,R27hOqaw0
1,政务发布,"{'1': 1.0, '2': 0.0, '3': 0.0, '4': 0.0}",0.8,R27E2k60I
4,公众反馈/举报,"{'1': 0.0, '2': 0.2, '3': 0.2, '4': 0.6}",-0.8,R272cyaQS
1,政务发布,"{'1': 1.0, '2': 0.0, '3': 0.0, '4': 0.0}",1.0,R26N2a8Or
4,公众反馈/举报,"{'1': 0.0, '2': 0.0, '3': 0.0, '4': 1.0}",-0.6,R2iyQ2chj
3,民生服务,"{'1': 0.0, '2': 0.0, '3': 1.0, '4': 0.0}",0.8,R2hVa3UcZ
4,公众反馈/举报,"{'1': 0.0, '2': 0.0, '3': 0.0, '4': 1.0}",0.0,R2jmxDOa7
1,政务发布,"{'1': 1.0, '2': 0.0, '3': 0.0, '4': 0.0}",0.8,R2hSa8H0q
3,民生服务,"{'1': 0.0, '2': 0.0, '3': 1.0, '4': 0.0}",0.8,R2h7WzkCu
1,政务发布,"{'1': 1.0, '2': 0.0, '3': 0.0, '4': 0.0}",1.0,R2hfKBnJd
1,政务发布,"{'1': 1.0, '2': 0.0, '3': 0.0, '4': 0.0}",0.9,R2h7ewxG9
1,政务发布,"{'1': 1.0, '2': 0.0, '3': 0.0, '4': 0.0}",0.8,R2fKpwt65
3,民生服务,"{'1': 0.0, '2': 0.0, '3': 1.0, '4': 0.0}",0.8,R2gC4BZbF
1,政务发布,"{'1': 1.0, '2': 0.0, '3': 0.0, '4': 0.0}",0.0,R2grZwkH2
1,政务发布,"{'1': 1.0, '2': 0.0, '3': 0.0, '4': 0.0}",0.5,R2gR0pLTE
1,政务发布,"{'1': 1.0, '2': 0.0, '3': 0.0, '4': 0.0}",0.8,R2dtD1qam
1,政务发布,"{'1': 1.0, '2': 0.0, '3': 0.0, '4': 0.0}",0.8,R2dVBwqzp
1,政务发布,"{'1': 1.0, '2': 0.0, '3': 0.0, '4': 0.0}",1.0,R2djN6xVl
4,公众反馈/举报,"{'1': 0.0, '2': 0.0, '3': 0.0, '4': 1.0}",-0.3,QFnzaFjZN
1,政务发布,"{'1': 1.0, '2': 0.0, '3': 0.0, '4': 0.0}",0.9,QFkbaoktC
1,政务发布,"{'1': 1.0, '2': 0.0, '3': 0.0, '4': 0.0}",1.0,QFnmxxFVQ
3,民生服务,"{'1': 0.0, '2': 0.0, '3': 1.0, '4': 0.0}",0.2,QFkT8mwa1
1,政务发布,"{'1': 1.0, '2': 0.0, '3': 0.0, '4': 0.0}",0.8,QFkWI9JEm
1,政务发布,"{'1': 1.0, '2': 0.0, '3': 0.0, '4': 0.0}",0.8,QFlIEDE9c
4,公众反馈/举报,"{'1': 0.0, '2': 0.1, '3': 0.0, '4': 0.9}",-0.9,QFmTv7THJ
3,民生服务,"{'1': 0.0, '2': 0.0, '3': 1.0, '4': 0.0}",0.0,QFneokK4Y
1,政务发布,"{'1': 0.9, '2': 0.0, '3': 0.1, '4': 0.0}",0.2,QFiZjFV12
4,公众反馈/举报,"{'1': 0.0, '2': 0.0, '3': 0.0, '4': 1.0}",-1.0,QFVSAhqmr
4,公众反馈/举报,"{'1': 0.0, '2': 0.1, '3': 0.0, '4': 0.9}",-1.0,QFSPEmxjt
1,政务发布,"{'1': 1.0, '2': 0.0, '3': 0.0, '4': 0.0}",1.0,QFW1HBbso
1,政务发布,"{'1': 1.0, '2': 0.0, '3': 0.0, '4': 0.0}",0.8,QFUjh3T2X
1,政务发布,"{'1': 1.0, '2': 0.0, '3': 0.0, '4': 0.0}",0.0,QFVJDt3Rr
1,政务发布,"{'1': 1.0, '2': 0.0, '3': 0.0, '4': 0.0}",0.8,QFUpxcFiP
4,公众反馈/举报,"{'1': 0.0, '2': 0.5, '3': 0.0, '4': 1.0}",-1.0,QFVSAhqmr
4,公众反馈/举报,"{'1': 0.0, '2': 1.0, '3': 0.0, '4': 0.0}",-1.0,QFSPEmxjt
3,民生服务,"{'1': 0.2, '2': 0.0, '3': 0.8, '4': 0.0}",0.9,QFW1HBbso
1,政务发布,"{'1': 1.0, '2': 0.0, '3': 0.0, '4': 0.0}",0.0,QFVJDt3Rr
1,政务发布,"{'1': 1.0, '2': 0.0, '3': 0.0, '4': 0.0}",0.8,QFUjh3T2X
1,政务发布,"{'1': 1.0, '2': 0.0, '3': 0.0, '4': 0.0}",0.5,QFUpxcFiP
1,政务发布,"{'1': 1.0, '2': 0.0, '3': 0.0, '4': 0.0}",0.7,R0hu0bvsX
4,公众反馈/举报,"{'1': 0.0, '2': 0.0, '3': 0.0, '4': 1.0}",-0.8,R0f0BsW5c
1,政务发布,"{'1': 1.0, '2': 0.0, '3': 0.0, '4': 0.0}",0.8,R0hz2dRW4
3,民生服务,"{'1': 0.0, '2': 0.0, '3': 1.0, '4': 0.0}",0.9,R0hzmf1ds
3,民生服务,"{'1': 0.0, '2': 0.0, '3': 1.0, '4': 0.0}",0.8,R0gWnz5iY
1,政务发布,"{'1': 1.0, '2': 0.0, '3': 0.0, '4': 0.0}",0.8,R0hu0bvsX
1,政务发布,"{'1': 1.0, '2': 0.0, '3': 0.0, '4': 0.0}",0.0,R0eYsixM6
4,公众反馈/举报,"{'1': 0.0, '2': 0.0, '3': 0.0, '4': 1.0}",-0.6,R0f0BsW5c
1,政务发布,"{'1': 1.0, '2': 0.0, '3': 0.0, '4': 0.0}",0.5,R0hz2dRW4
1,政务发布,"{'1': 1.0, '2': 0.0, '3': 0.0, '4': 0.0}",0.8,R0hzmf1ds
3,民生服务,"{'1': 0.0, '2': 0.0, '3': 1.0, '4': 0.0}",0.8,R0gWnz5iY
1,政务发布,"{'1': 1.0, '2': 0.0, '3': 0.0, '4': 0.0}",0.0,R0eYsixM6
1,政务发布,"{'1': 1.0, '2': 0.0, '3': 0.0, '4': 0.0}",0.9,QEzeknJFR
4,公众反馈/举报,"{'1': 0.0, '2': 0.0, '3': 0.0, '4': 1.0}",0.6,QEBrMx6fO
1,政务发布,"{'1': 1.0, '2': 0.0, '3': 0.0, '4': 0.0}",0.8,QEzxD58Pu
1,政务发布,"{'1': 1.0, '2': 0.0, '3': 0.0, '4': 0.0}",0.5,QEAd9u4ge
1,政务发布,"{'1': 1.0, '2': 0.0, '3': 0.0, '4': 0.0}",0.8,QEzgEfQz2
99,其他,"{'1': 0.0, '2': 0.0, '3': 0.0, '4': 0.0}",-0.9,R1vjNj3QX
4,公众反馈/举报,"{'1': 0.0, '2': 0.0, '3': 0.0, '4': 1.0}",0.0,R1xXZ1exN
1,政务发布,"{'1': 1.0, '2': 0.0, '3': 0.0, '4': 0.0}",0.8,R1ta6s7tR
1,政务发布,"{'1': 1.0, '2': 0.0, '3': 0.0, '4': 0.0}",0.5,R1sKezx9t
1,政务发布,"{'1': 1.0, '2': 0.0, '3': 0.0, '4': 0.0}",0.8,R1t77jxkC
2,城市问题,"{'1': 0.0, '2': 1.0, '3': 0.0, '4': 0.0}",0.0,QE9LaE17j
4,公众反馈/举报,"{'1': 0.0, '2': 0.0, '3': 0.0, '4': 1.0}",-0.3,QE9VJ8V1f
4,公众反馈/举报,"{'1': 0.0, '2': 0.0, '3': 0.0, '4': 1.0}",-1.0,R0VgGnuzA
4,公众反馈/举报,"{'1': 0.0, '2': 0.0, '3': 0.0, '4': 1.0}",-1.0,R0TEvxd1Y
4,公众反馈/举报,"{'1': 0.0, '2': 0.0, '3': 0.0, '4': 1.0}",0.0,R0Vm99mOK
4,公众反馈/举报,"{'1': 0.0, '2': 0.2, '3': 0.1, '4': 0.7}",-0.9,QEs6jaipN
1,政务发布,"{'1': 1.0, '2': 0.0, '3': 0.0, '4': 0.0}",1.0,R1cRxdms6
4,公众反馈/举报,"{'1': 0.0, '2': 0.0, '3': 0.0, '4': 1.0}",-0.9,R18xOmNM8
1,政务发布,"{'1': 1.0, '2': 0.0, '3': 0.0, '4': 0.0}",0.8,R0RoFgZIx
1,政务发布,"{'1': 1.0, '2': 0.0, '3': 0.0, '4': 0.0}",0.8,R1bFRbz3O
3,民生服务,"{'1': 0.0, '2': 0.0, '3': 1.0, '4': 0.0}",0.7,R14IAdEyV
1,政务发布,"{'1': 1.0, '2': 0.0, '3': 0.0, '4': 0.0}",0.85,QEqNvr9Vb
1,政务发布,"{'1': 1.0, '2': 0.0, '3': 0.0, '4': 0.0}",0.8,R1208j9fj
4,公众反馈/举报,"{'1': 0.0, '2': 0.5, '3': 0.0, '4': 0.5}",-0.3,QEr5RFbVm
3,民生服务,"{'1': 0.0, '2': 0.0, '3': 1.0, '4': 0.0}",0.9,QEs9rmWO0
3,民生服务,"{'1': 0.0, '2': 0.0, '3': 1.0, '4': 0.0}",0.0,R11ZVj1YY
3,民生服务,"{'1': 0.0, '2': 0.0, '3': 1.0, '4': 0.0}",0.8,R1jEgvbFP
1,政务发布,"{'1': 1.0, '2': 0.0, '3': 0.0, '4': 0.0}",0.8,R1mmO9lE3
4,公众反馈/举报,"{'1': 0.0, '2': 0.0, '3': 0.0, '4': 1.0}",0.8,R15yv1rJL
4,公众反馈/举报,"{'1': 0.0, '2': 0.0, '3': 0.0, '4': 1.0}",0.0,R1g0Y1oC9
1,政务发布,"{'1': 1.0, '2': 0.0, '3': 0.0, '4': 0.0}",0.8,R1lEn5WuI
4,公众反馈/举报,"{'1': 0.0, '2': 0.0, '3': 0.0, '4': 1.0}",0.0,QFvn5c0DA
1,政务发布,"{'1': 1.0, '2': 0.0, '3': 0.0, '4': 0.0}",0.5,QEHtNn11j
3,民生服务,"{'1': 0.0, '2': 0.0, '3': 1.0, '4': 0.0}",0.2,QELIGbs6w
4,公众反馈/举报,"{'1': 0.0, '2': 0.0, '3': 0.0, '4': 1.0}",0.9,QEFFnnshl
4,公众反馈/举报,"{'1': 0.0, '2': 0.0, '3': 0.2, '4': 0.8}",0.5,R1MVPwjn8
4,公众反馈/举报,"{'1': 0.0, '2': 0.0, '3': 0.0, '4': 1.0}",0.8,R1MNX5CkL
4,公众反馈/举报,"{'1': 0.0, '2': 0.0, '3': 0.0, '4': 1.0}",0.0,R1NjbFkgl
4,公众反馈/举报,"{'1': 0.0, '2': 0.0, '3': 0.0, '4': 1.0}",0.5,R0UuEhDdW
3,民生服务,"{'1': 0.1, '2': 0.0, '3': 0.9, '4': 0.0}",0.0,R0RQ5vrQI
4,公众反馈/举报,"{'1': 0.0, '2': 0.0, '3': 0.1, '4': 0.9}",-0.9,R0WiJDhaf
4,公众反馈/举报,"{'1': 0.0, '2': 0.0, '3': 0.0, '4': 1.0}",-1.0,R0SbUxNvV
4,公众反馈/举报,"{'1': 0.0, '2': 0.1, '3': 0.0, '4': 0.9}",0.5,QDWx6x3H0
3,民生服务,"{'1': 0.0, '2': 0.0, '3': 1.0, '4': 0.0}",0.3,QDUpQAqo8
1,政务发布,"{'1': 1.0, '2': 0.0, '3': 0.0, '4': 0.0}",0.8,QDX6HyRbx
4,公众反馈/举报,"{'1': 0.0, '2': 0.0, '3': 0.0, '4': 1.0}",0.5,QE0pQ3GJF
4,公众反馈/举报,"{'1': 0.0, '2': 0.0, '3': 0.0, '4': 1.0}",-0.9,QDX3JkBeO
1,政务发布,"{'1': 1.0, '2': 0.0, '3': 0.0, '4': 0.0}",0.8,R1Fjios5i
4,公众反馈/举报,"{'1': 0.0, '2': 0.0, '3': 0.0, '4': 1.0}",0.0,R1DDFcGJ4
1,政务发布,"{'1': 1.0, '2': 0.0, '3': 0.0, '4': 0.0}",0.9,R1Cemw4fD
4,公众反馈/举报,"{'1': 0.0, '2': 0.0, '3': 0.0, '4': 1.0}",0.5,R1BxR87LJ
1,政务发布,"{'1': 1.0, '2': 0.0, '3': 0.0, '4': 0.0}",0.5,R1GdSaCqL
1,政务发布,"{'1': 1.0, '2': 0.0, '3': 0.0, '4': 0.0}",0.9,R1DIYk06x
4,公众反馈/举报,"{'1': 0.0, '2': 0.0, '3': 0.0, '4': 1.0}",0.3,R1BMiwOFy
3,民生服务,"{'1': 0.0, '2': 0.0, '3': 1.0, '4': 0.0}",0.9,R1DIYiTnQ
2,城市问题,"{'1': 0.0, '2': 1.0, '3': 0.0, '4': 0.0}",0.0,R1D0D7Vg8
4,公众反馈/举报,"{'1': 0.0, '2': 0.0, '3': 0.0, '4': 1.0}",-0.8,R1BvGhQBC
3,民生服务,"{'1': 0.0, '2': 0.0, '3': 1.0, '4': 0.0}",0.0,QFdi0yIgj
4,公众反馈/举报,"{'1': 0.0, '2': 1.0, '3': 0.0, '4': 1.0}",-0.9,QF7Wq00XD
4,公众反馈/举报,"{'1': 0.0, '2': 0.0, '3': 0.0, '4': 1.0}",0.0,QF2cn3M3Y
4,公众反馈/举报,"{'1': 0.0, '2': 0.0, '3': 0.0, '4': 1.0}",0.0,QFdithUJ9
4,公众反馈/举报,"{'1': 0.0, '2': 0.0, '3': 0.0, '4': 1.0}",-0.8,QFcxTrdma
3,民生服务,"{'1': 0.5, '2': 0.0, '3': 1.0, '4': 0.0}",0.8,QF1V9E2VE
4,公众反馈/举报,"{'1': 0.0, '2': 0.0, '3': 0.4, '4': 0.6}",0.5,QF2C9nJ2r
4,公众反馈/举报,"{'1': 0.0, '2': 0.1, '3': 0.0, '4': 0.9}",-0.8,R0QZeexkH
1,政务发布,"{'1': 1.0, '2': 0.0, '3': 0.0, '4': 0.0}",0.0,R0WfGnEmZ
4,公众反馈/举报,"{'1': 0.0, '2': 0.0, '3': 0.0, '4': 1.0}",0.0,R0VJbyOzS
4,公众反馈/举报,"{'1': 0.0, '2': 0.0, '3': 0.0, '4': 1.0}",0.9,QFWXeh6xl
1,政务发布,"{'1': 1.0, '2': 0.0, '3': 0.0, '4': 0.0}",0.0,QFTJF19Eb
1,政务发布,"{'1': 1.0, '2': 0.0, '3': 0.0, '4': 0.0}",0.5,R0138bMMP
1,政务发布,"{'1': 1.0, '2': 0.0, '3': 0.0, '4': 0.0}",0.5,QFUcgjcQl
1,政务发布,"{'1': 1.0, '2': 0.0, '3': 0.0, '4': 0.0}",0.9,QFUjW63fF
4,公众反馈/举报,"{'1': 0.0, '2': 0.2, '3': 0.0, '4': 0.8}",-0.9,QE0EKicFf
4,公众反馈/举报,"{'1': 0.0, '2': 0.0, '3': 0.0, '4': 1.0}",0.5,QDWMpyKap
4,公众反馈/举报,"{'1': 0.0, '2': 0.0, '3': 0.0, '4': 1.0}",-0.9,QDZyhwnRL
4,公众反馈/举报,"{'1': 0.1, '2': 0.0, '3': 0.0, '4': 0.9}",0.3,QDYPf9EEA
4,公众反馈/举报,"{'1': 0.0, '2': 0.0, '3': 0.0, '4': 1.0}",-0.2,QE0DUyi04
1,政务发布,"{'1': 1.0, '2': 0.0, '3': 0.0, '4': 0.0}",0.9,R061tqsLh
3,民生服务,"{'1': 0.0, '2': 0.0, '3': 1.0, '4': 0.0}",0.5,R07WF5oJI
3,民生服务,"{'1': 0.0, '2': 0.0, '3': 1.0, '4': 0.0}",0.8,R06egE8vW
1,政务发布,"{'1': 1.0, '2': 0.0, '3': 0.0, '4': 0.0}",0.0,R07TKs3PZ
4,公众反馈/举报,"{'1': 0.0, '2': 0.0, '3': 0.0, '4': 1.0}",-0.5,R06Ifoul2
3,民生服务,"{'1': 0.0, '2': 0.0, '3': 1.0, '4': 0.0}",0.9,R07IapllW
1,政务发布,"{'1': 1.0, '2': 0.0, '3': 0.0, '4': 0.0}",1.0,R07mWjcIp
4,公众反馈/举报,"{'1': 0.0, '2': 0.0, '3': 0.0, '4': 1.0}",-0.9,R06dr4nFV
4,公众反馈/举报,"{'1': 0.0, '2': 0.0, '3': 0.0, '4': 1.0}",0.6,R09eYCDVF
3,民生服务,"{'1': 0.0, '2': 0.0, '3': 1.0, '4': 0.0}",0.9,R05OZe4tl
4,公众反馈/举报,"{'1': 0.0, '2': 0.0, '3': 0.0, '4': 1.0}",-1.0,QFQgo43Um
4,公众反馈/举报,"{'1': 0.0, '2': 0.1, '3': 0.2, '4': 0.7}",-0.9,QFTsopNLl
3,民生服务,"{'1': 0.2, '2': 0.0, '3': 0.8, '4': 0.0}",0.9,QFWXCm2cc
1,政务发布,"{'1': 1.0, '2': 0.0, '3': 0.0, '4': 0.0}",0.8,QFUJYpCvE
1,政务发布,"{'1': 1.0, '2': 0.0, '3': 0.0, '4': 0.0}",0.8,QFTiV7p33
3,民生服务,"{'1': 0.0, '2': 0.0, '3': 1.0, '4': 0.0}",0.0,R01EMDfFt
1,政务发布,"{'1': 1.0, '2': 0.0, '3': 0.0, '4': 0.0}",0.8,QFUJYpCvE
4,公众反馈/举报,"{'1': 0.0, '2': 0.0, '3': 0.0, '4': 1.0}",-0.8,QFTsopNLl
3,民生服务,"{'1': 0.0, '2': 0.0, '3': 1.0, '4': 0.0}",0.9,QFWXCm2cc
4,公众反馈/举报,"{'1': 0.0, '2': 0.0, '3': 0.0, '4': 1.0}",-0.9,QFQgo43Um
1,政务发布,"{'1': 1.0, '2': 0.0, '3': 0.0, '4': 0.0}",0.9,QFTiV7p33
4,公众反馈/举报,"{'1': 0.0, '2': 0.0, '3': 0.0, '4': 1.0}",-0.2,R01EMDfFt
3,民生服务,"{'1': 0.0, '2': 0.0, '3': 1.0, '4': 0.0}",0.9,R07xT58jr
1,政务发布,"{'1': 1.0, '2': 0.0, '3': 0.0, '4': 0.0}",0.8,R07P4dm2C
1,政务发布,"{'1': 1.0, '2': 0.0, '3': 0.0, '4': 0.0}",0.8,R08wKx9vx
1,政务发布,"{'1': 1.0, '2': 0.0, '3': 0.0, '4': 0.0}",0.0,R076T7n7i
3,民生服务,"{'1': 0.0, '2': 0.0, '3': 1.0, '4': 0.0}",0.9,R07mj5IV0
1,政务发布,"{'1': 1.0, '2': 0.0, '3': 0.0, '4': 0.0}",0.8,R076UxBjC
4,公众反馈/举报,"{'1': 0.0, '2': 0.0, '3': 0.0, '4': 1.0}",-0.5,R07Vz8Hx4
4,公众反馈/举报,"{'1': 0.0, '2': 0.0, '3': 0.0, '4': 1.0}",-0.8,R06i3lWqB
1,政务发布,"{'1': 1.0, '2': 0.0, '3': 0.0, '4': 0.0}",0.9,QEHNAh8VI
4,公众反馈/举报,"{'1': 0.0, '2': 0.0, '3': 0.0, '4': 1.0}",-1.0,QEKDmebLn
1,政务发布,"{'1': 1.0, '2': 0.0, '3': 0.0, '4': 0.0}",0.5,QELHbnd0h
4,公众反馈/举报,"{'1': 0.0, '2': 0.0, '3': 0.0, '4': 1.0}",0.0,QEGG4eldu
4,公众反馈/举报,"{'1': 0.0, '2': 0.0, '3': 0.0, '4': 1.0}",-1.0,R00YQBc5k
1,政务发布,"{'1': 1.0, '2': 0.0, '3': 0.0, '4': 0.0}",0.9,QFTks0QCK
1,政务发布,"{'1': 1.0, '2': 0.0, '3': 0.0, '4': 0.0}",0.5,QFUA8d8vO
1,政务发布,"{'1': 1.0, '2': 0.0, '3': 0.0, '4': 0.0}",0.8,QFWftnqjN
3,民生服务,"{'1': 0.3, '2': 0.0, '3': 0.7, '4': 0.0}",0.8,QFTBmnUR9
1,政务发布,"{'1': 1.0, '2': 0.0, '3': 0.0, '4': 0.0}",0.5,R00MmoPlU
4,公众反馈/举报,"{'1': 0.0, '2': 0.0, '3': 0.0, '4': 1.0}",-1.0,R00YQBc5k
1,政务发布,"{'1': 0.9, '2': 0.0, '3': 0.1, '4': 0.0}",0.3,QFUA8d8vO
1,政务发布,"{'1': 1.0, '2': 0.0, '3': 0.0, '4': 0.0}",0.9,QFTBmnUR9
1,政务发布,"{'1': 1.0, '2': 0.0, '3': 0.0, '4': 0.0}",0.8,QFTks0QCK
1,政务发布,"{'1': 1.0, '2': 0.0, '3': 0.0, '4': 0.0}",0.8,QFWftnqjN
1,政务发布,"{'1': 1.0, '2': 0.0, '3': 0.0, '4': 0.0}",0.8,R00MmoPlU
1,政务发布,"{'1': 1.0, '2': 0.0, '3': 0.0, '4': 0.0}",0.8,QEZzG3faH
4,公众反馈/举报,"{'1': 0.0, '2': 0.0, '3': 0.0, '4': 1.0}",0.0,QEW7beSXV
4,公众反馈/举报,"{'1': 0.0, '2': 0.0, '3': 0.0, '4': 1.0}",0.0,R2fLKlf1C
4,公众反馈/举报,"{'1': 0.0, '2': 0.0, '3': 0.0, '4': 1.0}",1.0,QF4vNEd3K
1,政务发布,"{'1': 1.0, '2': 0.0, '3': 0.0, '4': 0.0}",0.8,R2hgt4OK6
4,公众反馈/举报,"{'1': 0.0, '2': 0.0, '3': 0.0, '4': 1.0}",0.8,R2ho8zNSU
4,公众反馈/举报,"{'1': 0.0, '2': 0.0, '3': 0.0, '4': 1.0}",0.8,R2gSCwHO6
4,公众反馈/举报,"{'1': 0.0, '2': 0.0, '3': 0.0, '4': 1.0}",-0.8,R2fOYCoSi
1,政务发布,"{'1': 1.0, '2': 0.0, '3': 0.0, '4': 0.0}",0.7,R2heiBCJY
1,政务发布,"{'1': 1.0, '2': 0.0, '3': 0.0, '4': 0.0}",1.0,R2gi8Avyy
1,政务发布,"{'1': 1.0, '2': 0.0, '3': 0.0, '4': 0.0}",0.3,R2e4U9utB
4,公众反馈/举报,"{'1': 0.0, '2': 0.0, '3': 0.0, '4': 1.0}",0.0,QEHOPacfo
3,民生服务,"{'1': 0.0, '2': 0.0, '3': 1.0, '4': 0.0}",0.6,QEHVwgNMK
1,政务发布,"{'1': 1.0, '2': 0.0, '3': 0.0, '4': 0.0}",0.9,QEJOFvHsP
3,民生服务,"{'1': 0.2, '2': 0.0, '3': 0.8, '4': 0.0}",0.7,QEHRwgdl7
1,政务发布,"{'1': 1.0, '2': 0.0, '3': 0.0, '4': 0.0}",0.8,R06aViChF
1,政务发布,"{'1': 1.0, '2': 0.0, '3': 0.0, '4': 0.0}",0.1,QEIFbCIw2
4,公众反馈/举报,"{'1': 0.0, '2': 0.0, '3': 0.0, '4': 1.0}",-0.2,R07OeyWYr
1,政务发布,"{'1': 1.0, '2': 0.0, '3': 0.0, '4': 0.0}",0.0,R0613p9Q9
1,政务发布,"{'1': 1.0, '2': 0.0, '3': 0.0, '4': 0.0}",0.5,R06XEc0qw
3,民生服务,"{'1': 0.0, '2': 0.0, '3': 1.0, '4': 0.0}",0.0,R05NWDZ9W
1,政务发布,"{'1': 1.0, '2': 0.0, '3': 0.0, '4': 0.0}",0.8,R07PYEANF
3,民生服务,"{'1': 0.0, '2': 0.0, '3': 1.0, '4': 0.0}",0.8,R08uTvWyx
1,政务发布,"{'1': 1.0, '2': 0.0, '3': 0.0, '4': 0.0}",0.8,QEq9Gg1r0
1,政务发布,"{'1': 1.0, '2': 0.0, '3': 0.0, '4': 0.0}",0.0,QEpIueHk2
1,政务发布,"{'1': 1.0, '2': 0.0, '3': 0.0, '4': 0.0}",1.0,QEqsaesCY
2,城市问题,"{'1': 0.0, '2': 1.0, '3': 0.0, '4': 0.0}",0.3,QEnc48tIZ
1,政务发布,"{'1': 1.0, '2': 0.0, '3': 0.0, '4': 0.0}",0.7,QEpzKCwm0
3,民生服务,"{'1': 0.0, '2': 0.0, '3': 1.0, '4': 0.0}",1.0,QDUjWgo9g
1,政务发布,"{'1': 1.0, '2': 0.0, '3': 0.0, '4': 0.0}",-0.2,QDZpTBf4d
4,公众反馈/举报,"{'1': 0.0, '2': 0.0, '3': 0.0, '4': 1.0}",0.0,QEq58pjvV
4,公众反馈/举报,"{'1': 0.0, '2': 0.0, '3': 0.0, '4': 1.0}",0.0,QEBFPnb6j
1,政务发布,"{'1': 1.0, '2': 0.0, '3': 0.0, '4': 0.0}",0.8,QEASIr3HN
1,政务发布,"{'1': 0.9, '2': 0.0, '3': 0.1, '4': 0.0}",0.3,QEBkZaXG0
4,公众反馈/举报,"{'1': 0.0, '2': 0.0, '3': 0.0, '4': 1.0}",-1.0,R06Mavpcg
1,政务发布,"{'1': 0.9, '2': 0.0, '3': 0.1, '4': 0.0}",0.0,R04Mlqf95
1,政务发布,"{'1': 1.0, '2': 0.0, '3': 0.0, '4': 0.0}",0.3,R06wCnmPC
1,政务发布,"{'1': 1.0, '2': 0.0, '3': 0.0, '4': 0.0}",0.0,R062QeUMS
1,政务发布,"{'1': 1.0, '2': 0.0, '3': 0.0, '4': 0.0}",0.2,R08NMjIG7
4,公众反馈/举报,"{'1': 0.0, '2': 0.0, '3': 0.0, '4': 1.0}",-0.9,R077UFbAf
1,政务发布,"{'1': 1.0, '2': 0.0, '3': 0.0, '4': 0.0}",0.8,R08wSwXjR
1,政务发布,"{'1': 1.0, '2': 0.0, '3': 0.0, '4': 0.0}",0.0,QESedqJOL
4,公众反馈/举报,"{'1': 0.0, '2': 0.0, '3': 0.0, '4': 1.0}",-0.8,QEPY9ii53
1,政务发布,"{'1': 1.0, '2': 0.0, '3': 0.0, '4': 0.0}",0.7,QEPVWnWaz
1,政务发布,"{'1': 1.0, '2': 0.0, '3': 0.0, '4': 0.0}",0.0,R24AOtdY1
1,政务发布,"{'1': 1.0, '2': 0.0, '3': 0.0, '4': 0.0}",1.0,R24vdD6ci
4,公众反馈/举报,"{'1': 0.0, '2': 0.0, '3': 0.0, '4': 1.0}",-0.9,R26AV7fv7
1,政务发布,"{'1': 1.0, '2': 0.0, '3': 0.0, '4': 0.0}",0.8,QEHkT9X5y
2,城市问题,"{'1': 0.0, '2': 1.0, '3': 0.0, '4': 0.0}",-0.2,QEFBnrfly
4,公众反馈/举报,"{'1': 0.0, '2': 0.0, '3': 0.0, '4': 1.0}",-0.5,QEDSn5gly
4,公众反馈/举报,"{'1': 0.0, '2': 0.0, '3': 0.0, '4': 1.0}",-1.0,QEEFU74C0
3,民生服务,"{'1': 0.0, '2': 0.0, '3': 1.0, '4': 0.0}",0.8,R0fbY9A8s
3,民生服务,"{'1': 0.0, '2': 0.0, '3': 1.0, '4': 0.0}",0.9,R0eWqCUwN
1,政务发布,"{'1': 1.0, '2': 0.0, '3': 0.0, '4': 0.0}",0.0,R0gTGfT42
3,民生服务,"{'1': 0.0, '2': 0.0, '3': 1.0, '4': 0.0}",1.0,R0f8Icwbf
1,政务发布,"{'1': 1.0, '2': 0.0, '3': 0.0, '4': 0.0}",1.0,R0f6vnFr2
3,民生服务,"{'1': 0.0, '2': 0.0, '3': 1.0, '4': 0.0}",0.8,R0fbY9A8s
1,政务发布,"{'1': 1.0, '2': 0.0, '3': 0.0, '4': 0.0}",0.5,R0eJLxOW9
1,政务发布,"{'1': 1.0, '2': 0.0, '3': 0.0, '4': 0.0}",0.6,R0gTGfT42
1,政务发布,"{'1': 1.0, '2': 0.0, '3': 0.0, '4': 0.0}",0.9,R0f6vnFr2
1,政务发布,"{'1': 1.0, '2': 0.0, '3': 0.0, '4': 0.0}",0.9,R0f8Icwbf
1,政务发布,"{'1': 0.9, '2': 0.0, '3': 0.0, '4': 0.1}",0.5,R0eJLxOW9
4,公众反馈/举报,"{'1': 0.0, '2': 0.0, '3': 0.0, '4': 1.0}",-1.0,R0T7qvue4
1,政务发布,"{'1': 1.0, '2': 0.0, '3': 0.0, '4': 0.0}",0.8,R0VjZfDWy
2,城市问题,"{'1': 0.0, '2': 1.0, '3': 0.0, '4': 0.0}",0.0,R0VXAgW0p
1,政务发布,"{'1': 1.0, '2': 0.0, '3': 0.0, '4': 0.0}",0.0,R0VrB5kBp
1,政务发布,"{'1': 0.9, '2': 0.0, '3': 0.1, '4': 0.0}",0.8,R0VDQlcQ0
1,政务发布,"{'1': 1.0, '2': 0.0, '3': 0.0, '4': 0.0}",-0.2,R0VI8qCKD
4,公众反馈/举报,"{'1': 0.0, '2': 0.0, '3': 0.0, '4': 1.0}",1.0,R0TnjmWc7
1,政务发布,"{'1': 1.0, '2': 0.0, '3': 0.0, '4': 0.0}",0.0,R07K3DqG1
1,政务发布,"{'1': 1.0, '2': 0.0, '3': 0.0, '4': 0.0}",0.8,R07BRh3sZ
3,民生服务,"{'1': 0.0, '2': 0.0, '3': 1.0, '4': 0.0}",0.9,R06pyoSyI
4,公众反馈/举报,"{'1': 0.0, '2': 0.3, '3': 0.2, '4': 0.5}",-0.8,R09eMwTq3
1,政务发布,"{'1': 1.0, '2': 0.0, '3': 0.0, '4': 0.0}",0.8,R05XU64P0
3,民生服务,"{'1': 0.0, '2': 0.0, '3': 1.0, '4': 0.0}",0.8,R08WvBS5a
1,政务发布,"{'1': 1.0, '2': 0.0, '3': 0.0, '4': 0.0}",0.8,R07ROzmJw
4,公众反馈/举报,"{'1': 0.0, '2': 0.0, '3': 0.1, '4': 0.9}",0.2,QEgMrjOTm
1,政务发布,"{'1': 1.0, '2': 0.0, '3': 0.0, '4': 0.0}",0.9,QEfI9kYKX
3,民生服务,"{'1': 0.0, '2': 0.0, '3': 1.0, '4': 0.0}",0.9,R1vCT97N1
4,公众反馈/举报,"{'1': 0.0, '2': 0.0, '3': 0.0, '4': 1.0}",0.0,R1wqZwMOH
1,政务发布,"{'1': 1.0, '2': 0.0, '3': 0.0, '4': 0.0}",0.5,R1wFMhDv8
1,政务发布,"{'1': 1.0, '2': 0.0, '3': 0.0, '4': 0.0}",0.8,R1wigyr06
3,民生服务,"{'1': 0.0, '2': 0.0, '3': 1.0, '4': 0.0}",1.0,QESms6OSJ
4,公众反馈/举报,"{'1': 0.1, '2': 0.4, '3': 0.0, '4': 0.5}",-0.8,QER72432o
3,民生服务,"{'1': 0.1, '2': 0.0, '3': 0.9, '4': 0.0}",0.8,QERKEbMqn
4,公众反馈/举报,"{'1': 0.0, '2': 0.0, '3': 0.0, '4': 1.0}",-0.8,QESbHsQOU
1,政务发布,"{'1': 1.0, '2': 0.0, '3': 0.0, '4': 0.0}",0.0,QEQM0ysIH
3,民生服务,"{'1': 0.0, '2': 0.0, '3': 1.0, '4': 0.0}",0.8,R0TVZ23Ia
2,城市问题,"{'1': 0.1, '2': 0.8, '3': 0.05, '4': 0.05}",-0.3,QEQxkBt9R
2,城市问题,"{'1': 0.0, '2': 1.0, '3': 0.0, '4': 0.0}",-0.2,R0W7JuJFF
1,政务发布,"{'1': 1.0, '2': 0.0, '3': 0.0, '4': 0.0}",1.0,R0TVcBtQw
4,公众反馈/举报,"{'1': 0.0, '2': 0.0, '3': 0.0, '4': 1.0}",-0.9,R0SGWwX2l
1,政务发布,"{'1': 1.0, '2': 0.0, '3': 0.0, '4': 0.0}",0.5,R0S18qiaW
1,政务发布,"{'1': 1.0, '2': 0.0, '3': 0.0, '4': 0.0}",0.5,R0UEtib18
1,政务发布,"{'1': 1.0, '2': 0.0, '3': 0.0, '4': 0.0}",-0.7,R0W4FhtES
3,民生服务,"{'1': 0.0, '2': 0.0, '3': 1.0, '4': 0.0}",0.3,R0Wmg1GDB
4,公众反馈/举报,"{'1': 0.0, '2': 0.0, '3': 0.0, '4': 1.0}",0.0,R0hdrpK6u
2,城市问题,"{'1': 0.0, '2': 1.0, '3': 0.0, '4': 0.0}",0.5,R0fc4e6u2
1,政务发布,"{'1': 1.0, '2': 0.0, '3': 0.0, '4': 0.0}",-0.8,R0h0Ze8Fl
4,公众反馈/举报,"{'1': 0.0, '2': 0.0, '3': 0.0, '4': 1.0}",0.6,R0e9cwWb1
1,政务发布,"{'1': 1.0, '2': 0.0, '3': 0.0, '4': 0.0}",0.8,R0fkF0xBx
4,公众反馈/举报,"{'1': 0.0, '2': 0.0, '3': 0.0, '4': 1.0}",0.0,R0hdrpK6u
4,公众反馈/举报,"{'1': 0.0, '2': 0.0, '3': 0.0, '4': 1.0}",0.7,R0fc4e6u2
4,公众反馈/举报,"{'4': 1.0, '1': 0.0, '2': 0.0, '3': 0.0}",0.3,R0e9cwWb1
4,公众反馈/举报,"{'1': 0.2, '2': 0.0, '3': 0.0, '4': 0.8}",-0.8,R0h0Ze8Fl
3,民生服务,"{'1': 0.0, '2': 0.0, '3': 1.0, '4': 0.0}",0.9,R0fkF0xBx
1,政务发布,"{'1': 1.0, '2': 0.0, '3': 0.0, '4': 0.0}",0.8,R1dLr7p47
4,公众反馈/举报,"{'1': 0.0, '2': 0.2, '3': 0.2, '4': 0.6}",-0.9,R19zAvsTD
3,民生服务,"{'1': 0.0, '2': 0.0, '3': 1.0, '4': 0.0}",0.0,QDVsM1y4y
4,公众反馈/举报,"{'1': 0.0, '2': 0.0, '3': 0.0, '4': 1.0}",-0.8,QDWvQ4YYu
4,公众反馈/举报,"{'1': 0.0, '2': 0.3, '3': 0.1, '4': 0.6}",-0.8,QE0oa40hZ
4,公众反馈/举报,"{'1': 0.0, '2': 0.0, '3': 0.0, '4': 1.0}",0.8,QE0pPue2W
4,公众反馈/举报,"{'1': 0.0, '2': 0.0, '3': 0.0, '4': 1.0}",1.0,QE0KCrwXG
4,公众反馈/举报,"{'1': 0.0, '2': 0.0, '3': 0.0, '4': 1.0}",1.0,QFlmProU4
1,政务发布,"{'1': 1.0, '2': 0.0, '3': 0.0, '4': 0.0}",0.8,QFlfN9SoO
1,政务发布,"{'1': 1.0, '2': 0.0, '3': 0.0, '4': 0.0}",1.0,QDYSd6jOP
3,民生服务,"{'1': 0.0, '2': 0.0, '3': 1.0, '4': 0.0}",0.8,QFkRe8Chq
1,政务发布,"{'1': 1.0, '2': 0.0, '3': 0.0, '4': 0.0}",0.6,QFjVg4s36
1,政务发布,"{'1': 1.0, '2': 0.0, '3': 0.0, '4': 0.0}",0.8,QFliYgx6S
1,政务发布,"{'1': 0.9, '2': 0.0, '3': 0.1, '4': 0.0}",0.9,R1lRKoQtf
3,民生服务,"{'1': 0.0, '2': 0.0, '3': 1.0, '4': 0.0}",0.2,QFmToAxiu
4,公众反馈/举报,"{'1': 0.0, '2': 0.0, '3': 0.0, '4': 1.0}",0.0,R1oJG8ZlN
3,民生服务,"{'1': 0.0, '2': 0.0, '3': 1.0, '4': 0.0}",0.9,R1lhvxSQR
1,政务发布,"{'1': 1.0, '2': 0.0, '3': 0.0, '4': 0.0}",0.95,R1lt0uORW
1,政务发布,"{'1': 1.0, '2': 0.0, '3': 0.0, '4': 0.0}",0.8,R1QZIeqOF
4,公众反馈/举报,"{'1': 0.0, '2': 0.0, '3': 0.0, '4': 1.0}",0.0,R1Q97eJKO
4,公众反馈/举报,"{'1': 0.0, '2': 0.0, '3': 0.0, '4': 1.0}",-0.5,R1Pv9g2h6
1,政务发布,"{'1': 1.0, '2': 0.0, '3': 0.0, '4': 0.0}",0.0,R1Oho6v7f
1,政务发布,"{'1': 1.0, '2': 0.0, '3': 0.0, '4': 0.0}",1.0,R1QYz2MZn
4,公众反馈/举报,"{'1': 0.0, '2': 0.0, '3': 0.0, '4': 1.0}",0.8,R1M5Z8w5V
1,政务发布,"{'1': 1.0, '2': 0.0, '3': 0.0, '4': 0.0}",1.0,R1NSNuR35
2,城市问题,"{'1': 0.0, '2': 1.0, '3': 0.0, '4': 0.0}",0.8,QEq2bvNAj
1,政务发布,"{'1': 1.0, '2': 0.0, '3': 0.0, '4': 0.0}",0.8,QEpyYqtZz
1,政务发布,"{'1': 1.0, '2': 0.0, '3': 0.0, '4': 0.0}",0.3,QEnCFntrK
1,政务发布,"{'1': 1.0, '2': 0.0, '3': 0.0, '4': 0.0}",0.5,QEqk6bGdF
1,政务发布,"{'1': 1.0, '2': 0.0, '3': 0.0, '4': 0.0}",1.0,R26ksvwus
4,公众反馈/举报,"{'1': 0.0, '2': 0.0, '3': 0.0, '4': 1.0}",0.3,QElkjD4xH
3,民生服务,"{'1': 0.0, '2': 0.0, '3': 1.0, '4': 0.0}",0.8,R26y73u0t
3,民生服务,"{'1': 0.2, '2': 0.0, '3': 0.8, '4': 0.0}",0.0,R09Hk0Q30
4,公众反馈/举报,"{'1': 0.0, '2': 0.0, '3': 0.0, '4': 1.0}",-0.9,R25N6FlWL
1,政务发布,"{'1': 1.0, '2': 0.0, '3': 0.0, '4': 0.0}",0.8,R23UI6LDM
4,公众反馈/举报,"{'1': 0.0, '2': 0.0, '3': 0.0, '4': 1.0}",-1.0,R0Z6KDCcX
3,民生服务,"{'1': 0.0, '2': 0.0, '3': 1.0, '4': 0.0}",0.8,R0aWMtH95
1,政务发布,"{'1': 1.0, '2': 0.0, '3': 0.0, '4': 0.0}",0.8,R12OOjmxi
1,政务发布,"{'1': 1.0, '2': 0.0, '3': 0.0, '4': 0.0}",0.6,QEQlt8TTw
3,民生服务,"{'1': 0.0, '2': 0.0, '3': 1.0, '4': 0.0}",1.0,QEPXPoOU0
3,民生服务,"{'1': 0.0, '2': 0.0, '3': 1.0, '4': 0.0}",0.9,QEPGtjsSa
3,民生服务,"{'1': 0.0, '2': 0.0, '3': 1.0, '4': 0.0}",0.9,QEV5GrG5u
3,民生服务,"{'1': 0.0, '2': 0.0, '3': 1.0, '4': 0.0}",0.8,QESfxBGuh
4,公众反馈/举报,"{'1': 0.0, '2': 0.0, '3': 0.0, '4': 1.0}",-0.2,R2d8OoeQR
3,民生服务,"{'1': 0.0, '2': 0.0, '3': 1.0, '4': 0.0}",0.8,R2dQlqN2e
4,公众反馈/举报,"{'1': 0.0, '2': 0.0, '3': 0.0, '4': 1.0}",-0.5,R2cS1qqlL
1,政务发布,"{'1': 1.0, '2': 0.0, '3': 0.0, '4': 0.0}",0.0,R2hpUfPHt
1,政务发布,"{'1': 1.0, '2': 0.0, '3': 0.0, '4': 0.0}",0.8,QETaInmHb
3,民生服务,"{'1': 0.0, '2': 0.0, '3': 1.0, '4': 0.0}",0.8,QESBZ7kYo
1,政务发布,"{'1': 1.0, '2': 0.0, '3': 0.0, '4': 0.0}",1.0,QEPZfoVOR
4,公众反馈/举报,"{'1': 0.0, '2': 0.0, '3': 0.0, '4': 1.0}",0.0,QERrD6AfH
1,政务发布,"{'1': 1.0, '2': 0.0, '3': 0.0, '4': 0.0}",0.5,QETcz1thN
3,民生服务,"{'1': 0.2, '2': 0.0, '3': 0.8, '4': 0.0}",0.2,QERpGB9HG
2,城市问题,"{'1': 0.0, '2': 1.0, '3': 0.0, '4': 0.0}",-0.3,R0g4cD8sq
4,公众反馈/举报,"{'1': 0.0, '2': 0.0, '3': 0.0, '4': 1.0}",-0.5,R0heLpGrQ
1,政务发布,"{'1': 1.0, '2': 0.0, '3': 0.0, '4': 0.0}",0.9,R0hd6oIRk
2,城市问题,"{'1': 0.0, '2': 1.0, '3': 0.0, '4': 0.0}",-0.3,R0g4cD8sq
1,政务发布,"{'1': 0.9, '2': 0.0, '3': 0.1, '4': 0.0}",0.9,R0hd6oIRk
1,政务发布,"{'1': 1.0, '2': 0.0, '3': 0.0, '4': 0.0}",0.0,R0hM9sIFC
4,公众反馈/举报,"{'1': 0.0, '2': 0.2, '3': 0.3, '4': 0.5}",-0.3,R0igbeNgw
2,城市问题,"{'1': 0.0, '2': 1.0, '3': 0.0, '4': 0.0}",0.0,R0g1HcvMH
1,政务发布,"{'1': 1.0, '2': 0.0, '3': 0.0, '4': 0.0}",0.8,R0hzbacRE
4,公众反馈/举报,"{'1': 0.0, '2': 0.0, '3': 0.0, '4': 1.0}",0.0,R0fa3njQE
1,政务发布,"{'1': 1.0, '2': 0.0, '3': 0.0, '4': 0.0}",0.5,R0fQJzxdX
4,公众反馈/举报,"{'1': 0.0, '2': 0.1, '3': 0.0, '4': 0.9}",-0.6,R0fOGuLDN
3,民生服务,"{'1': 0.0, '2': 0.0, '3': 1.0, '4': 0.0}",0.5,R0foU8BXp
1,政务发布,"{'1': 1.0, '2': 0.0, '3': 0.0, '4': 0.0}",-0.6,R0h6NuKCK
3,民生服务,"{'1': 0.0, '2': 0.0, '3': 1.0, '4': 0.0}",0.0,R0g0qBn8s
4,公众反馈/举报,"{'1': 0.0, '2': 0.0, '3': 0.0, '4': 1.0}",-0.9,R0fMdE6T9
1,政务发布,"{'1': 1.0, '2': 0.0, '3': 0.0, '4': 0.0}",0.0,R0hM9sIFC
3,民生服务,"{'1': 0.0, '2': 0.0, '3': 1.0, '4': 0.0}",0.0,R0fa3njQE
4,公众反馈/举报,"{'1': 0.0, '2': 0.1, '3': 0.3, '4': 0.6}",-0.2,R0g1HcvMH
3,民生服务,"{'1': 0.0, '2': 0.0, '3': 1.0, '4': 0.0}",0.3,R0igbeNgw
1,政务发布,"{'1': 1.0, '2': 0.0, '3': 0.0, '4': 0.0}",0.5,R0hzbacRE
1,政务发布,"{'1': 1.0, '2': 0.0, '3': 0.0, '4': 0.0}",0.6,R0fQJzxdX
3,民生服务,"{'1': 0.0, '2': 0.0, '3': 1.0, '4': 0.0}",0.0,R0g0qBn8s
4,公众反馈/举报,"{'1': 0.0, '2': 0.0, '3': 0.0, '4': 1.0}",0.0,R0foU8BXp
4,公众反馈/举报,"{'1': 0.0, '2': 0.0, '3': 0.0, '4': 1.0}",0.0,R0fOGuLDN
4,公众反馈/举报,"{'1': 0.0, '2': 0.0, '3': 0.0, '4': 1.0}",-0.8,R0h6NuKCK
4,公众反馈/举报,"{'1': 0.0, '2': 0.3, '3': 0.1, '4': 0.6}",-0.8,R0fMdE6T9
1,政务发布,"{'1': 1.0, '2': 0.0, '3': 0.0, '4': 0.0}",0.8,R06Gs2Qov
4,公众反馈/举报,"{'1': 0.0, '2': 0.0, '3': 0.0, '4': 1.0}",-1.0,R04oOcqke
1,政务发布,"{'1': 1.0, '2': 0.0, '3': 0.0, '4': 0.0}",0.8,R06qf2wDZ
4,公众反馈/举报,"{'1': 0.0, '2': 0.0, '3': 0.0, '4': 1.0}",-0.9,R06Eyn2l2
4,公众反馈/举报,"{'1': 0.0, '2': 0.0, '3': 0.0, '4': 1.0}",-0.2,R07uyquld
4,公众反馈/举报,"{'1': 0.0, '2': 0.2, '3': 0.0, '4': 0.8}",-0.6,R07Vu40Nm
4,公众反馈/举报,"{'1': 0.0, '2': 0.0, '3': 0.0, '4': 1.0}",-0.8,R08B7DWgM
1,政务发布,"{'1': 1.0, '2': 0.0, '3': 0.0, '4': 0.0}",0.2,R0V4HATto
1,政务发布,"{'1': 1.0, '2': 0.0, '3': 0.0, '4': 0.0}",0.8,R06F67Ck0
1,政务发布,"{'1': 1.0, '2': 0.0, '3': 0.0, '4': 0.0}",0.0,R0VC8fgcH
1,政务发布,"{'1': 1.0, '2': 0.0, '3': 0.0, '4': 0.0}",1.0,R0SSgwL3J
3,民生服务,"{'1': 0.0, '2': 0.0, '3': 1.0, '4': 0.0}",0.8,R0TRcpRyS
1,政务发布,"{'1': 1.0, '2': 0.0, '3': 0.0, '4': 0.0}",0.8,R0RM87fAZ
4,公众反馈/举报,"{'1': 0.0, '2': 0.0, '3': 0.0, '4': 1.0}",-0.8,R0VHMxtVe
4,公众反馈/举报,"{'1': 0.0, '2': 0.0, '3': 0.0, '4': 1.0}",-1.0,R0uL62mgX
4,公众反馈/举报,"{'1': 0.0, '2': 0.0, '3': 0.0, '4': 1.0}",0.6,R0y95q57d
1,政务发布,"{'1': 1.0, '2': 0.0, '3': 0.0, '4': 0.0}",0.3,R0vaQxCUH
4,公众反馈/举报,"{'1': 0.0, '2': 0.0, '3': 0.3, '4': 0.7}",-0.9,R0xxov199
3,民生服务,"{'1': 0.0, '2': 0.0, '3': 1.0, '4': 0.0}",0.8,R0Uka8iUx
1,政务发布,"{'1': 1.0, '2': 0.0, '3': 0.0, '4': 0.0}",0.3,R0VrGb8kg
1,政务发布,"{'1': 1.0, '2': 0.0, '3': 0.0, '4': 0.0}",0.9,R0Us8o9zK
1,政务发布,"{'1': 1.0, '2': 0.0, '3': 0.0, '4': 0.0}",-0.6,R0W3woymH
1,政务发布,"{'1': 1.0, '2': 0.0, '3': 0.0, '4': 0.0}",0.8,R0TybsnJm
1,政务发布,"{'1': 1.0, '2': 0.0, '3': 0.0, '4': 0.0}",0.8,R0RstkDpM
4,公众反馈/举报,"{'1': 0.0, '2': 0.0, '3': 0.0, '4': 1.0}",-0.9,R0UzAm33J
4,公众反馈/举报,"{'1': 0.0, '2': 0.2, '3': 0.3, '4': 0.5}",-0.1,R0Wrev5OI
4,公众反馈/举报,"{'1': 0.0, '2': 0.1, '3': 0.0, '4': 0.9}",-0.8,QEQzjeiwf
1,政务发布,"{'1': 1.0, '2': 0.0, '3': 0.0, '4': 0.0}",0.8,R0SEgF54o
4,公众反馈/举报,"{'1': 0.0, '2': 0.0, '3': 0.0, '4': 1.0}",-1.0,QEV9YBuQf
1,政务发布,"{'1': 1.0, '2': 0.0, '3': 0.0, '4': 0.0}",0.8,QEQqY6zV2
1,政务发布,"{'1': 1.0, '2': 0.0, '3': 0.0, '4': 0.0}",0.8,QEQLFoF8q
4,公众反馈/举报,"{'1': 0.0, '2': 0.0, '3': 0.0, '4': 1.0}",-0.4,R0WiJdZS4
4,公众反馈/举报,"{'1': 0.0, '2': 0.0, '3': 0.0, '4': 1.0}",-0.8,R0VWH1CsG
4,公众反馈/举报,"{'1': 0.0, '2': 0.2, '3': 0.1, '4': 0.7}",-0.9,R0QTSEIoi
1,政务发布,"{'1': 1.0, '2': 0.0, '3': 0.0, '4': 0.0}",0.9,QEdXc5n53
1,政务发布,"{'1': 1.0, '2': 0.0, '3': 0.0, '4': 0.0}",0.8,QEgauEwHQ
3,民生服务,"{'1': 0.0, '2': 0.0, '3': 1.0, '4': 0.0}",0.8,QEdYjgdzK
4,公众反馈/举报,"{'1': 0.0, '2': 0.3, '3': 0.0, '4': 0.7}",-0.6,QEdD3mu7L
1,政务发布,"{'1': 1.0, '2': 0.0, '3': 0.0, '4': 0.0}",0.7,R1x62aJsk
1,政务发布,"{'1': 0.9, '2': 0.0, '3': 0.1, '4': 0.0}",0.8,R1w5yprph
4,公众反馈/举报,"{'1': 0.0, '2': 0.0, '3': 0.0, '4': 1.0}",-0.4,R1tpqflkB
3,民生服务,"{'1': 0.0, '2': 0.0, '3': 1.0, '4': 0.0}",0.5,QE0CSwz31
4,公众反馈/举报,"{'1': 0.0, '2': 0.0, '3': 0.0, '4': 1.0}",-1.0,QDWQD9YkB
4,公众反馈/举报,"{'1': 0.0, '2': 0.0, '3': 0.0, '4': 1.0}",-0.6,R1vlYkldO
4,公众反馈/举报,"{'1': 0.0, '2': 0.0, '3': 0.0, '4': 1.0}",0.0,QDWrkoVuh
4,公众反馈/举报,"{'1': 0.0, '2': 0.0, '3': 0.0, '4': 1.0}",-1.0,QEa6yePv9
1,政务发布,"{'1': 1.0, '2': 0.0, '3': 0.0, '4': 0.0}",0.6,QE0q2s8rE
1,政务发布,"{'1': 1.0, '2': 0.0, '3': 0.0, '4': 0.0}",0.8,QE5q8A9Ut
3,民生服务,"{'1': 0.0, '2': 0.0, '3': 1.0, '4': 0.0}",0.8,QE6QGBocs
3,民生服务,"{'1': 0.1, '2': 0.0, '3': 0.9, '4': 0.0}",1.0,R1DUipiJO
1,政务发布,"{'1': 0.9, '2': 0.0, '3': 0.1, '4': 0.0}",0.8,R1EcAqMsD
2,城市问题,"{'1': 0.0, '2': 1.0, '3': 0.0, '4': 0.0}",-0.3,R1Eam9ux6
4,公众反馈/举报,"{'1': 0.0, '2': 0.0, '3': 0.0, '4': 1.0}",-1.0,R2gDled19
2,城市问题,"{'1': 0.0, '2': 1.0, '3': 0.0, '4': 0.0}",-0.8,R2ij8iRwT
1,政务发布,"{'1': 1.0, '2': 0.0, '3': 0.0, '4': 0.0}",1.0,R2gROhHTe
3,民生服务,"{'1': 0.1, '2': 0.0, '3': 0.9, '4': 0.0}",0.8,R2gHn4AQC
4,公众反馈/举报,"{'1': 0.0, '2': 0.0, '3': 0.0, '4': 1.0}",0.0,R2hZFEcEt
4,公众反馈/举报,"{'1': 0.0, '2': 0.0, '3': 0.2, '4': 0.8}",-0.5,R2fJinOvG
4,公众反馈/举报,"{'1': 0.0, '2': 0.0, '3': 0.0, '4': 1.0}",0.0,R2enQ2inX
1,政务发布,"{'1': 1.0, '2': 0.0, '3': 0.0, '4': 0.0}",0.95,R2d5ublbj
4,公众反馈/举报,"{'1': 0.0, '2': 0.0, '3': 0.0, '4': 1.0}",-1.0,QFT1jiWuU
4,公众反馈/举报,"{'1': 0.0, '2': 0.5, '3': 0.0, '4': 0.5}",-0.2,QFUNi5x2D
4,公众反馈/举报,"{'1': 0.0, '2': 0.2, '3': 0.1, '4': 0.7}",-0.9,R2fwvDOMH
3,民生服务,"{'3': 1.0, '1': 0.0, '2': 0.0, '4': 0.0}",1.0,QFXpkbzRV
4,公众反馈/举报,"{'1': 0.0, '2': 0.0, '3': 0.0, '4': 1.0}",0.0,R01nKgnNE
1,政务发布,"{'1': 1.0, '2': 0.0, '3': 0.0, '4': 0.0}",0.0,R013P2EuF
4,公众反馈/举报,"{'1': 0.0, '2': 0.0, '3': 0.0, '4': 1.0}",0.5,QFUNi5x2D
4,公众反馈/举报,"{'1': 0.0, '2': 0.0, '3': 0.0, '4': 1.0}",0.8,QFWUvywG7
4,公众反馈/举报,"{'1': 0.0, '2': 0.0, '3': 0.0, '4': 1.0}",-1.0,QFT1jiWuU
1,政务发布,"{'1': 1.0, '2': 0.0, '3': 0.0, '4': 0.0}",0.8,QFXpkbzRV
3,民生服务,"{'1': 0.0, '2': 0.0, '3': 1.0, '4': 0.0}",0.8,QFWUvywG7
1,政务发布,"{'1': 1.0, '2': 0.0, '3': 0.0, '4': 0.0}",0.0,R013P2EuF
4,公众反馈/举报,"{'1': 0.0, '2': 0.0, '3': 0.0, '4': 1.0}",-0.7,R01nKgnNE
1,政务发布,"{'1': 1.0, '2': 0.0, '3': 0.0, '4': 0.0}",0.8,R05vfraE7
1,政务发布,"{'1': 1.0, '2': 0.0, '3': 0.0, '4': 0.0}",0.9,R07yb8Pid
1,政务发布,"{'1': 1.0, '2': 0.0, '3': 0.0, '4': 0.0}",0.2,R07IBAobx
4,公众反馈/举报,"{'1': 0.0, '2': 0.2, '3': 0.1, '4': 0.7}",-0.6,R07Vu40Nq
1,政务发布,"{'1': 0.9, '2': 0.0, '3': 0.1, '4': 0.0}",0.9,R08LzEMU0
1,政务发布,"{'1': 1.0, '2': 0.0, '3': 0.0, '4': 0.0}",0.8,R07QS58Xt
4,公众反馈/举报,"{'1': 0.0, '2': 1.0, '3': 0.0, '4': 1.0}",-1.0,R07sv8wX6
1,政务发布,"{'1': 1.0, '2': 0.0, '3': 0.0, '4': 0.0}",0.0,R07Qifnht
1,政务发布,"{'1': 1.0, '2': 0.0, '3': 0.0, '4': 0.0}",0.5,R073IcOXE
2,城市问题,"{'1': 0.0, '2': 1.0, '3': 0.0, '4': 0.0}",-0.9,R08D6qEqn
4,公众反馈/举报,"{'1': 0.0, '2': 0.0, '3': 0.0, '4': 1.0}",-1.0,R26CTuqXK
4,公众反馈/举报,"{'1': 0.0, '2': 0.0, '3': 0.0, '4': 1.0}",-1.0,R23CqmTMr
4,公众反馈/举报,"{'1': 0.0, '2': 0.0, '3': 0.0, '4': 1.0}",-0.9,R26AV9sb2
1,政务发布,"{'1': 1.0, '2': 0.0, '3': 0.0, '4': 0.0}",0.5,R22P05EF5
1,政务发布,"{'1': 1.0, '2': 0.0, '3': 0.0, '4': 0.0}",0.8,R24QAho2S
4,公众反馈/举报,"{'1': 0.0, '2': 0.0, '3': 0.0, '4': 1.0}",-1.0,R2gelzZWm
4,公众反馈/举报,"{'1': 0.0, '2': 0.0, '3': 0.0, '4': 1.0}",0.0,R2dowo3Rs
1,政务发布,"{'1': 1.0, '2': 0.0, '3': 0.0, '4': 0.0}",0.5,R2hnZ9L4p
3,民生服务,"{'1': 0.1, '2': 0.0, '3': 0.9, '4': 0.0}",0.0,R2dWM6irl
4,公众反馈/举报,"{'1': 0.0, '2': 0.0, '3': 0.0, '4': 1.0}",-0.8,QDWFMBnz0
4,公众反馈/举报,"{'1': 0.0, '2': 0.1, '3': 0.2, '4': 0.7}",0.0,QDXJ6kC3c
4,公众反馈/举报,"{'1': 0.0, '2': 0.2, '3': 0.1, '4': 0.7}",-0.9,QDVPybY85
4,公众反馈/举报,"{'1': 0.0, '2': 0.0, '3': 0.0, '4': 1.0}",-0.7,QDV1P16b3
1,政务发布,"{'1': 1.0, '2': 0.0, '3': 0.0, '4': 0.0}",1.0,QDUn7Crif
1,政务发布,"{'1': 1.0, '2': 0.0, '3': 0.0, '4': 0.0}",0.5,QE02vgvFj
4,公众反馈/举报,"{'1': 0.0, '2': 0.0, '3': 0.0, '4': 1.0}",0.0,QDWvJnGP5
4,公众反馈/举报,"{'1': 0.0, '2': 0.2, '3': 0.0, '4': 0.8}",-0.9,QEjquCH9T
4,公众反馈/举报,"{'1': 0.0, '2': 0.0, '3': 0.0, '4': 1.0}",-0.6,QEh231VPo
1,政务发布,"{'1': 1.0, '2': 0.0, '3': 0.0, '4': 0.0}",0.9,QEdM2C2nt
1,政务发布,"{'1': 1.0, '2': 0.0, '3': 0.0, '4': 0.0}",0.0,QEe9ZeESK
4,公众反馈/举报,"{'1': 0.0, '2': 0.0, '3': 0.0, '4': 1.0}",-1.0,QEjmey3y6
1,政务发布,"{'1': 1.0, '2': 0.0, '3': 0.0, '4': 0.0}",0.9,R1NVkc3Xu
4,公众反馈/举报,"{'1': 0.0, '2': 0.0, '3': 0.0, '4': 1.0}",-0.8,R1MMi6S1l
4,公众反馈/举报,"{'1': 0.0, '2': 0.0, '3': 0.0, '4': 1.0}",0.6,R1P7wkNjd
4,公众反馈/举报,"{'1': 0.0, '2': 0.0, '3': 0.0, '4': 1.0}",-0.8,R0M94E1jE
1,政务发布,"{'1': 1.0, '2': 0.0, '3': 0.0, '4': 0.0}",0.8,R0HH1EuXF
1,政务发布,"{'1': 0.9, '2': 0.0, '3': 0.1, '4': 0.0}",0.6,R2isy4LoE
1,政务发布,"{'1': 1.0, '2': 0.0, '3': 0.0, '4': 0.0}",0.8,R2gQW01pj
3,民生服务,"{'1': 0.0, '2': 0.0, '3': 1.0, '4': 0.0}",0.5,R2h8s9gNg
4,公众反馈/举报,"{'1': 0.0, '2': 0.2, '3': 0.3, '4': 0.5}",-0.8,R2gqpuzet
4,公众反馈/举报,"{'1': 0.0, '2': 0.0, '3': 0.0, '4': 1.0}",-1.0,R2eh0al7R
1,政务发布,"{'1': 1.0, '2': 0.0, '3': 0.0, '4': 0.0}",1.0,R2fvPbpYE
4,公众反馈/举报,"{'1': 0.0, '2': 0.0, '3': 0.0, '4': 1.0}",-1.0,R2eD3oJZH
1,政务发布,"{'1': 1.0, '2': 0.0, '3': 0.0, '4': 0.0}",0.8,R2cB2A3TX
4,公众反馈/举报,"{'1': 0.0, '2': 0.0, '3': 0.0, '4': 1.0}",-1.0,R2bTB9rAc
1,政务发布,"{'1': 1.0, '2': 0.0, '3': 0.0, '4': 0.0}",0.8,R07gcbYHP
4,公众反馈/举报,"{'1': 0.0, '2': 0.0, '3': 0.0, '4': 1.0}",-0.3,R0742zZiw
4,公众反馈/举报,"{'1': 0.0, '2': 0.0, '3': 0.0, '4': 1.0}",-0.8,R069rkgXH
1,政务发布,"{'1': 1.0, '2': 0.0, '3': 0.0, '4': 0.0}",0.6,R06mVEeoe
3,民生服务,"{'1': 0.0, '2': 0.0, '3': 1.0, '4': 0.0}",0.8,R05TMb9Yw
1,政务发布,"{'1': 1.0, '2': 0.0, '3': 0.0, '4': 0.0}",1.0,R09jkucuM
1,政务发布,"{'1': 1.0, '2': 0.0, '3': 0.0, '4': 0.0}",0.8,R08fTmOoR
1,政务发布,"{'1': 1.0, '2': 0.0, '3': 0.0, '4': 0.0}",0.9,R08tJazG8
2,城市问题,"{'1': 0.0, '2': 1.0, '3': 0.0, '4': 0.0}",-0.2,R0USjBRMh
3,民生服务,"{'1': 0.0, '2': 0.0, '3': 1.0, '4': 0.0}",0.3,R0S7mevzf
1,政务发布,"{'1': 1.0, '2': 0.0, '3': 0.0, '4': 0.0}",0.8,R0WntFgnh
1,政务发布,"{'1': 1.0, '2': 0.0, '3': 0.0, '4': 0.0}",-0.5,R0W4IrYBE
3,民生服务,"{'1': 0.0, '2': 0.0, '3': 0.6, '4': 0.4}",0.0,R0QRm3eVC
4,公众反馈/举报,"{'1': 0.0, '2': 0.0, '3': 0.0, '4': 1.0}",0.0,R0U71dA0M
4,公众反馈/举报,"{'1': 0.0, '2': 0.0, '3': 0.0, '4': 1.0}",0.0,R0Tn93EMS
4,公众反馈/举报,"{'1': 0.0, '2': 0.0, '3': 0.0, '4': 1.0}",0.0,R1BttcuAG
4,公众反馈/举报,"{'1': 0.0, '2': 0.0, '3': 0.0, '4': 1.0}",-0.8,R1AyZ2fqw
1,政务发布,"{'1': 1.0, '2': 0.0, '3': 0.0, '4': 0.0}",0.5,R2hHkC7e3
4,公众反馈/举报,"{'1': 0.0, '2': 0.0, '3': 0.0, '4': 1.0}",0.8,R1AyUrfAe
1,政务发布,"{'1': 1.0, '2': 0.0, '3': 0.0, '4': 0.0}",0.8,R2hv7uHxH
1,政务发布,"{'1': 1.0, '2': 0.0, '3': 0.0, '4': 0.0}",0.8,R2gLvxChO
1,政务发布,"{'1': 1.0, '2': 0.0, '3': 0.0, '4': 0.0}",0.8,R2heXfBH1
1,政务发布,"{'1': 1.0, '2': 0.0, '3': 0.0, '4': 0.0}",0.0,R2ed5dkMO
3,民生服务,"{'1': 0.0, '2': 0.0, '3': 1.0, '4': 0.0}",1.0,R2fRaBjVv
2,城市问题,"{'1': 0.0, '2': 1.0, '3': 0.0, '4': 0.0}",0.0,R2dlw5JHJ
4,公众反馈/举报,"{'1': 0.0, '2': 0.0, '3': 0.2, '4': 0.8}",-0.5,R2eletA6z
1,政务发布,"{'1': 1.0, '2': 0.0, '3': 0.0, '4': 0.0}",0.5,R1C9UnPE8
4,公众反馈/举报,"{'1': 0.0, '2': 0.0, '3': 0.0, '4': 1.0}",-0.8,R1EfVkPBa
4,公众反馈/举报,"{'1': 0.0, '2': 0.0, '3': 0.0, '4': 1.0}",0.5,R1DfrmjsX
4,公众反馈/举报,"{'1': 0.0, '2': 0.0, '3': 0.0, '4': 1.0}",0.0,QFA3RqJ5Q
1,政务发布,"{'1': 1.0, '2': 0.0, '3': 0.0, '4': 0.0}",0.5,QFB3LtX5i
1,政务发布,"{'1': 1.0, '2': 0.0, '3': 0.0, '4': 0.0}",0.0,QFBM3jnTI
4,公众反馈/举报,"{'1': 0.0, '2': 0.0, '3': 0.0, '4': 1.0}",-1.0,QFmBHdFeZ
4,公众反馈/举报,"{'1': 0.0, '2': 0.8, '3': 0.0, '4': 1.0}",-1.0,QFhQOxA8w
1,政务发布,"{'1': 1.0, '2': 0.0, '3': 0.0, '4': 0.0}",0.5,QFjGzDxaR
1,政务发布,"{'1': 1.0, '2': 0.0, '3': 0.0, '4': 0.0}",0.5,QFibx42Zp
3,民生服务,"{'1': 0.0, '2': 0.0, '3': 1.0, '4': 0.0}",0.0,QFmSIliRE
2,城市问题,"{'1': 0.0, '2': 1.0, '3': 0.0, '4': 0.0}",-0.5,QFm8ZvWy4
3,民生服务,"{'1': 0.2, '2': 0.0, '3': 0.8, '4': 0.0}",0.9,QFiGHuu9E
1,政务发布,"{'1': 1.0, '2': 0.0, '3': 0.0, '4': 0.0}",0.0,QFj0jy6Ft
3,民生服务,"{'1': 0.0, '2': 0.0, '3': 1.0, '4': 0.0}",0.8,R2dl73bCT
1,政务发布,"{'1': 1.0, '2': 0.0, '3': 0.0, '4': 0.0}",0.0,QFkTi8Obz
4,公众反馈/举报,"{'1': 0.0, '2': 0.0, '3': 0.0, '4': 1.0}",0.0,R2d6xaJ1H
4,公众反馈/举报,"{'1': 0.1, '2': 0.1, '3': 0.0, '4': 0.8}",0.6,QFVEfpRkj
4,公众反馈/举报,"{'1': 0.0, '2': 0.0, '3': 0.0, '4': 1.0}",0.9,R01F1pOTT
1,政务发布,"{'1': 1.0, '2': 0.0, '3': 0.0, '4': 0.0}",0.8,QEZgrj0OO
4,公众反馈/举报,"{'1': 0.0, '2': 0.0, '3': 0.0, '4': 1.0}",-0.5,QFV1PAXfZ
4,公众反馈/举报,"{'1': 0.0, '2': 0.0, '3': 0.0, '4': 1.0}",-0.3,QEZUjFL9l
1,政务发布,"{'1': 1.0, '2': 0.0, '3': 0.0, '4': 0.0}",0.3,QEZcTpYWY
1,政务发布,"{'1': 1.0, '2': 0.0, '3': 0.0, '4': 0.0}",0.8,QEZKvoyrx
1,政务发布,"{'1': 1.0, '2': 0.0, '3': 0.0, '4': 0.0}",0.9,R00rnvEEf
1,政务发布,"{'1': 1.0, '2': 0.0, '3': 0.0, '4': 0.0}",-0.8,QFRhgkFqN
1,政务发布,"{'1': 1.0, '2': 0.0, '3': 0.0, '4': 0.0}",0.8,QFWPJ3bpC
1,政务发布,"{'1': 1.0, '2': 0.0, '3': 0.0, '4': 0.0}",0.8,QFWqWaPxD
3,民生服务,"{'1': 0.0, '2': 0.0, '3': 1.0, '4': 0.0}",1.0,QFWAof2z7
1,政务发布,"{'1': 1.0, '2': 0.0, '3': 0.0, '4': 0.0}",-0.5,QFWxoy6gE
1,政务发布,"{'1': 1.0, '2': 0.0, '3': 0.0, '4': 0.0}",0.5,QFWXtcuPN
4,公众反馈/举报,"{'1': 0.0, '2': 0.1, '3': 0.0, '4': 0.9}",-0.9,QFVVZBdjH
4,公众反馈/举报,"{'1': 0.0, '2': 0.2, '3': 0.3, '4': 0.5}",-0.2,R007WBgo3
4,公众反馈/举报,"{'1': 0.0, '2': 0.0, '3': 0.0, '4': 1.0}",-1.0,QFU7tl2PB
1,政务发布,"{'1': 1.0, '2': 0.0, '3': 0.0, '4': 0.0}",-0.5,QFRhgkFqN
1,政务发布,"{'1': 1.0, '2': 0.0, '3': 0.0, '4': 0.0}",0.8,R00rnvEEf
1,政务发布,"{'1': 1.0, '2': 0.0, '3': 0.0, '4': 0.0}",1.0,QFWPJ3bpC
1,政务发布,"{'1': 1.0, '2': 0.0, '3': 0.0, '4': 0.0}",1.0,QFWqWaPxD
3,民生服务,"{'1': 0.0, '2': 0.0, '3': 1.0, '4': 0.0}",0.8,QFWAof2z7
1,政务发布,"{'1': 1.0, '2': 0.0, '3': 0.0, '4': 0.0}",0.8,QFWXtcuPN
4,公众反馈/举报,"{'1': 0.0, '2': 0.5, '3': 0.0, '4': 1.0}",-0.9,QFVVZBdjH
1,政务发布,"{'1': 1.0, '2': 0.0, '3': 0.0, '4': 0.0}",1.0,QFWxoy6gE
4,公众反馈/举报,"{'1': 0.0, '2': 0.3, '3': 0.0, '4': 0.7}",0.2,R007WBgo3
4,公众反馈/举报,"{'1': 0.0, '2': 0.3, '3': 0.0, '4': 0.7}",-0.8,QFU7tl2PB
4,公众反馈/举报,"{'1': 0.0, '2': 0.0, '3': 0.0, '4': 1.0}",-0.8,QEUfzb2ro
1,政务发布,"{'1': 1.0, '2': 0.0, '3': 0.0, '4': 0.0}",0.8,QERHfiohL
1,政务发布,"{'1': 1.0, '2': 0.0, '3': 0.0, '4': 0.0}",0.5,R2iwZo63w
2,城市问题,"{'1': 0.0, '2': 1.0, '3': 0.0, '4': 0.0}",-0.8,R2gLFjTiw
3,民生服务,"{'1': 0.2, '2': 0.0, '3': 0.8, '4': 0.0}",0.8,R2he1gaOC
1,政务发布,"{'1': 1.0, '2': 0.0, '3': 0.0, '4': 0.0}",0.8,R2gIOiNUC